lon_orig,lat_orig,lon_dest,lat_dest,req_time
13.35398,52.494741,13.357714,52.523664,32
13.52005,52.486764,13.575932,52.484208,56
13.523396,52.425535,13.538662,52.451005,72
13.593611,52.445064,13.596655,52.422276,84
13.355076,52.518392,13.322516,52.497272,121
13.438979,52.4702,13.402939,52.596822,726
13.596655,52.422276,13.593611,52.445064,1155
13.357714,52.523664,13.35398,52.494741,1660
13.538662,52.451005,13.523396,52.425535,1684
13.310121,52.493447,13.305801,52.469391,2234
13.26396,52.516489,13.341386,52.575293,2336
13.343076,52.526348,13.370703,52.515884,2419
13.270019,52.443574,13.291933,52.477227,2485
13.272303,52.518682,13.281068,52.524241,2723
13.322516,52.497272,13.355076,52.518392,2875
13.307596,52.503621,13.287354,52.516479,3153
13.414072,52.498442,13.45348,52.480627,3287
13.382189,52.59872,13.375507,52.587079,3444
13.511759,52.415007,13.510417,52.404545,3474
13.281068,52.524241,13.313443,52.499162,3503
13.303072,52.494073,13.322597,52.487718,3506
13.355918,52.520863,13.366984,52.507632,3579
13.165114,52.533312,13.142465,52.549827,3611
13.129913,52.544986,13.153235,52.552373,3739
13.592217,52.419082,13.459366,52.440561,3739
13.370703,52.515884,13.343076,52.526348,3827
13.305801,52.469391,13.208009,52.547594,3858
13.301034,52.490878,13.303072,52.505523,4185
13.313443,52.499162,13.345315,52.519097,4192
13.510417,52.404545,13.511759,52.415007,4241
13.375507,52.587079,13.382189,52.59872,4298
13.341386,52.575293,13.26396,52.516489,4428
13.392693,52.564167,13.366405,52.553491,4441
13.45348,52.480627,13.414072,52.498442,4568
13.366984,52.507632,13.355918,52.520863,4647
13.153235,52.552373,13.129913,52.544986,4797
13.508814,52.469913,13.573875,52.491731,4831
13.303072,52.505523,13.301034,52.490878,4892
13.178691,52.549948,13.253195,52.521259,4963
13.345315,52.519097,13.272303,52.518682,4993
13.440723,52.553688,13.42653,52.542959,5275
13.376167,52.536105,13.409717,52.538568,5423
13.30957,52.456084,13.316053,52.50768,5529
13.366405,52.553491,13.392693,52.564167,5540
13.287354,52.516479,13.307596,52.503621,5623
13.402939,52.596822,13.423647,52.589125,5882
13.386336,52.418639,13.437898,52.44743,5893
13.142465,52.549827,13.165114,52.533312,6338
13.573875,52.491731,13.508814,52.469913,6496
13.423647,52.589125,13.438979,52.4702,6569
13.344155,52.508127,13.333312,52.526997,6578
13.452857,52.48494,13.344893,52.461377,6642
13.316053,52.50768,13.30957,52.456084,6794
13.253195,52.521259,13.178691,52.549948,7027
13.333312,52.526997,13.344155,52.508127,7639
13.437898,52.44743,13.386336,52.418639,7817
13.344893,52.461377,13.342391,52.448302,8095
13.475351,52.544274,13.48901,52.515344,8172
13.500008,52.548008,13.516123,52.546338,8243
13.574893,52.542434,13.588844,52.539326,8360
13.334814,52.511424,13.376499,52.512348,8434
13.342391,52.448302,13.452857,52.48494,8502
13.390668,52.540249,13.445715,52.558426,8714
13.490595,52.420282,13.538109,52.428822,8897
13.516123,52.546338,13.500008,52.548008,8986
13.615649,52.518283,13.619939,52.525172,9124
13.599824,52.452125,13.557483,52.445771,9136
13.367013,52.412663,13.379614,52.437798,9181
13.376499,52.512348,13.334814,52.511424,9368
13.54289,52.544518,13.528881,52.553714,9534
13.667216,52.423746,13.575265,52.424324,9563
13.481872,52.514247,13.31316,52.54349,9664
13.429025,52.477303,13.464613,52.501583,9711
13.51305,52.467262,13.50628,52.437519,9755
13.324863,52.527793,13.375065,52.461703,9880
13.528881,52.553714,13.54289,52.544518,10153
13.619939,52.525172,13.615649,52.518283,10348
13.379614,52.437798,13.367013,52.412663,10420
13.642862,52.373316,13.551729,52.405124,10457
13.322597,52.487718,13.303072,52.494073,10609
13.338249,52.451898,13.312928,52.430478,10629
13.557483,52.445771,13.599824,52.452125,10844
13.538109,52.428822,13.490595,52.420282,10850
13.588844,52.539326,13.574893,52.542434,10950
13.57554,52.546496,13.595118,52.518472,11349
13.445715,52.558426,13.390668,52.540249,11439
13.50628,52.437519,13.51305,52.467262,11633
13.331526,52.42166,13.372697,52.419634,11650
13.488432,52.61626,13.442196,52.590949,11656
13.450117,52.496513,13.455874,52.487599,11735
13.423911,52.544042,13.432764,52.536143,11865
13.508117,52.450392,13.485752,52.472946,11930
13.389059,52.434182,13.382553,52.415179,12045
13.346668,52.418316,13.333216,52.483941,12156
13.210989,52.546053,13.198925,52.553977,12200
13.147962,52.532797,13.241366,52.518211,12209
13.267308,52.539631,13.208336,52.561655,12275
13.595118,52.518472,13.612392,52.524277,12341
13.449686,52.547836,13.432215,52.55052,12351
13.464613,52.501583,13.437995,52.520316,12352
13.476913,52.476634,13.460531,52.493949,12399
13.573875,52.491731,13.503386,52.511845,12502
13.50498,52.455456,13.558717,52.426162,12760
13.43389,52.609537,13.413484,52.604848,12763
13.312928,52.430478,13.338249,52.451898,12766
13.327151,52.405703,13.371487,52.445532,13063
13.455874,52.487599,13.450117,52.496513,13137
13.558084,52.45573,13.584209,52.461368,13159
13.442196,52.590949,13.350914,52.544053,13161
13.422477,52.559858,13.447537,52.535846,13184
13.262819,52.527546,13.299482,52.546525,13219
13.50795,52.512201,13.488238,52.511686,13220
13.506149,52.568044,13.522139,52.499949,13257
13.583018,52.463433,13.592977,52.447481,13295
13.42889,52.485394,13.463984,52.438338,13303
13.612343,52.516908,13.553861,52.566285,13379
13.50139,52.565156,13.521887,52.525881,13408
13.341184,52.4812,13.409796,52.516207,13521
13.304229,52.526666,13.306209,52.502037,13577
13.295814,52.451041,13.339078,52.471445,13714
13.333216,52.483941,13.346668,52.418316,13794
13.634013,52.394541,13.693243,52.371723,13820
13.463753,52.466408,13.47096,52.51832,13839
13.612392,52.524277,13.57554,52.546496,13878
13.488238,52.511686,13.50795,52.512201,13899
13.410664,52.414037,13.396763,52.418795,13904
13.375065,52.461703,13.373935,52.55051,13958
13.588842,52.526636,13.620617,52.501957,14045
13.460531,52.493949,13.476913,52.476634,14047
13.413484,52.604848,13.43389,52.609537,14105
13.349969,52.52626,13.362772,52.56661,14137
13.435776,52.53811,13.436579,52.515309,14149
13.372697,52.419634,13.369232,52.420717,14200
13.334818,52.417246,13.306872,52.419635,14205
13.558717,52.426162,13.50498,52.455456,14274
13.532973,52.538706,13.554319,52.557571,14343
13.459366,52.440561,13.478597,52.471562,14444
13.551729,52.405124,13.642862,52.373316,14469
13.501482,52.559637,13.58282,52.523886,14470
13.369232,52.420717,13.280634,52.516912,14472
13.211157,52.547355,13.196601,52.535227,14534
13.371658,52.423592,13.357548,52.413141,14546
13.371487,52.445532,13.369462,52.448503,14636
13.440386,52.496587,13.464618,52.505286,14706
13.350914,52.544053,13.287045,52.540173,14709
13.354456,52.538467,13.330177,52.525658,14743
13.463984,52.438338,13.42889,52.485394,14754
13.299482,52.546525,13.262819,52.527546,14777
13.424153,52.57606,13.392374,52.575513,14791
13.196028,52.560225,13.174128,52.550748,14835
13.326028,52.479888,13.30958,52.479181,14852
13.127173,52.453022,13.128767,52.465885,14862
13.356372,52.52554,13.368916,52.526177,14878
13.42653,52.542959,13.440723,52.553688,14902
13.42509,52.467132,13.418077,52.480114,14925
13.584209,52.461368,13.558084,52.45573,14949
13.554319,52.557571,13.532973,52.538706,15007
13.512986,52.57041,13.604592,52.538682,15035
13.436579,52.515309,13.435776,52.53811,15036
13.447537,52.535846,13.422477,52.559858,15066
13.608029,52.528677,13.611742,52.512971,15067
13.50135,52.560106,13.565054,52.569993,15128
13.31825,52.594758,13.314433,52.586083,15162
13.51583,52.494206,13.544076,52.516561,15218
13.620617,52.501957,13.612194,52.512039,15242
13.31316,52.54349,13.475351,52.544274,15255
13.547842,52.537353,13.416303,52.540322,15268
13.430152,52.439902,13.414259,52.439572,15323
13.409717,52.538568,13.376167,52.536105,15337
13.535164,52.43969,13.549593,52.432609,15347
13.273115,52.44231,13.278626,52.472124,15355
13.437453,52.618696,13.457963,52.603122,15390
13.357548,52.413141,13.371658,52.423592,15395
13.306209,52.502037,13.30742,52.501161,15404
13.328846,52.420522,13.316866,52.434353,15410
13.482209,52.445894,13.489259,52.467393,15413
13.145573,52.543497,13.200487,52.54963,15415
13.555751,52.450062,13.566163,52.437963,15435
13.578398,52.509484,13.593306,52.509527,15444
13.30742,52.501161,13.334199,52.454676,15574
13.347647,52.45908,13.359239,52.522478,15656
13.411241,52.537372,13.473122,52.531405,15662
13.150889,52.557375,13.129227,52.548705,15682
13.503386,52.511845,13.480035,52.50868,15684
13.339078,52.471445,13.295814,52.451041,15687
13.333784,52.581454,13.319237,52.447744,15794
13.414259,52.439572,13.430152,52.439902,15796
13.306872,52.419635,13.334818,52.417246,15809
13.522139,52.499949,13.506149,52.568044,15811
13.409796,52.516207,13.341184,52.4812,15818
13.346096,52.494517,13.359735,52.504193,15886
13.611742,52.512971,13.608029,52.528677,15900
13.497774,52.503199,13.467317,52.502727,15911
13.226313,52.426286,13.232365,52.437664,15940
13.306579,52.434054,13.351862,52.474652,15944
13.363301,52.437161,13.385873,52.445571,15948
13.478597,52.471562,13.592217,52.419082,15980
13.123914,52.528894,13.129227,52.548705,15986
13.625079,52.54064,13.502806,52.562559,15991
13.386516,52.388781,13.382712,52.423068,15997
13.521887,52.525881,13.50139,52.565156,16034
13.50259,52.565321,13.470435,52.530387,16046
13.625898,52.382826,13.574372,52.413318,16104
13.268736,52.47977,13.316968,52.443177,16148
13.553861,52.566285,13.612343,52.516908,16179
13.319022,52.578699,13.368368,52.596652,16256
13.575204,52.546986,13.574501,52.533541,16291
13.437995,52.520316,13.45615,52.496834,16309
13.385707,52.478206,13.406161,52.482664,16406
13.389029,52.510296,13.346224,52.500177,16434
13.438131,52.530344,13.442447,52.546486,16547
13.316866,52.434353,13.328846,52.420522,16551
13.625678,52.534125,13.589411,52.523204,16589
13.324378,52.588012,13.299915,52.59905,16673
13.334199,52.454676,13.304229,52.526666,16677
13.48743,52.545318,13.440571,52.517094,16706
13.280634,52.516912,13.331526,52.42166,16713
13.30958,52.479181,13.326028,52.479888,16728
13.396763,52.418795,13.410664,52.414037,16759
13.369961,52.458437,13.332813,52.457487,16766
13.483271,52.576269,13.424546,52.604095,16770
13.433593,52.445298,13.398735,52.443469,16773
13.287045,52.540173,13.36288,52.52445,16787
13.549593,52.432609,13.535164,52.43969,16788
13.392374,52.575513,13.424153,52.57606,16983
13.351862,52.474652,13.306579,52.434054,17004
13.610815,52.535533,13.618184,52.511103,17033
13.449294,52.514902,13.410298,52.521746,17066
13.478702,52.48169,13.421329,52.447235,17068
13.232252,52.541556,13.227289,52.559114,17096
13.575562,52.408358,13.667153,52.411955,17117
13.45615,52.496834,13.429025,52.477303,17158
13.406161,52.482664,13.385707,52.478206,17160
13.198445,52.555303,13.17336,52.545741,17182
13.566163,52.437963,13.555751,52.450062,17202
13.136863,52.548119,13.175855,52.519959,17207
13.326789,52.463118,13.284761,52.474061,17230
13.37003,52.492849,13.332827,52.506629,17313
13.569205,52.527213,13.53634,52.525802,17320
13.447719,52.555256,13.497141,52.546508,17337
13.446574,52.521361,13.394618,52.555112,17351
13.319986,52.505227,13.309329,52.511861,17354
13.473122,52.531405,13.411241,52.537372,17356
13.198925,52.553977,13.210989,52.546053,17426
13.330177,52.525658,13.290475,52.479221,17440
13.261932,52.503821,13.29373,52.484299,17445
13.592977,52.447481,13.583018,52.463433,17482
13.319366,52.489453,13.604465,52.452341,17508
13.365214,52.542208,13.369273,52.559417,17533
13.332882,52.44858,13.319101,52.453525,17540
13.368368,52.596652,13.319022,52.578699,17581
13.398735,52.443469,13.500621,52.474367,17598
13.227832,52.426459,13.278405,52.47413,17665
13.273967,52.483543,13.314701,52.489999,17671
13.373935,52.55051,13.324863,52.527793,17749
13.51583,52.494206,13.526439,52.481245,17756
13.194153,52.430884,13.214271,52.428343,17765
13.382712,52.423068,13.385603,52.435571,17787
13.445676,52.534844,13.420221,52.536123,17787
13.25919,52.521743,13.292792,52.501007,17791
13.416303,52.540322,13.547842,52.537353,17824
13.300596,52.429123,13.273709,52.435895,17833
13.332813,52.457487,13.369961,52.458437,17897
13.470435,52.530387,13.471334,52.532587,17907
13.453168,52.54436,13.410664,52.414037,17927
13.411055,52.554082,13.374138,52.556538,17946
13.293584,52.599074,13.320559,52.454569,17976
13.469517,52.547034,13.454987,52.528475,17991
13.373329,52.422934,13.492283,52.420216,18009
13.309329,52.511861,13.319986,52.505227,18036
13.529026,52.426361,13.434924,52.428341,18055
13.440571,52.517094,13.48743,52.545318,18058
13.574501,52.533541,13.575204,52.546986,18092
13.565054,52.569993,13.50135,52.560106,18111
13.618184,52.511103,13.610815,52.535533,18144
13.284761,52.474061,13.326789,52.463118,18161
13.322724,52.62273,13.292671,52.623206,18201
13.200487,52.54963,13.145573,52.543497,18209
13.377903,52.474342,13.386889,52.484905,18237
13.365145,52.569898,13.366799,52.542927,18242
13.480035,52.50868,13.573875,52.491731,18258
13.268893,52.404402,13.649018,52.413189,18261
13.485615,52.630279,13.369995,52.570283,18277
13.415888,52.439912,13.387492,52.439512,18280
13.553811,52.549462,13.558976,52.445571,18302
13.424546,52.604095,13.483271,52.576269,18325
13.214726,52.508962,13.204215,52.532319,18347
13.29479,52.582939,13.228483,52.506357,18366
13.387174,52.536947,13.410298,52.521746,18397
13.5123,52.562905,13.511897,52.554624,18399
13.315499,52.479754,13.291148,52.513239,18416
13.502806,52.562559,13.505583,52.536002,18421
13.482011,52.40539,13.49644,52.415786,18434
13.339548,52.609833,13.336282,52.595661,18456
13.369273,52.559417,13.387568,52.579802,18471
13.227289,52.559114,13.232252,52.541556,18477
13.489259,52.467393,13.472036,52.459304,18489
13.352217,52.496793,13.409216,52.501753,18511
13.314433,52.586083,13.31825,52.594758,18522
13.472311,52.547691,13.53709,52.388994,18560
13.275358,52.512781,13.370146,52.465319,18566
13.32107,52.580096,13.320765,52.464399,18586
13.378228,52.49935,13.37574,52.508321,18595
13.318714,52.57286,13.332915,52.578094,18629
13.28252,52.538164,13.497774,52.503199,18632
13.385603,52.435571,13.372966,52.436815,18676
13.497045,52.443154,13.473916,52.445548,18683
13.290475,52.479221,13.285269,52.509645,18712
13.413313,52.553686,13.393933,52.554905,18712
13.58282,52.523886,13.618991,52.496191,18738
13.428814,52.484388,13.197356,52.50611,18754
13.230892,52.548769,13.217291,52.53782,18793
13.328487,52.483823,13.315849,52.506253,18807
13.379203,52.59578,13.311925,52.518393,18828
13.386889,52.484905,13.377903,52.474342,18828
13.442346,52.557308,13.427198,52.544469,18829
13.582699,52.547964,13.555243,52.532008,18833
13.346819,52.412679,13.369777,52.418401,18858
13.159558,52.555664,13.142156,52.537356,18872
13.180855,52.558589,13.205342,52.56218,18924
13.611419,52.477978,13.579619,52.458922,18925
13.186504,52.511666,13.286931,52.472276,18930
13.497141,52.546508,13.447719,52.555256,18933
13.185588,52.551478,13.207472,52.538765,18986
13.279803,52.541006,13.293475,52.536768,18997
13.561362,52.438197,13.564325,52.42677,19007
13.45852,52.557703,13.426746,52.543711,19009
13.382693,52.561319,13.383122,52.592742,19031
13.327456,52.524358,13.305251,52.51143,19049
13.356134,52.596685,13.245632,52.507562,19050
13.382553,52.415179,13.389059,52.434182,19073
13.435587,52.538185,13.431128,52.528883,19073
13.378652,52.415449,13.257134,52.453859,19074
13.540315,52.435157,13.552859,52.430571,19110
13.474283,52.514602,13.455923,52.51935,19127
13.613593,52.50962,13.505485,52.647167,19140
13.568149,52.545111,13.384907,52.561859,19176
13.456084,52.484136,13.353785,52.445727,19177
13.321471,52.468803,13.330174,52.477289,19199
13.433254,52.460671,13.449465,52.451638,19206
13.323381,52.625913,13.270687,52.515267,19218
13.374138,52.556538,13.411055,52.554082,19237
13.288119,52.477188,13.357331,52.506467,19240
13.358327,52.538765,13.344341,52.538322,19244
13.451523,52.520402,13.48543,52.530631,19255
13.314277,52.508868,13.319378,52.492778,19275
13.475351,52.544274,13.459101,52.517451,19278
13.232136,52.516367,13.458489,52.562098,19287
13.323951,52.525413,13.231192,52.587913,19288
13.221776,52.526297,13.184599,52.547615,19305
13.394618,52.555112,13.423906,52.567552,19322
13.449011,52.51123,13.45801,52.489406,19325
13.613218,52.508637,13.51105,52.496083,19335
13.346645,52.566884,13.366799,52.542927,19341
13.528535,52.565375,13.45221,52.525148,19358
13.25909,52.510502,13.28461,52.576902,19360
13.421329,52.447235,13.344943,52.460621,19362
13.415291,52.515278,13.308936,52.547697,19377
13.486547,52.541006,13.454987,52.528475,19384
13.389033,52.423074,13.382231,52.489858,19398
13.309131,52.55768,13.293939,52.537006,19400
13.387568,52.579802,13.26752,52.447205,19402
13.354819,52.45881,13.319863,52.443612,19411
13.420221,52.536123,13.445676,52.534844,19412
13.450069,52.515621,13.447346,52.48836,19413
13.29373,52.484299,13.261932,52.503821,19426
13.278626,52.472124,13.273115,52.44231,19461
13.305213,52.502713,13.316384,52.440371,19466
13.566967,52.443201,13.540315,52.435157,19469
13.574963,52.398956,13.574372,52.413318,19486
13.453278,52.547675,13.427198,52.544469,19489
13.687082,52.435022,13.691614,52.451611,19492
13.17327,52.552329,13.207472,52.538765,19497
13.600717,52.529406,13.576354,52.422719,19503
13.196601,52.535227,13.185459,52.523171,19513
13.667153,52.411955,13.382329,52.485004,19526
13.430152,52.439902,13.449254,52.452378,19529
13.204922,52.530181,13.207472,52.538765,19531
13.521228,52.575005,13.370563,52.556813,19541
13.307967,52.572099,13.186013,52.544833,19544
13.269935,52.51372,13.266112,52.518066,19548
13.555243,52.532008,13.582699,52.547964,19548
13.277919,52.452809,13.278273,52.468578,19550
13.427039,52.475512,13.431401,52.467514,19552
13.587642,52.466805,13.527772,52.510338,19564
13.473669,52.495827,13.459058,52.538814,19569
13.36288,52.52445,13.488432,52.61626,19576
13.345934,52.516205,13.333966,52.511631,19580
13.219575,52.513891,13.443655,52.464238,19581
13.477727,52.510138,13.36998,52.515857,19586
13.359076,52.521986,13.266112,52.518066,19587
13.400281,52.588451,13.412149,52.531214,19588
13.618991,52.496191,13.501482,52.559637,19609
13.318691,52.574065,13.274639,52.577433,19609
13.434924,52.428341,13.282873,52.540658,19616
13.428258,52.458161,13.334725,52.466219,19625
13.386386,52.489513,13.353748,52.476158,19633
13.297243,52.489635,13.321582,52.477412,19634
13.37574,52.508321,13.378228,52.49935,19640
13.417278,52.536734,13.403637,52.52311,19643
13.582256,52.481967,13.579592,52.512793,19645
13.369462,52.448503,13.327151,52.405703,19668
13.510268,52.414379,13.311516,52.430485,19670
13.542934,52.50544,13.582693,52.511763,19685
13.262309,52.439361,13.35096,52.596411,19686
13.313529,52.525763,13.33424,52.541088,19697
13.552815,52.409253,13.541841,52.525532,19699
13.636024,52.391332,13.459277,52.434289,19701
13.364858,52.451369,13.373117,52.452056,19704
13.416033,52.459584,13.261368,52.485664,19719
13.138199,52.533107,13.156482,52.458859,19719
13.560998,52.525155,13.53634,52.525802,19721
13.280835,52.587054,13.332329,52.555354,19726
13.283476,52.47643,13.290155,52.496947,19729
13.315849,52.506253,13.328487,52.483823,19744
13.516504,52.413634,13.338905,52.465282,19748
13.473916,52.445548,13.462167,52.450952,19761
13.449465,52.451638,13.433254,52.460671,19761
13.194151,52.522068,13.19515,52.512208,19765
13.492283,52.420216,13.373329,52.422934,19794
13.204215,52.532319,13.214726,52.508962,19810
13.43299,52.626254,13.459364,52.512505,19812
13.393933,52.554905,13.413313,52.553686,19816
13.162262,52.522394,13.196601,52.535227,19816
13.264309,52.495815,13.380832,52.603445,19829
13.440358,52.433577,13.344469,52.464859,19849
13.516791,52.567818,13.594694,52.519781,19849
13.426681,52.46581,13.463984,52.438338,19862
13.403234,52.383739,13.499013,52.433567,19863
13.449918,52.51999,13.467298,52.609487,19867
13.294567,52.474215,13.374516,52.456344,19869
13.332678,52.472479,13.371024,52.432991,19869
13.586197,52.436033,13.562712,52.446007,19870
13.356646,52.539215,13.368916,52.526177,19871
13.646169,52.380909,13.574372,52.413318,19895
13.299416,52.616095,13.182798,52.518461,19899
13.315804,52.443136,13.321833,52.450951,19910
13.509179,52.503341,13.475515,52.513553,19918
13.426746,52.543711,13.411231,52.496615,19927
13.608308,52.53953,13.432937,52.557297,19928
13.372966,52.436815,13.387608,52.438999,19930
13.591979,52.539607,13.592711,52.532965,19944
13.596716,52.521488,13.588781,52.512706,19945
13.469782,52.437556,13.484226,52.447711,19945
13.324453,52.522999,13.256084,52.442824,19959
13.349274,52.446839,13.365422,52.479565,19960
13.574744,52.55349,13.55433,52.557876,19962
13.530153,52.422401,13.572896,52.405689,19970
13.40817,52.592437,13.38101,52.511037,19978
13.171805,52.549881,13.181117,52.482745,19979
13.205342,52.56218,13.191397,52.547699,19985
13.481289,52.510048,13.554224,52.544046,20006
13.166414,52.52398,13.373117,52.452056,20006
13.628998,52.451394,13.593874,52.447478,20011
13.610095,52.507825,13.557035,52.525181,20013
13.292792,52.501007,13.25919,52.521743,20018
13.260228,52.452486,13.269347,52.537758,20032
13.433593,52.445298,13.507573,52.463314,20043
13.498043,52.457836,13.319424,52.459426,20056
13.430963,52.568671,13.366087,52.57457,20061
13.561322,52.519336,13.511848,52.54633,20063
13.352649,52.559266,13.323427,52.562832,20065
13.565946,52.563978,13.470764,52.555197,20072
13.421904,52.38286,13.252286,52.406413,20083
13.323725,52.494374,13.307153,52.500094,20091
13.445188,52.482275,13.456079,52.473747,20093
13.61671,52.540755,13.548801,52.557886,20095
13.429518,52.576391,13.467464,52.573832,20100
13.493833,52.538075,13.464724,52.524409,20106
13.457963,52.603122,13.322156,52.522063,20108
13.450129,52.546977,13.478827,52.614286,20120
13.402274,52.422927,13.288728,52.513103,20126
13.476647,52.555654,13.411543,52.512789,20128
13.470256,52.591134,13.442502,52.590828,20136
13.44414,52.552685,13.386307,52.553413,20137
13.408513,52.396843,13.405814,52.416378,20139
13.512126,52.464361,13.54699,52.440165,20147
13.325836,52.578155,13.30867,52.485734,20152
13.545556,52.5541,13.586222,52.538166,20157
13.45058,52.550809,13.360738,52.523791,20159
13.319378,52.492778,13.308041,52.472467,20161
13.313686,52.4184,13.282107,52.416185,20163
13.387608,52.438999,13.392644,52.429889,20170
13.223316,52.544075,13.319613,52.536992,20173
13.379641,52.494597,13.376896,52.501945,20182
13.184599,52.547615,13.196601,52.535227,20209
13.288494,52.4774,13.293884,52.479004,20218
13.339078,52.471445,13.36412,52.475554,20220
13.458406,52.549823,13.39236,52.555525,20220
13.500058,52.56458,13.444518,52.547593,20226
13.292671,52.623206,13.31135,52.439735,20229
13.4576,52.545977,13.427198,52.544469,20234
13.36412,52.475554,13.342028,52.490537,20238
13.29931,52.447866,13.32183,52.50189,20243
13.419579,52.547752,13.424999,52.540308,20245
13.592855,52.52065,13.604592,52.538682,20247
13.399758,52.577133,13.373485,52.556878,20249
13.605192,52.529291,13.579527,52.51754,20254
13.36045,52.597363,13.228684,52.505115,20273
13.568424,52.48669,13.480402,52.583503,20275
13.369777,52.418401,13.346819,52.412679,20276
13.402617,52.502182,13.264745,52.505337,20305
13.349353,52.508572,13.342541,52.531998,20320
13.618697,52.45532,13.598648,52.534925,20330
13.402513,52.514648,13.384218,52.510011,20338
13.358941,52.506143,13.309874,52.525731,20341
13.341285,52.433719,13.289405,52.41847,20344
13.389572,52.618405,13.326667,52.530955,20349
13.455923,52.51935,13.474283,52.514602,20358
13.37444,52.47893,13.369944,52.553028,20359
13.538435,52.569695,13.469153,52.602274,20363
13.511897,52.554624,13.5123,52.562905,20371
13.511645,52.454616,13.532921,52.459375,20372
13.567956,52.555423,13.516123,52.546338,20372
13.329739,52.523847,13.262305,52.513208,20375
13.340236,52.452918,13.32114,52.465626,20376
13.358402,52.537847,13.429849,52.574311,20386
13.33145,52.443536,13.322785,52.455209,20393
13.179852,52.526723,13.24146,52.509538,20403
13.325814,52.532474,13.393166,52.517194,20411
13.500633,52.615962,13.471038,52.615354,20413
13.485291,52.547008,13.523649,52.478881,20417
13.388331,52.533923,13.350526,52.513178,20432
13.440898,52.492456,13.335219,52.505353,20436
13.374948,52.487678,13.315124,52.438075,20438
13.278273,52.468578,13.277919,52.452809,20439
13.356101,52.607074,13.493115,52.523021,20449
13.367403,52.497409,13.341459,52.520659,20452
13.452367,52.512492,13.468401,52.545385,20453
13.335444,52.426307,13.333802,52.438621,20455
13.430679,52.475198,13.340289,52.475485,20459
13.312992,52.48059,13.425269,52.473107,20486
13.324841,52.491342,13.288785,52.479329,20490
13.328495,52.449914,13.333977,52.515414,20494
13.424383,52.444771,13.345507,52.419758,20511
13.426193,52.499384,13.375273,52.528269,20512
13.426796,52.504831,13.599157,52.505943,20514
13.222534,52.424114,13.248535,52.44942,20529
13.57727,52.553223,13.480459,52.535295,20536
13.575932,52.484208,13.52005,52.486764,20546
13.348659,52.440205,13.298173,52.447214,20549
13.444537,52.470042,13.459176,52.444572,20552
13.142156,52.537356,13.162482,52.520118,20562
13.300674,52.420809,13.318715,52.498186,20562
13.442987,52.483847,13.351155,52.425635,20564
13.468427,52.559836,13.452132,52.527701,20572
13.484226,52.447711,13.381326,52.457236,20574
13.598067,52.429626,13.478702,52.48169,20583
13.245834,52.522514,13.264528,52.50906,20585
13.214271,52.428343,13.232365,52.437664,20596
13.371439,52.580134,13.270496,52.537754,20597
13.191397,52.547699,13.382712,52.468606,20606
13.462167,52.450952,13.286641,52.512254,20610
13.387383,52.446802,13.33515,52.488035,20623
13.291148,52.513239,13.315499,52.479754,20626
13.571899,52.568357,13.576197,52.561137,20630
13.464868,52.572085,13.506986,52.57738,20630
13.406019,52.404332,13.346347,52.436708,20630
13.285474,52.587767,13.108724,52.40844,20639
13.43659,52.439797,13.376723,52.470033,20641
13.133288,52.472294,13.123421,52.466843,20643
13.336704,52.597867,13.373498,52.594579,20650
13.257053,52.435004,13.269892,52.450918,20653
13.361027,52.540738,13.360738,52.523791,20660
13.293859,52.484189,13.45717,52.453323,20674
13.628664,52.506879,13.507506,52.536652,20685
13.444872,52.448387,13.468129,52.427654,20686
13.297337,52.421295,13.242115,52.436654,20687
13.283883,52.585825,13.321591,52.577313,20687
13.424749,52.502106,13.451219,52.465143,20689
13.448742,52.61801,13.455048,52.559283,20695
13.419563,52.465024,13.444284,52.463691,20698
13.512139,52.538067,13.604592,52.538682,20699
13.557035,52.525181,13.594538,52.539052,20700
13.378633,52.451102,13.293752,52.548188,20701
13.174128,52.550748,13.282873,52.540658,20705
13.50329,52.575854,13.581424,52.551891,20711
13.379294,52.582685,13.412337,52.567376,20721
13.404617,52.549179,13.428037,52.546715,20723
13.337396,52.462585,13.257176,52.518808,20724
13.440899,52.425806,13.335138,52.436592,20735
13.389555,52.529747,13.368916,52.526177,20737
13.498844,52.538946,13.388331,52.533923,20743
13.310121,52.493447,13.303132,52.475199,20744
13.355514,52.596656,13.317512,52.559852,20748
13.351141,52.490523,13.405905,52.537364,20749
13.147578,52.458172,13.118621,52.450488,20765
13.442502,52.590828,13.40736,52.613638,20778
13.392856,52.391376,13.41991,52.414987,20787
13.387173,52.457922,13.334806,52.410066,20798
13.324241,52.478721,13.284612,52.473991,20799
13.319906,52.578194,13.182142,52.549437,20801
13.286151,52.495984,13.402398,52.46477,20803
13.311481,52.6127,13.301214,52.599548,20804
13.354155,52.541616,13.283459,52.579917,20805
13.353748,52.476158,13.296656,52.588176,20810
13.300384,52.500268,13.345671,52.416,20810
13.474663,52.511012,13.468497,52.436062,20823
13.348912,52.457619,13.341709,52.502296,20833
13.430411,52.524964,13.417993,52.515461,20840
13.388924,52.497616,13.449471,52.522081,20840
13.48167,52.515669,13.550963,52.553984,20841
13.321968,52.517751,13.282628,52.506474,20848
13.285269,52.509645,13.354456,52.538467,20857
13.323427,52.562832,13.352649,52.559266,20859
13.200134,52.546964,13.194803,52.513505,20860
13.496104,52.443616,13.521542,52.491176,20862
13.57727,52.553223,13.538662,52.451005,20863
13.423536,52.490527,13.391731,52.497916,20864
13.350689,52.441188,13.463753,52.466408,20866
13.175667,52.553195,13.216891,52.527102,20875
13.521481,52.466389,13.477809,52.504672,20881
13.196601,52.535227,13.197423,52.549175,20884
13.708277,52.395243,13.569889,52.394692,20885
13.379617,52.494301,13.499653,52.536725,20886
13.454211,52.515705,13.447221,52.535643,20892
13.48757,52.419934,13.512748,52.412136,20896
13.154438,52.55832,13.292669,52.517895,20899
13.475515,52.513553,13.49306,52.521826,20899
13.472111,52.504294,13.538662,52.451005,20902
13.283282,52.655085,13.342445,52.458807,20903
13.147706,52.523552,13.249981,52.450097,20905
13.300391,52.50797,13.324804,52.494038,20913
13.62039,52.485387,13.625466,52.456952,20918
13.363757,52.581229,13.372262,52.59232,20919
13.332621,52.516346,13.324804,52.494038,20924
13.38633,52.490061,13.382329,52.485004,20924
13.576055,52.390862,13.574372,52.413318,20928
13.50236,52.424752,13.506515,52.405188,20934
13.473384,52.522963,13.435651,52.536099,20934
13.459181,52.521216,13.412348,52.540163,20946
13.590208,52.435116,13.542662,52.491352,20947
13.503356,52.504476,13.447221,52.535643,20952
13.262286,52.481745,13.305749,52.533677,20962
13.359688,52.525097,13.455325,52.478097,20970
13.431401,52.467514,13.43598,52.455389,20975
13.292209,52.510747,13.249405,52.55279,20975
13.361784,52.568517,13.294002,52.551699,20998
13.273372,52.43083,13.280874,52.437022,20998
13.486649,52.551871,13.556934,52.56061,20998
13.330398,52.453497,13.481126,52.475862,20999
13.524936,52.406713,13.309572,52.474454,21006
13.262725,52.452343,13.265562,52.454829,21011
13.577623,52.540051,13.501535,52.559466,21012
13.507246,52.402051,13.496104,52.443616,21016
13.363481,52.48152,13.359659,52.486462,21023
13.425074,52.487102,13.424723,52.474902,21029
13.481119,52.531251,13.45929,52.521385,21029
13.182798,52.518461,13.207472,52.538765,21030
13.511833,52.491417,13.559163,52.430479,21033
13.567412,52.528989,13.574876,52.513126,21036
13.579592,52.512793,13.582256,52.481967,21039
13.462624,52.423463,13.469203,52.43431,21040
13.344152,52.467478,13.319686,52.471618,21045
13.424219,52.550805,13.405891,52.552139,21049
13.387437,52.549032,13.37069,52.563229,21051
13.522435,52.568968,13.475351,52.544274,21054
13.604558,52.474692,13.565475,52.522184,21058
13.572896,52.405689,13.530153,52.422401,21060
13.377714,52.553028,13.225683,52.565,21063
13.480379,52.537291,13.448793,52.488045,21069
13.630242,52.518891,13.500621,52.474367,21072
13.564325,52.42677,13.561362,52.438197,21083
13.263086,52.41923,13.258286,52.454035,21095
13.339941,52.449507,13.302082,52.520326,21096
13.384218,52.510011,13.402513,52.514648,21099
13.479853,52.498446,13.508542,52.473997,21102
13.482841,52.526377,13.475515,52.513553,21103
13.373117,52.452056,13.451411,52.53534,21110
13.475182,52.501434,13.420105,52.496455,21113
13.206223,52.558253,13.137735,52.535125,21114
13.405814,52.416378,13.408513,52.396843,21117
13.459182,52.485239,13.471961,52.458371,21119
13.127932,52.549957,13.188215,52.532498,21124
13.228243,52.507779,13.342353,52.459644,21138
13.522718,52.506898,13.511747,52.5254,21143
13.393166,52.517194,13.402979,52.498304,21148
13.167207,52.556056,13.141681,52.546878,21152
13.582693,52.511763,13.542934,52.50544,21166
13.463146,52.439669,13.278595,52.471063,21166
13.42795,52.591661,13.381799,52.583527,21187
13.313087,52.590906,13.291161,52.506633,21187
13.41177,52.378758,13.389673,52.398549,21190
13.454211,52.515705,13.429695,52.500671,21192
13.377751,52.563614,13.318917,52.539822,21195
13.475515,52.513553,13.502645,52.518164,21199
13.123421,52.466843,13.133288,52.472294,21214
13.308882,52.416997,13.24976,52.531046,21220
13.342139,52.489834,13.326675,52.562463,21225
13.498035,52.563662,13.524701,52.536485,21227
13.426681,52.46581,13.348888,52.458275,21232
13.293884,52.479004,13.271917,52.481857,21233
13.281321,52.533935,13.256696,52.485992,21238
13.169946,52.511624,13.229316,52.510321,21239
13.274703,52.536936,13.259904,52.546172,21240
13.416159,52.392438,13.343415,52.421571,21244
13.188072,52.520089,13.217291,52.53782,21247
13.279008,52.518233,13.302808,52.51551,21249
13.479853,52.498446,13.441642,52.501236,21250
13.360316,52.537304,13.308295,52.477065,21251
13.196601,52.535227,13.180326,52.509265,21253
13.196601,52.535227,13.188072,52.520089,21253
13.274824,52.495864,13.421314,52.479625,21257
13.325779,52.452057,13.504439,52.452093,21259
13.293884,52.479004,13.313801,52.506222,21262
13.431401,52.467514,13.420663,52.4754,21263
13.527949,52.489547,13.519449,52.535492,21263
13.321582,52.477412,13.297243,52.489635,21268
13.308041,52.472467,13.332136,52.595214,21270
13.524265,52.489029,13.4639,52.500504,21272
13.578749,52.551711,13.596543,52.544327,21276
13.382329,52.485004,13.320346,52.48138,21285
13.604592,52.538682,13.592855,52.52065,21295
13.372065,52.548708,13.431712,52.554543,21297
13.37948,52.509698,13.422519,52.452199,21299
13.404932,52.444546,13.455535,52.47955,21299
13.182142,52.549437,13.207472,52.538765,21306
13.59269,52.547444,13.589479,52.527939,21310
13.280071,52.518311,13.400114,52.459127,21317
13.408969,52.417581,13.299843,52.471461,21320
13.454574,52.57037,13.328944,52.566788,21322
13.431981,52.505757,13.511346,52.484108,21326
13.380424,52.518189,13.411241,52.537372,21328
13.445528,52.549163,13.512407,52.481973,21328
13.627465,52.510715,13.612194,52.512039,21339
13.36412,52.475554,13.385493,52.468583,21348
13.424338,52.38958,13.398658,52.447083,21351
13.369961,52.458437,13.322334,52.485303,21353
13.431981,52.505757,13.436577,52.477338,21358
13.463984,52.438338,13.487982,52.4374,21370
13.513607,52.566583,13.492932,52.56192,21382
13.412154,52.419295,13.435114,52.418345,21387
13.273563,52.433363,13.279736,52.506299,21395
13.250718,52.416953,13.27731,52.422609,21398
13.218522,52.428416,13.246401,52.421798,21398
13.437846,52.54461,13.410273,52.499359,21405
13.269877,52.490246,13.30784,52.492493,21411
13.381039,52.63301,13.423356,52.607003,21415
13.246221,52.606889,13.297205,52.511824,21422
13.605907,52.538781,13.568072,52.492923,21423
13.4363,52.457991,13.329592,52.451187,21436
13.270014,52.479164,13.315812,52.463609,21442
13.531577,52.434632,13.574126,52.455895,21452
13.496993,52.609672,13.471038,52.615354,21454
13.356004,52.593909,13.244739,52.62123,21455
13.342157,52.517973,13.24976,52.531046,21456
13.523713,52.4969,13.520364,52.484361,21457
13.305117,52.528768,13.296037,52.517679,21460
13.409722,52.533679,13.383436,52.516509,21461
13.410117,52.510586,13.379566,52.514766,21469
13.544076,52.516561,13.51583,52.494206,21479
13.267889,52.494842,13.511624,52.445413,21479
13.308099,52.573553,13.31568,52.52671,21483
13.429849,52.574311,13.455002,52.561898,21484
13.306749,52.446769,13.293884,52.479004,21486
13.274639,52.577433,13.384452,52.567544,21487
13.531677,52.476917,13.592931,52.548402,21489
13.514659,52.566722,13.574898,52.558206,21495
13.339292,52.458636,13.328835,52.485123,21497
13.484245,52.426842,13.504838,52.468112,21498
13.559224,52.574438,13.510446,52.569032,21502
13.413751,52.532453,13.363194,52.550275,21502
13.393511,52.52483,13.38864,52.51803,21503
13.301462,52.511346,13.228065,52.421604,21511
13.339181,52.500032,13.440571,52.517094,21514
13.400108,52.445026,13.385753,52.470773,21519
13.570727,52.557039,13.478494,52.511926,21524
13.348345,52.506902,13.388247,52.509317,21525
13.418554,52.389246,13.383857,52.45584,21527
13.331611,52.577407,13.274392,52.500784,21527
13.363821,52.597091,13.347702,52.574412,21533
13.376775,52.491467,13.336054,52.495979,21545
13.419689,52.478521,13.433671,52.482109,21546
13.308863,52.553144,13.346353,52.547709,21548
13.37562,52.540308,13.292401,52.5193,21550
13.374501,52.423298,13.358876,52.417619,21560
13.382231,52.489858,13.322516,52.497272,21568
13.35398,52.494741,13.335203,52.471309,21571
13.341799,52.59798,13.262061,52.501105,21576
13.19515,52.512208,13.194151,52.522068,21589
13.412585,52.545247,13.415083,52.522578,21596
13.516504,52.413634,13.378804,52.396313,21604
13.312885,52.494773,13.357613,52.50703,21608
13.455693,52.541372,13.424833,52.547014,21608
13.247099,52.521386,13.33379,52.521393,21621
13.399293,52.54634,13.496939,52.624088,21622
13.487173,52.533782,13.468392,52.49964,21627
13.345677,52.464909,13.348224,52.451471,21635
13.332329,52.555354,13.351967,52.546198,21635
13.426035,52.491333,13.449574,52.505525,21638
13.159488,52.413705,13.219814,52.567118,21638
13.643963,52.519394,13.593134,52.521446,21642
13.535366,52.511426,13.476291,52.55733,21648
13.413482,52.464441,13.540783,52.436759,21648
13.511616,52.450761,13.330268,52.445302,21648
13.520242,52.412076,13.542033,52.457828,21650
13.188746,52.546693,13.19976,52.53541,21651
13.393623,52.564668,13.411689,52.577027,21651
13.205488,52.43138,13.297565,52.542035,21657
13.567273,52.568095,13.612574,52.534062,21657
13.19111,52.514217,13.196601,52.535227,21662
13.2792,52.485311,13.328686,52.490921,21662
13.387771,52.460548,13.197356,52.50611,21676
13.3578,52.48873,13.320167,52.483737,21682
13.383406,52.509949,13.349885,52.513895,21703
13.47157,52.493831,13.391387,52.513117,21705
13.28252,52.538164,13.281551,52.51097,21712
13.179649,52.421827,13.20662,52.434047,21715
13.45516,52.543518,13.439969,52.489232,21721
13.505623,52.511359,13.490634,52.511971,21725
13.395747,52.445248,13.431028,52.478232,21726
13.593874,52.447478,13.628998,52.451394,21742
13.442573,52.415405,13.398892,52.418258,21749
13.469844,52.482258,13.370923,52.492677,21753
13.669445,52.413486,13.279543,52.468708,21755
13.259286,52.430828,13.258318,52.410797,21756
13.311141,52.478715,13.399748,52.415596,21762
13.270693,52.638362,13.342151,52.593555,21775
13.284089,52.518681,13.262061,52.501105,21783
13.593306,52.509527,13.554493,52.507446,21785
13.328458,52.534628,13.296844,52.542582,21788
13.262819,52.527546,13.284089,52.518681,21790
13.267764,52.445989,13.334442,52.417943,21797
13.457111,52.44351,13.444284,52.463691,21799
13.23897,52.425192,13.240704,52.442439,21805
13.440335,52.522947,13.556673,52.554493,21805
13.571824,52.471806,13.579001,52.513547,21806
13.238432,52.507125,13.197832,52.520341,21810
13.382329,52.485004,13.41219,52.498536,21810
13.361126,52.545374,13.382952,52.563455,21817
13.500429,52.402955,13.506413,52.446585,21824
13.292991,52.492719,13.31918,52.443889,21826
13.372571,52.568222,13.347503,52.59486,21829
13.553181,52.469383,13.534819,52.457265,21836
13.367686,52.526434,13.350569,52.54722,21841
13.296835,52.429227,13.320315,52.498016,21852
13.539636,52.448152,13.533015,52.433697,21855
13.395572,52.417848,13.371487,52.445532,21865
13.373498,52.594579,13.336704,52.597867,21874
13.379973,52.571901,13.378702,52.581694,21880
13.228495,52.548452,13.317378,52.601113,21893
13.411096,52.514933,13.408808,52.518923,21907
13.458828,52.511433,13.489885,52.512043,21929
13.417993,52.515461,13.414749,52.504841,21933
13.475842,52.640521,13.492975,52.636487,21935
13.303411,52.505016,13.313555,52.515284,21937
13.417541,52.462532,13.480348,52.451822,21944
13.381417,52.484107,13.351039,52.489598,21951
13.459907,52.596358,13.442502,52.590828,21952
13.240786,52.510677,13.281679,52.508785,21953
13.232365,52.437664,13.233799,52.447436,21957
13.506515,52.405188,13.459366,52.440561,21959
13.283495,52.44422,13.38794,52.630296,21966
13.315704,52.450633,13.3036,52.449706,21967
13.448603,52.531079,13.435311,52.491319,21981
13.278375,52.471066,13.375318,52.466023,21983
13.311745,52.410971,13.326565,52.410662,21988
13.175855,52.519959,13.286641,52.518815,21996
13.526439,52.481245,13.500832,52.477528,21998
13.482209,52.445894,13.489259,52.467393,22001
13.578532,52.495138,13.619331,52.541079,22001
13.346296,52.436007,13.330913,52.480803,22002
13.4039,52.4953,13.514169,52.420998,22003
13.445315,52.553884,13.42737,52.549788,22005
13.376896,52.501945,13.382367,52.504523,22009
13.467317,52.502727,13.477946,52.492511,22010
13.348795,52.53891,13.288456,52.524439,22011
13.346224,52.500177,13.344791,52.603626,22012
13.36593,52.569036,13.349548,52.52454,22016
13.265406,52.533989,13.336442,52.548549,22022
13.468129,52.427654,13.444872,52.448387,22024
13.463758,52.629482,13.278098,52.526466,22025
13.560385,52.422616,13.488379,52.470972,22031
13.575265,52.424324,13.667216,52.423746,22036
13.392714,52.46564,13.385913,52.478194,22040
13.623514,52.526605,13.612033,52.514477,22041
13.426548,52.538528,13.44921,52.517734,22049
13.239278,52.559124,13.50154,52.566089,22067
13.292991,52.492719,13.319568,52.587545,22085
13.515324,52.539814,13.519189,52.513459,22087
13.447346,52.48836,13.450069,52.515621,22092
13.472036,52.459304,13.444284,52.463691,22093
13.342942,52.450461,13.338198,52.482725,22098
13.436106,52.458362,13.424891,52.4678,22098
13.611452,52.455949,13.559662,52.435433,22101
13.441791,52.468871,13.460675,52.468082,22105
13.435927,52.48041,13.508318,52.510039,22107
13.280874,52.437022,13.29996,52.504865,22109
13.3082,52.496164,13.360261,52.517425,22110
13.443863,52.615158,13.421966,52.54997,22118
13.533107,52.588198,13.616445,52.541567,22121
13.37762,52.5933,13.360706,52.570875,22136
13.334837,52.575322,13.268876,52.485134,22139
13.431712,52.554543,13.427198,52.544469,22141
13.412269,52.406774,13.202643,52.562162,22142
13.481191,52.538665,13.417821,52.514709,22149
13.437897,52.532647,13.416645,52.570596,22153
13.182021,52.524104,13.217291,52.53782,22158
13.557869,52.54664,13.599843,52.546314,22160
13.473076,52.437569,13.530737,52.427804,22160
13.436965,52.452654,13.355751,52.464236,22171
13.443439,52.430223,13.465543,52.429933,22171
13.330268,52.445302,13.328138,52.431225,22173
13.286039,52.593953,13.262871,52.496477,22176
13.196601,52.535227,13.193666,52.548162,22177
13.196601,52.535227,13.200487,52.54963,22177
13.440683,52.494409,13.454211,52.515705,22177
13.529001,52.405681,13.455083,52.479241,22178
13.447821,52.551624,13.395502,52.515154,22179
13.268531,52.482388,13.308289,52.476383,22187
13.257222,52.503395,13.280634,52.516912,22188
13.322069,52.484354,13.450155,52.468607,22201
13.118621,52.450488,13.127782,52.461868,22205
13.319494,52.450932,13.322826,52.431087,22214
13.280761,52.429582,13.326597,52.459687,22215
13.398482,52.400674,13.410707,52.410343,22216
13.506516,52.517647,13.482341,52.512866,22217
13.592881,52.426461,13.47715,52.481062,22222
13.431105,52.512778,13.435434,52.532596,22225
13.571633,52.438366,13.521632,52.466513,22229
13.508542,52.473997,13.512038,52.470798,22232
13.314569,52.441164,13.346418,52.501209,22236
13.439206,52.492917,13.404829,52.535507,22238
13.388438,52.496202,13.27681,52.470885,22244
13.41585,52.531745,13.38219,52.531262,22245
13.28334,52.589983,13.300928,52.592388,22252
13.396397,52.499236,13.430699,52.475342,22254
13.599901,52.443317,13.531126,52.448362,22259
13.306445,52.469761,13.337289,52.469264,22270
13.529994,52.488658,13.604465,52.452341,22275
13.5265,52.556064,13.505335,52.541245,22278
13.319979,52.50893,13.342022,52.517876,22293
13.208399,52.517798,13.30924,52.601913,22295
13.361815,52.525747,13.366115,52.500497,22305
13.288177,52.499287,13.29802,52.469027,22305
13.439562,52.470013,13.432824,52.468746,22311
13.336106,52.514222,13.316458,52.516285,22314
13.492962,52.438551,13.355529,52.519699,22323
13.405891,52.552139,13.424219,52.550805,22328
13.242115,52.436654,13.297337,52.421295,22330
13.40434,52.533131,13.423102,52.542281,22344
13.404962,52.539199,13.329739,52.523847,22350
13.326801,52.527574,13.303537,52.59777,22351
13.442502,52.590828,13.398738,52.608564,22356
13.431128,52.528883,13.435587,52.538185,22359
13.342515,52.569771,13.333574,52.560939,22362
13.426676,52.55384,13.349292,52.569505,22363
13.556408,52.442405,13.579619,52.458922,22370
13.527772,52.510338,13.542952,52.52106,22405
13.602206,52.535901,13.624063,52.525115,22408
13.141681,52.546878,13.162694,52.516459,22415
13.279669,52.495865,13.324532,52.487436,22415
13.409216,52.501753,13.352217,52.496793,22417
13.374943,52.570953,13.409717,52.538568,22427
13.373485,52.556878,13.378014,52.57294,22439
13.142156,52.537356,13.134602,52.523903,22440
13.348115,52.451274,13.344943,52.460621,22451
13.333802,52.438621,13.335444,52.426307,22453
13.523903,52.482814,13.536071,52.48982,22456
13.576197,52.561137,13.559163,52.430479,22458
13.586222,52.538166,13.452722,52.565647,22460
13.512038,52.470798,13.479853,52.498446,22462
13.341343,52.529908,13.368916,52.526177,22469
13.330865,52.485064,13.305654,52.442054,22485
13.141014,52.531399,13.177716,52.490975,22486
13.330416,52.496519,13.308484,52.495334,22486
13.368543,52.506122,13.336106,52.514222,22489
13.297265,52.434363,13.444248,52.454929,22494
13.589411,52.523204,13.625678,52.534125,22505
13.36412,52.475554,13.337772,52.461898,22506
13.36412,52.475554,13.338687,52.465365,22506
13.531273,52.405112,13.348273,52.497826,22519
13.359076,52.521986,13.334457,52.589014,22524
13.405135,52.547852,13.401271,52.529753,22526
13.410686,52.435436,13.294257,52.506743,22529
13.516123,52.546338,13.567956,52.555423,22530
13.273709,52.435895,13.282107,52.416185,22535
13.438131,52.530344,13.403637,52.52311,22536
13.338707,52.559515,13.354578,52.552001,22538
13.385753,52.470773,13.416103,52.459466,22541
13.331386,52.416521,13.319924,52.455969,22552
13.505459,52.401364,13.34928,52.499441,22558
13.476647,52.555654,13.513607,52.566583,22565
13.393991,52.419448,13.399373,52.452907,22576
13.442502,52.590828,13.423107,52.597067,22578
13.187668,52.530239,13.207472,52.538765,22581
13.389572,52.618405,13.336282,52.595661,22587
13.438613,52.45222,13.456079,52.473747,22600
13.444645,52.443708,13.590829,52.418903,22602
13.339363,52.47891,13.332742,52.463914,22606
13.141681,52.546878,13.319027,52.531202,22606
13.520097,52.635207,13.399381,52.594932,22611
13.392914,52.489229,13.441455,52.481107,22618
13.41047,52.37711,13.389673,52.398549,22619
13.294468,52.513427,13.285334,52.51288,22621
13.37859,52.544758,13.456491,52.536967,22625
13.502645,52.518164,13.464724,52.524409,22628
13.448232,52.529663,13.524101,52.462994,22630
13.511709,52.571433,13.514519,52.541272,22630
13.455002,52.561898,13.429849,52.574311,22631
13.557566,52.499371,13.549864,52.518184,22643
13.487982,52.4374,13.585585,52.431295,22647
13.302843,52.590795,13.294804,52.576405,22662
13.363854,52.497387,13.405304,52.505152,22667
13.508983,52.495058,13.444601,52.544717,22668
13.296229,52.50221,13.338544,52.521222,22671
13.271917,52.481857,13.32816,52.601343,22675
13.268935,52.537268,13.269611,52.499416,22692
13.358325,52.523423,13.410585,52.545406,22693
13.467766,52.464049,13.505863,52.437362,22694
13.573956,52.551254,13.577623,52.540051,22695
13.563791,52.502578,13.599799,52.513906,22702
13.501386,52.440637,13.371312,52.436592,22714
13.559634,52.441734,13.579619,52.458922,22721
13.140515,52.530344,13.20264,52.542652,22721
13.339886,52.588009,13.424141,52.539303,22724
13.426248,52.523828,13.417834,52.543926,22725
13.512021,52.575374,13.560374,52.561985,22726
13.352321,52.524139,13.354316,52.564532,22728
13.326565,52.410662,13.339276,52.461988,22733
13.261641,52.542981,13.182769,52.544802,22734
13.365422,52.479565,13.341796,52.475162,22737
13.41991,52.414987,13.578653,52.419579,22738
13.328824,52.500392,13.286092,52.474802,22751
13.436976,52.465182,13.33793,52.4923,22758
13.402117,52.4467,13.402366,52.439696,22760
13.336106,52.514222,13.320036,52.523111,22764
13.53122,52.409085,13.551122,52.538425,22771
13.307414,52.498959,13.308614,52.482364,22780
13.324532,52.487436,13.322862,52.508781,22783
13.386583,52.581305,13.406177,52.572599,22785
13.445528,52.549163,13.412774,52.557566,22795
13.432314,52.440802,13.277431,52.50298,22798
13.564291,52.564701,13.56743,52.572487,22799
13.313801,52.506222,13.293884,52.479004,22809
13.296331,52.515653,13.329354,52.465731,22811
13.432824,52.468746,13.386766,52.491288,22812
13.539049,52.558597,13.494918,52.540532,22824
13.422111,52.568607,13.453278,52.547675,22828
13.468683,52.511005,13.443868,52.526445,22833
13.268282,52.510026,13.313853,52.525759,22844
13.265562,52.454829,13.325666,52.605747,22846
13.478647,52.5305,13.475515,52.513553,22856
13.264514,52.507577,13.284089,52.518681,22858
13.340855,52.429706,13.304769,52.598008,22866
13.382367,52.504523,13.379641,52.494597,22867
13.315701,52.48651,13.300596,52.488007,22868
13.444207,52.560098,13.439013,52.541109,22868
13.489259,52.467393,13.532862,52.472498,22869
13.582694,52.519978,13.561968,52.510133,22871
13.469426,52.530633,13.434234,52.529241,22872
13.559129,52.569685,13.354589,52.481972,22876
13.322309,52.418735,13.367812,52.418999,22880
13.197766,52.550403,13.162646,52.521321,22885
13.44963,52.471436,13.326764,52.459838,22887
13.464867,52.477323,13.553323,52.435409,22890
13.362083,52.552013,13.363716,52.535242,22895
13.36412,52.475554,13.340359,52.469067,22896
13.203787,52.547915,13.23225,52.539345,22899
13.565808,52.526979,13.53634,52.525802,22900
13.579359,52.553509,13.535181,52.561433,22903
13.464724,52.524409,13.484042,52.530541,22904
13.289519,52.509419,13.313164,52.543624,22908
13.54294,52.523676,13.568495,52.553573,22921
13.363485,52.48356,13.336488,52.463215,22925
13.319906,52.578194,13.264309,52.495815,22927
13.433092,52.540327,13.411965,52.541102,22928
13.203014,52.565484,13.207472,52.538765,22931
13.200487,52.54963,13.19976,52.53541,22934
13.376405,52.505573,13.374941,52.503019,22934
13.26046,52.520301,13.284089,52.518681,22942
13.338607,52.494719,13.336106,52.514222,22946
13.277591,52.480088,13.321735,52.424116,22951
13.332915,52.578094,13.3504,52.565727,22954
13.306509,52.518103,13.241437,52.473194,22959
13.432833,52.456317,13.592902,52.409528,22963
13.247539,52.544694,13.315485,52.495553,22965
13.282888,52.501232,13.286444,52.489366,22969
13.390874,52.510409,13.386447,52.51997,22970
13.563919,52.556321,13.610845,52.48363,22979
13.401668,52.506157,13.386501,52.512815,22979
13.391445,52.43197,13.390922,52.457375,22981
13.298453,52.486709,13.317378,52.601113,22992
13.527389,52.49164,13.548128,52.473845,22993
13.58674,52.415543,13.55436,52.431863,22995
13.409717,52.538568,13.47181,52.547688,23000
13.281887,52.432922,13.354439,52.455057,23020
13.482841,52.526377,13.479763,52.501889,23022
13.301724,52.424491,13.567638,52.403718,23024
13.319992,52.456292,13.334411,52.446585,23026
13.332742,52.463914,13.345021,52.459784,23029
13.247539,52.544694,13.369699,52.470834,23036
13.406558,52.498316,13.326667,52.530955,23050
13.410664,52.414037,13.385603,52.435571,23055
13.382952,52.563455,13.361126,52.545374,23058
13.457111,52.44351,13.604465,52.452341,23060
13.268707,52.539598,13.298904,52.53697,23068
13.450959,52.477369,13.48453,52.524486,23080
13.394592,52.465483,13.331345,52.573501,23082
13.350231,52.509334,13.326069,52.481765,23092
13.342231,52.55419,13.373485,52.556878,23098
13.599904,52.44622,13.562712,52.446007,23102
13.410273,52.499359,13.437846,52.54461,23102
13.513124,52.572709,13.595464,52.521496,23103
13.3271,52.494974,13.324879,52.499951,23105
13.530881,52.519689,13.505098,52.560175,23124
13.360261,52.517425,13.389736,52.53174,23145
13.459411,52.524152,13.569638,52.560802,23149
13.330268,52.445302,13.339874,52.48507,23152
13.232365,52.437664,13.203221,52.42212,23157
13.391149,52.431902,13.387115,52.429873,23157
13.5184,52.508095,13.45152,52.526136,23158
13.412616,52.535217,13.424332,52.549752,23169
13.278509,52.468584,13.300596,52.488007,23170
13.352238,52.480193,13.349751,52.494637,23170
13.340262,52.590664,13.347702,52.574412,23171
13.196601,52.535227,13.191017,52.514047,23173
13.196601,52.535227,13.173406,52.514313,23173
13.451931,52.480979,13.435927,52.48041,23173
13.357202,52.504671,13.315803,52.578105,23173
13.331061,52.623993,13.291016,52.581021,23174
13.377923,52.445322,13.286444,52.489366,23175
13.335312,52.474418,13.323883,52.495235,23192
13.586907,52.436167,13.478806,52.41413,23221
13.355619,52.577611,13.345845,52.533066,23232
13.311061,52.518079,13.331825,52.52412,23245
13.440571,52.517094,13.339181,52.500032,23246
13.318986,52.462486,13.314701,52.489999,23249
13.313059,52.452675,13.324997,52.46126,23255
13.348888,52.458275,13.151479,52.560173,23260
13.267649,52.626055,13.306752,52.514874,23262
13.471334,52.532587,13.50259,52.565321,23264
13.391208,52.423516,13.387492,52.439512,23273
13.284089,52.518681,13.269495,52.512763,23283
13.258318,52.410797,13.259286,52.430828,23292
13.383007,52.512254,13.380289,52.449968,23295
13.285334,52.51288,13.303295,52.589127,23296
13.434887,52.476496,13.451522,52.472131,23300
13.444097,52.488975,13.490155,52.493463,23308
13.349885,52.513895,13.383406,52.509949,23320
13.427526,52.50644,13.439617,52.541982,23325
13.340559,52.48872,13.356096,52.485972,23326
13.366115,52.500497,13.477687,52.446588,23345
13.436577,52.477338,13.431981,52.505757,23345
13.408808,52.518923,13.411096,52.514933,23347
13.497692,52.612422,13.502508,52.643529,23353
13.448793,52.488045,13.407185,52.48613,23353
13.200515,52.518265,13.296649,52.501459,23353
13.335315,52.481796,13.306749,52.446769,23359
13.320507,52.485279,13.323883,52.495235,23359
13.431712,52.554543,13.372065,52.548708,23362
13.316458,52.516285,13.314701,52.489999,23363
13.358402,52.537847,13.365422,52.479565,23364
13.359069,52.483584,13.300626,52.489525,23385
13.243308,52.598912,13.245553,52.612468,23386
13.49237,52.516263,13.428824,52.484244,23388
13.298934,52.588843,13.301996,52.571707,23390
13.179649,52.421827,13.109514,52.412962,23395
13.50535,52.56623,13.451852,52.54736,23397
13.355476,52.620283,13.223199,52.510177,23408
13.359659,52.486462,13.409418,52.511304,23414
13.466741,52.483223,13.438999,52.486152,23421
13.500621,52.474367,13.433593,52.445298,23437
13.37859,52.544758,13.354846,52.536764,23438
13.579289,52.508852,13.586781,52.516481,23444
13.442878,52.488145,13.477403,52.500471,23445
13.390742,52.550503,13.376326,52.593441,23446
13.321591,52.577313,13.283883,52.585825,23447
13.442502,52.590828,13.398738,52.608564,23448
13.265174,52.454645,13.363419,52.478582,23450
13.12012,52.470146,13.190493,52.51593,23456
13.345251,52.47408,13.321833,52.450951,23456
13.301304,52.583694,13.256084,52.442824,23456
13.442311,52.535137,13.399184,52.54431,23465
13.459207,52.529097,13.483076,52.578356,23468
13.322826,52.431087,13.319494,52.450932,23472
13.482341,52.512866,13.506516,52.517647,23476
13.423188,52.527613,13.443295,52.581742,23477
13.47474,52.412527,13.484529,52.43836,23483
13.31179,52.479768,13.312599,52.462953,23485
13.41228,52.446202,13.350239,52.461064,23492
13.519447,52.553359,13.493166,52.562708,23497
13.569863,52.475832,13.576114,52.531668,23500
13.559626,52.519691,13.552542,52.549847,23501
13.359289,52.42245,13.296573,52.446836,23508
13.376167,52.536105,13.394256,52.547406,23513
13.290095,52.51902,13.332398,52.513365,23518
13.306916,52.481179,13.303411,52.505016,23527
13.329584,52.456265,13.306387,52.481733,23535
13.467372,52.511453,13.419428,52.515202,23540
13.33424,52.541088,13.313529,52.525763,23542
13.380449,52.499261,13.345928,52.508296,23556
13.182542,52.559363,13.207472,52.538765,23558
13.385504,52.421642,13.334062,52.413157,23565
13.512414,52.405364,13.409894,52.399128,23579
13.367373,52.588377,13.271917,52.481857,23580
13.590734,52.438713,13.571633,52.438366,23581
13.512779,52.637592,13.558971,52.573983,23584
13.422823,52.525883,13.449204,52.48219,23588
13.434364,52.51787,13.444685,52.579136,23590
13.366209,52.499247,13.288754,52.495371,23596
13.349537,52.498234,13.328636,52.527329,23602
13.572293,52.543097,13.480026,52.443971,23605
13.320186,52.607112,13.304149,52.60099,23605
13.320186,52.607112,13.337787,52.616449,23605
13.425074,52.487102,13.451796,52.480882,23609
13.596543,52.544327,13.512099,52.573774,23611
13.305941,52.476588,13.275672,52.513425,23614
13.391252,52.513973,13.50037,52.434979,23615
13.316518,52.499559,13.458088,52.464169,23625
13.292947,52.434509,13.335863,52.452303,23625
13.445436,52.499258,13.431977,52.515149,23649
13.177325,52.5529,13.327879,52.531076,23665
13.306688,52.4859,13.302824,52.536441,23669
13.402227,52.406633,13.499328,52.423344,23669
13.411231,52.496615,13.45852,52.557703,23670
13.438711,52.551241,13.457083,52.531262,23689
13.578291,52.454284,13.632705,52.455774,23696
13.398065,52.392581,13.405198,52.378521,23698
13.573642,52.554853,13.423273,52.545263,23698
13.597823,52.528438,13.473315,52.53409,23699
13.467705,52.555001,13.454987,52.528475,23707
13.385521,52.464808,13.352571,52.48675,23707
13.468049,52.441163,13.441738,52.476727,23708
13.354819,52.45881,13.319494,52.450932,23713
13.48543,52.530631,13.543246,52.530709,23719
13.309876,52.502023,13.480348,52.451822,23720
13.317755,52.414382,13.337436,52.428478,23732
13.522718,52.506898,13.471215,52.512277,23739
13.54549,52.558936,13.462379,52.548704,23746
13.376845,52.517754,13.417993,52.515461,23746
13.423356,52.607003,13.381039,52.63301,23748
13.445676,52.534844,13.422676,52.544596,23759
13.438991,52.535474,13.410018,52.507028,23768
13.49644,52.415786,13.504728,52.40451,23770
13.15318,52.415294,13.179649,52.421827,23772
13.574043,52.527328,13.542568,52.486563,23773
13.449784,52.55125,13.384413,52.556014,23774
13.348224,52.451471,13.345677,52.464909,23775
13.364707,52.601376,13.359159,52.574245,23777
13.345759,52.501342,13.307153,52.500094,23793
13.36412,52.475554,13.332036,52.46926,23796
13.344943,52.460621,13.348115,52.451274,23799
13.33379,52.521393,13.31677,52.501111,23801
13.607775,52.528582,13.5812,52.548533,23805
13.449918,52.51999,13.424219,52.550805,23810
13.498384,52.553547,13.485123,52.515851,23811
13.307596,52.503621,13.320078,52.46996,23814
13.330398,52.453497,13.328304,52.460171,23815
13.338916,52.444306,13.32255,52.487116,23817
13.350123,52.434211,13.282254,52.421271,23818
13.249527,52.523374,13.355981,52.486064,23818
13.347185,52.553235,13.381568,52.552273,23820
13.424726,52.546899,13.391907,52.538895,23826
13.251043,52.508277,13.245036,52.509419,23828
13.429909,52.442386,13.311715,52.487147,23829
13.403663,52.577941,13.377619,52.596571,23849
13.543588,52.398813,13.574151,52.418255,23855
13.2995,52.519708,13.305749,52.533677,23855
13.434318,52.539503,13.414555,52.500161,23858
13.39893,52.513136,13.4108,52.503873,23860
13.329887,52.464368,13.36412,52.475554,23865
13.497263,52.567393,13.515372,52.643805,23867
13.249405,52.55279,13.348033,52.451491,23870
13.45801,52.489406,13.484272,52.50327,23873
13.335313,52.458429,13.350637,52.420239,23878
13.474323,52.534257,13.475515,52.513553,23885
13.454064,52.515284,13.51585,52.558079,23885
13.484043,52.511353,13.588054,52.507647,23887
13.227832,52.426459,13.273115,52.44231,23889
13.363874,52.450949,13.526806,52.401287,23889
13.364753,52.571979,13.367465,52.551556,23890
13.359143,52.595203,13.274289,52.510447,23892
13.417705,52.376503,13.408904,52.383744,23902
13.361815,52.525747,13.320311,52.478738,23907
13.365507,52.552109,13.403252,52.528121,23909
13.456527,52.453008,13.292236,52.470007,23918
13.508094,52.403658,13.49644,52.415786,23919
13.127782,52.461868,13.118621,52.450488,23924
13.694944,52.434514,13.588383,52.520045,23927
13.45348,52.480627,13.320765,52.464399,23928
13.432578,52.523653,13.321045,52.523828,23929
13.446842,52.460011,13.360738,52.523791,23936
13.353052,52.56709,13.285621,52.482868,23948
13.442673,52.551103,13.400282,52.539453,23951
13.509977,52.421339,13.41523,52.495516,23956
13.362765,52.418374,13.456235,52.484251,23957
13.196601,52.535227,13.191432,52.523416,23959
13.196601,52.535227,13.1962,52.559487,23959
13.51727,52.503076,13.46566,52.504707,23959
13.406177,52.572599,13.401262,52.546604,23960
13.375783,52.510649,13.425124,52.540989,23961
13.329592,52.451187,13.30958,52.479181,23962
13.471282,52.572014,13.434343,52.566033,23963
13.274842,52.589006,13.300384,52.500268,23969
13.445575,52.490934,13.408068,52.489346,23973
13.337372,52.558784,13.378517,52.539618,23976
13.387038,52.430225,13.340289,52.475485,23983
13.351155,52.425635,13.364346,52.43004,23985
13.323081,52.573863,13.306551,52.500658,24002
13.33534,52.422857,13.301289,52.422698,24004
13.299218,52.515163,13.241213,52.545174,24006
13.56743,52.572487,13.564291,52.564701,24010
13.204581,52.568299,13.286931,52.472276,24027
13.332567,52.493178,13.287432,52.503043,24029
13.329777,52.408972,13.433973,52.420803,24033
13.303411,52.505016,13.309248,52.488846,24037
13.303411,52.505016,13.28538,52.486699,24037
13.423295,52.482154,13.398476,52.492839,24039
13.529961,52.418125,13.352277,52.495866,24040
13.137138,52.409878,13.244278,52.452862,24048
13.338108,52.55146,13.299482,52.546525,24051
13.371417,52.590766,13.363757,52.581229,24055
13.56459,52.393567,13.574372,52.413318,24055
13.205153,52.524607,13.348912,52.457619,24056
13.3898,52.533294,13.309708,52.539448,24057
13.322379,52.521135,13.322776,52.511316,24058
13.456079,52.473747,13.449204,52.48219,24059
13.456079,52.473747,13.470423,52.462533,24059
13.207472,52.538765,13.19541,52.549951,24063
13.379973,52.571901,13.371789,52.560646,24070
13.305251,52.51143,13.305586,52.483494,24076
13.349778,52.480149,13.360835,52.526936,24077
13.301462,52.524773,13.283011,52.494841,24078
13.587305,52.48606,13.520033,52.503778,24088
13.335151,52.525449,13.347185,52.553235,24091
13.549864,52.518184,13.587674,52.524486,24093
13.338183,52.451675,13.343218,52.439718,24104
13.223199,52.510177,13.270264,52.51439,24106
13.292585,52.504478,13.307187,52.498755,24108
13.473302,52.593972,13.562054,52.566501,24110
13.41891,52.610112,13.33379,52.521393,24129
13.469383,52.460488,13.444284,52.463691,24132
13.225309,52.588585,13.245553,52.612468,24133
13.33625,52.41697,13.291238,52.416805,24138
13.205435,52.419743,13.232365,52.437664,24139
13.270229,52.449872,13.421904,52.38286,24143
13.305801,52.469391,13.269877,52.490246,24148
13.270281,52.516008,13.239835,52.606579,24151
13.30351,52.538689,13.316717,52.500797,24153
13.612013,52.447924,13.625466,52.456952,24154
13.319953,52.513469,13.320222,52.483601,24155
13.326713,52.52318,13.265433,52.493412,24155
13.577623,52.540051,13.553803,52.51043,24167
13.327659,52.42848,13.323761,52.4495,24169
13.42737,52.549788,13.445315,52.553884,24172
13.586781,52.516481,13.579289,52.508852,24178
13.488379,52.470972,13.470506,52.466342,24180
13.364753,52.571979,13.367465,52.551556,24191
13.291593,52.510313,13.377389,52.603791,24191
13.379314,52.57722,13.398567,52.572168,24195
13.340255,52.519352,13.335969,52.49997,24196
13.351205,52.558321,13.451523,52.520402,24196
13.414134,52.451734,13.385753,52.470773,24201
13.407112,52.56033,13.450796,52.531888,24206
13.540315,52.435157,13.527841,52.424408,24210
13.269391,52.437613,13.217168,52.612152,24217
13.282069,52.47259,13.301304,52.513451,24223
13.319992,52.456292,13.336972,52.43259,24226
13.324532,52.487436,13.314145,52.479274,24230
13.55201,52.543536,13.541565,52.542891,24234
13.438759,52.512595,13.47331,52.536139,24236
13.61671,52.540755,13.580951,52.564965,24241
13.245553,52.612468,13.220821,52.606534,24245
13.354578,52.552001,13.338707,52.559515,24253
13.421459,52.524731,13.418501,52.500159,24253
13.410291,52.529825,13.391683,52.511307,24257
13.478768,52.528396,13.454987,52.528475,24260
13.516082,52.569508,13.483696,52.584046,24262
13.377458,52.480827,13.396883,52.488086,24262
13.445451,52.538748,13.472278,52.494738,24269
13.565723,52.559371,13.548462,52.550781,24269
13.388599,52.519073,13.443652,52.514935,24270
13.365605,52.525371,13.381507,52.530147,24279
13.276529,52.586642,13.325208,52.537783,24280
13.369354,52.488165,13.250015,52.521877,24286
13.447719,52.555256,13.411965,52.541102,24289
13.295402,52.426987,13.32752,52.436094,24295
13.284741,52.439029,13.31126,52.410967,24301
13.29802,52.469027,13.288177,52.499287,24303
13.412435,52.508931,13.408068,52.489346,24304
13.342255,52.46705,13.317649,52.465503,24305
13.343717,52.49041,13.31245,52.4787,24309
13.230317,52.550348,13.23225,52.539345,24318
13.175855,52.519959,13.156163,52.517934,24320
13.417993,52.515461,13.417278,52.536734,24333
13.460053,52.535486,13.507942,52.550235,24336
13.278232,52.578248,13.31715,52.576293,24337
13.448034,52.546912,13.399464,52.552647,24344
13.408726,52.521908,13.403854,52.508198,24347
13.232365,52.437664,13.207405,52.421367,24357
13.63208,52.391944,13.537183,52.459643,24372
13.476154,52.487815,13.427509,52.513199,24372
13.19348,52.548928,13.217291,52.53782,24374
13.532339,52.461684,13.449486,52.47913,24375
13.349614,52.492086,13.346196,52.445274,24380
13.463053,52.520664,13.43693,52.53194,24380
13.402257,52.496434,13.417767,52.525853,24382
13.325141,52.508666,13.327213,52.446891,24386
13.51078,52.464154,13.461906,52.488792,24390
13.379797,52.521692,13.256696,52.485992,24392
13.28249,52.519426,13.304208,52.472752,24396
13.342995,52.480712,13.322139,52.511207,24399
13.344529,52.573864,13.422211,52.559826,24401
13.19976,52.53541,13.168751,52.5415,24403
13.434946,52.481042,13.449658,52.48257,24405
13.268002,52.572912,13.34047,52.481918,24425
13.287162,52.433817,13.315676,52.437844,24425
13.466314,52.42658,13.441819,52.420213,24427
13.341347,52.528111,13.418303,52.462451,24431
13.436474,52.517503,13.480088,52.504114,24439
13.467317,52.502727,13.435362,52.486106,24452
13.294545,52.513031,13.340681,52.516911,24453
13.404639,52.534188,13.395021,52.497652,24464
13.422495,52.528502,13.375574,52.581227,24478
13.43944,52.555474,13.478037,52.555771,24480
13.203221,52.42212,13.242228,52.4302,24483
13.41679,52.533019,13.431236,52.518187,24489
13.385508,52.617383,13.317434,52.588719,24490
13.328458,52.534628,13.310135,52.539452,24491
13.146554,52.54213,13.185588,52.551478,24492
13.197423,52.549175,13.19976,52.53541,24493
13.342301,52.477259,13.334425,52.454359,24493
13.294488,52.505096,13.293191,52.483999,24493
13.416355,52.391213,13.449097,52.425202,24494
13.328006,52.47716,13.302082,52.520326,24503
13.376585,52.509417,13.39094,52.515747,24503
13.313433,52.503269,13.292504,52.481652,24510
13.593275,52.41008,13.570043,52.425077,24522
13.33145,52.443536,13.432377,52.450454,24522
13.36412,52.475554,13.342255,52.46705,24525
13.541565,52.542891,13.570032,52.552861,24528
13.625466,52.456952,13.6348,52.448798,24538
13.380449,52.499261,13.323882,52.538301,24540
13.438263,52.419367,13.376077,52.410167,24548
13.332156,52.459121,13.318489,52.470949,24550
13.487173,52.533782,13.524234,52.500461,24554
13.448854,52.419588,13.478829,52.440732,24559
13.336106,52.514222,13.328623,52.522026,24564
13.320346,52.48138,13.330268,52.445302,24566
13.316768,52.447341,13.313917,52.46718,24574
13.311162,52.453694,13.324054,52.451932,24574
13.351218,52.452218,13.306413,52.483081,24578
13.387161,52.504288,13.472278,52.494738,24578
13.32536,52.589277,13.274824,52.495864,24580
13.624063,52.525115,13.62808,52.503436,24582
13.352277,52.495866,13.361815,52.525747,24584
13.611753,52.514076,13.60585,52.541649,24586
13.286092,52.474802,13.269892,52.450918,24587
13.322597,52.487718,13.281034,52.489649,24591
13.387492,52.439512,13.359437,52.427723,24598
13.343415,52.421571,13.434905,52.428674,24600
13.178131,52.548839,13.207472,52.538765,24606
13.700741,52.466265,13.5913,52.42339,24608
13.434946,52.481042,13.456079,52.473747,24614
13.42708,52.552182,13.293752,52.548188,24624
13.261836,52.491707,13.340881,52.495421,24624
13.335844,52.465748,13.36354,52.442029,24625
13.355433,52.482628,13.31367,52.504794,24633
13.439671,52.475611,13.474533,52.445082,24634
13.372883,52.462978,13.379276,52.461331,24642
13.481662,52.496176,13.523284,52.502397,24647
13.500362,52.441234,13.489259,52.467393,24650
13.4555,52.453092,13.438959,52.464637,24650
13.286931,52.472276,13.307414,52.498959,24655
13.422095,52.525262,13.435434,52.532596,24655
13.326597,52.459687,13.280761,52.429582,24657
13.361668,52.503829,13.311061,52.518079,24657
13.300596,52.488007,13.306504,52.461816,24679
13.369244,52.498843,13.35454,52.534476,24681
13.322032,52.462479,13.396742,52.515229,24681
13.506635,52.647961,13.496563,52.645078,24683
13.399111,52.508191,13.376405,52.505573,24683
13.31179,52.479768,13.302497,52.471135,24685
13.459058,52.538814,13.473669,52.495827,24694
13.456338,52.442818,13.262609,52.503778,24694
13.358941,52.506143,13.367686,52.526434,24710
13.349958,52.526359,13.306,52.525765,24713
13.490634,52.511971,13.505623,52.511359,24719
13.451852,52.54736,13.471095,52.539097,24719
13.413482,52.464441,13.412318,52.515844,24727
13.387377,52.526106,13.427078,52.535771,24732
13.310121,52.493447,13.294567,52.474215,24734
13.43777,52.540054,13.438553,52.528847,24738
13.321525,52.491729,13.398476,52.492839,24738
13.294002,52.551699,13.361784,52.568517,24741
13.41585,52.531745,13.404259,52.521818,24750
13.419563,52.465024,13.385467,52.452792,24752
13.442502,52.590828,13.400153,52.606202,24756
13.402366,52.439696,13.269091,52.427668,24759
13.287531,52.475703,13.306688,52.4859,24761
13.347885,52.4784,13.406486,52.484072,24762
13.256869,52.437855,13.325317,52.569749,24766
13.323317,52.453846,13.432639,52.469396,24769
13.322516,52.497272,13.306898,52.475607,24769
13.301414,52.506718,13.315794,52.496529,24770
13.588202,52.462339,13.612013,52.447924,24777
13.424999,52.540308,13.434806,52.53548,24780
13.509169,52.469549,13.474461,52.479001,24780
13.201291,52.547743,13.353636,52.562095,24782
13.291447,52.475211,13.306459,52.491582,24787
13.245938,52.434538,13.273709,52.435895,24787
13.326198,52.567681,13.395081,52.532989,24795
13.300596,52.488007,13.287446,52.482857,24799
13.585092,52.427788,13.562712,52.446007,24805
13.492975,52.636487,13.433883,52.640452,24806
13.439969,52.489232,13.41729,52.504164,24811
13.539275,52.48967,13.516876,52.489942,24814
13.342276,52.46049,13.447221,52.535643,24815
13.656172,52.527096,13.312688,52.618519,24824
13.358836,52.409145,13.374501,52.423298,24824
13.335313,52.458429,13.329357,52.575572,24826
13.319153,52.452338,13.307163,52.459256,24827
13.612033,52.514477,13.623514,52.526605,24828
13.342001,52.607468,13.293259,52.596085,24832
13.315812,52.463609,13.270014,52.479164,24834
13.62304,52.534925,13.59669,52.441958,24841
13.328766,52.440825,13.327659,52.42848,24845
13.404447,52.377515,13.273246,52.445849,24847
13.399817,52.50909,13.403637,52.52311,24853
13.526725,52.460165,13.565343,52.489867,24857
13.430119,52.551354,13.567119,52.532345,24869
13.583733,52.49728,13.548128,52.473845,24872
13.319366,52.489453,13.285572,52.471608,24875
13.305251,52.51143,13.322322,52.523166,24884
13.369386,52.492973,13.431981,52.505757,24887
13.323883,52.495235,13.335312,52.474418,24892
13.406558,52.498316,13.535037,52.428422,24907
13.471961,52.458371,13.447602,52.458977,24911
13.354819,52.45881,13.321388,52.462594,24913
13.364346,52.43004,13.335969,52.49997,24915
13.51802,52.63793,13.492975,52.636487,24921
13.224521,52.437458,13.240704,52.442439,24926
13.302341,52.626595,13.232136,52.516367,24926
13.301214,52.599548,13.311481,52.6127,24927
13.545556,52.5541,13.505822,52.546434,24932
13.180935,52.560485,13.19348,52.548928,24933
13.284612,52.473991,13.310121,52.493447,24951
13.301996,52.571707,13.298934,52.588843,24954
13.2734,52.625751,13.289791,52.633221,24958
13.577287,52.550805,13.52053,52.551413,24961
13.47715,52.481062,13.456079,52.473747,24966
13.622204,52.487878,13.612194,52.512039,24966
13.205214,52.437486,13.214271,52.428343,24980
13.39377,52.389639,13.332818,52.409935,24986
13.319863,52.443612,13.309204,52.46752,24986
13.207472,52.538765,13.172952,52.554768,24993
13.332026,52.575524,13.296037,52.517679,24996
13.521632,52.466513,13.571633,52.438366,24997
13.466539,52.55054,13.609735,52.543088,24997
13.38936,52.496973,13.435927,52.48041,25008
13.527772,52.510338,13.477643,52.613303,25027
13.142834,52.539623,13.207626,52.554059,25027
13.424332,52.549752,13.379731,52.516283,25032
13.354838,52.448905,13.386331,52.443292,25034
13.201692,52.525748,13.399137,52.432967,25050
13.339893,52.450828,13.319366,52.489453,25057
13.401562,52.435706,13.448086,52.417674,25064
13.491774,52.533886,13.47931,52.502883,25067
13.293939,52.537006,13.315125,52.541194,25069
13.322069,52.484354,13.340289,52.475485,25069
13.571588,52.436686,13.574372,52.413318,25070
13.407745,52.488919,13.366893,52.463883,25076
13.359069,52.483584,13.338748,52.448954,25078
13.407295,52.546245,13.384143,52.598931,25093
13.535181,52.561433,13.347984,52.556183,25101
13.379013,52.506998,13.431604,52.501394,25107
13.427623,52.553946,13.464345,52.521412,25108
13.540315,52.435157,13.553935,52.424382,25110
13.342265,52.489114,13.322569,52.48531,25124
13.385753,52.470773,13.411261,52.459884,25124
13.470506,52.466342,13.468701,52.497425,25132
13.425395,52.52977,13.392882,52.524981,25133
13.323883,52.495235,13.306349,52.476952,25136
13.352021,52.573824,13.204479,52.420786,25143
13.607439,52.529881,13.571207,52.527959,25146
13.266474,52.438427,13.552859,52.430571,25148
13.114206,52.451563,13.144301,52.454349,25152
13.481289,52.510048,13.505343,52.512216,25153
13.522754,52.644088,13.554508,52.513701,25157
13.322216,52.495604,13.375242,52.465009,25158
13.529485,52.39844,13.394327,52.388653,25159
13.482497,52.503499,13.523713,52.4969,25162
13.345766,52.494323,13.272694,52.484824,25162
13.468427,52.559836,13.427026,52.518741,25162
13.423883,52.463462,13.33699,52.484626,25166
13.447692,52.523981,13.451523,52.520402,25167
13.364085,52.455872,13.269091,52.427668,25168
13.311347,52.615622,13.345996,52.589512,25171
13.316582,52.606055,13.331601,52.583896,25172
13.486681,52.523165,13.499729,52.534207,25172
13.39944,52.504619,13.418077,52.480114,25174
13.359239,52.522478,13.394256,52.547406,25184
13.378517,52.539618,13.337372,52.558784,25186
13.513522,52.464739,13.492309,52.544007,25197
13.391907,52.538895,13.348071,52.514302,25198
13.214656,52.559811,13.175127,52.560012,25200
13.245036,52.509419,13.270761,52.547925,25202
13.281612,52.510538,13.260738,52.489373,25211
13.444799,52.541326,13.415977,52.517364,25215
13.440649,52.597304,13.475351,52.544274,25226
13.574372,52.413318,13.630898,52.387358,25227
13.398015,52.435146,13.333802,52.438621,25231
13.303411,52.505016,13.291856,52.488678,25237
13.303411,52.505016,13.275972,52.518724,25237
13.303411,52.505016,13.293077,52.495171,25237
13.316453,52.566828,13.378767,52.567332,25242
13.438959,52.464637,13.345339,52.419077,25245
13.417944,52.518059,13.414742,52.504635,25248
13.316742,52.425762,13.416224,52.382084,25249
13.574126,52.455895,13.531577,52.434632,25251
13.316458,52.516285,13.320777,52.570357,25259
13.417993,52.515461,13.432406,52.53284,25263
13.324276,52.479889,13.32177,52.493021,25267
13.344849,52.479235,13.314499,52.47289,25275
13.451472,52.523791,13.545846,52.569464,25282
13.475227,52.533967,13.432739,52.517288,25286
13.299482,52.546525,13.338108,52.55146,25287
13.432409,52.491283,13.440571,52.517094,25289
13.61448,52.530189,13.559535,52.563694,25293
13.471038,52.615354,13.491634,52.613586,25293
13.497774,52.503199,13.562863,52.542386,25307
13.465543,52.429933,13.443439,52.430223,25311
13.273902,52.489951,13.288916,52.511457,25313
13.401262,52.546604,13.579275,52.517489,25314
13.439735,52.611748,13.442502,52.590828,25321
13.416852,52.504277,13.442152,52.532982,25321
13.426035,52.491333,13.455325,52.478097,25321
13.361735,52.425495,13.409102,52.426369,25322
13.342301,52.477259,13.372478,52.457995,25326
13.202501,52.565579,13.207472,52.538765,25327
13.33625,52.467496,13.367858,52.50258,25337
13.259099,52.54379,13.323081,52.573863,25338
13.302258,52.486452,13.300742,52.473994,25341
13.455693,52.541372,13.375484,52.59718,25349
13.543246,52.530709,13.451523,52.520402,25353
13.271433,52.592053,13.247539,52.544694,25353
13.150112,52.457752,13.137735,52.535125,25354
13.363837,52.497333,13.345144,52.488443,25356
13.554493,52.507446,13.578398,52.509484,25357
13.296805,52.446734,13.303195,52.490764,25362
13.579251,52.550895,13.541565,52.542891,25384
13.380449,52.499261,13.363437,52.478195,25386
13.612475,52.454146,13.527177,52.541585,25386
13.377619,52.596571,13.403663,52.577941,25387
13.328458,52.534628,13.309747,52.554114,25388
13.282489,52.477914,13.282888,52.501232,25389
13.286444,52.489366,13.269397,52.454159,25390
13.277095,52.441611,13.295633,52.479416,25394
13.320559,52.454569,13.381326,52.457236,25398
13.552815,52.503289,13.525671,52.564037,25402
13.258293,52.446531,13.234843,52.446356,25403
13.370629,52.541912,13.349503,52.542272,25405
13.323081,52.573863,13.320346,52.48138,25410
13.5122,52.454933,13.561405,52.479287,25412
13.472311,52.547691,13.477476,52.560991,25416
13.475121,52.433616,13.303348,52.468052,25416
13.332827,52.506629,13.339227,52.489436,25421
13.268995,52.485205,13.315803,52.578105,25425
13.406558,52.498316,13.397894,52.490734,25428
13.30951,52.47237,13.296311,52.541995,25430
13.46866,52.531946,13.408937,52.516972,25432
13.377165,52.554337,13.278273,52.468578,25433
13.328304,52.460171,13.38948,52.420436,25442
13.281068,52.524241,13.384047,52.495175,25443
13.339548,52.609833,13.346645,52.566884,25448
13.560105,52.449628,13.553181,52.469383,25461
13.599879,52.542035,13.605192,52.529291,25462
13.634653,52.538468,13.502667,52.555479,25472
13.531053,52.515732,13.442273,52.49846,25476
13.354846,52.536764,13.37859,52.544758,25477
13.379973,52.571901,13.382479,52.582162,25480
13.395712,52.419041,13.310953,52.474376,25483
13.358737,52.526277,13.275322,52.536939,25488
13.308651,52.629698,13.315556,52.504324,25492
13.391208,52.423516,13.278143,52.506702,25502
13.579619,52.458922,13.593611,52.445064,25509
13.333312,52.526997,13.368916,52.526177,25510
13.342255,52.46705,13.331125,52.48392,25511
13.385494,52.591213,13.393673,52.541112,25517
13.345374,52.526313,13.338999,52.607296,25521
13.588781,52.512706,13.565834,52.530187,25523
13.278405,52.47413,13.227832,52.426459,25528
13.332199,52.575397,13.333574,52.560939,25529
13.466741,52.483223,13.546348,52.421003,25530
13.303411,52.505016,13.314605,52.510967,25537
13.615271,52.528057,13.587759,52.521519,25541
13.568404,52.571693,13.55201,52.543536,25543
13.341349,52.520463,13.362791,52.499682,25548
13.328623,52.522026,13.302258,52.486452,25559
13.353814,52.528598,13.353026,52.553313,25564
13.441621,52.510035,13.416464,52.511004,25564
13.608405,52.538972,13.514837,52.538517,25567
13.376933,52.572808,13.241253,52.509504,25584
13.357613,52.50703,13.312885,52.494773,25593
13.421388,52.478717,13.406552,52.489823,25594
13.461841,52.450902,13.295814,52.451041,25596
13.320186,52.607112,13.331061,52.623993,25597
13.320314,52.478819,13.290486,52.49919,25597
13.218634,52.428217,13.251731,52.411703,25598
13.593619,52.420043,13.519006,52.497473,25599
13.320134,52.484115,13.337449,52.489564,25603
13.505404,52.495472,13.513897,52.461948,25609
13.350637,52.420239,13.335313,52.458429,25611
13.519349,52.484805,13.495926,52.404073,25611
13.382231,52.489858,13.392685,52.491766,25615
13.512955,52.464504,13.46432,52.504723,25619
13.310021,52.50195,13.353645,52.474731,25622
13.280316,52.502949,13.40243,52.60214,25624
13.499716,52.42653,13.384812,52.440829,25627
13.439013,52.541109,13.46692,52.548711,25631
13.439013,52.541109,13.442673,52.551103,25632
13.242228,52.4302,13.203221,52.42212,25635
13.328028,52.525754,13.348068,52.503625,25637
13.389319,52.538135,13.356373,52.490202,25643
13.475432,52.524276,13.499842,52.511153,25651
13.478037,52.555771,13.386583,52.581305,25653
13.5812,52.548533,13.607775,52.528582,25654
13.306898,52.475607,13.290308,52.517732,25654
13.327876,52.609021,13.301732,52.581685,25656
13.251043,52.508277,13.282628,52.506474,25659
13.46515,52.429588,13.430498,52.467786,25659
13.398567,52.572168,13.327782,52.593259,25661
13.203815,52.545183,13.196601,52.535227,25665
13.440325,52.499248,13.380192,52.51359,25665
13.315778,52.456051,13.296502,52.550468,25681
13.256146,52.519862,13.302227,52.53022,25693
13.394256,52.547406,13.414497,52.583141,25697
13.30217,52.488466,13.309204,52.46752,25700
13.350123,52.434211,13.286718,52.437246,25700
13.306675,52.472572,13.337638,52.459401,25718
13.54479,52.522231,13.554958,52.534348,25718
13.283735,52.486843,13.288177,52.499287,25724
13.338743,52.579574,13.303297,52.475287,25728
13.339971,52.434507,13.34129,52.44258,25730
13.477711,52.417424,13.457111,52.44351,25732
13.470035,52.495485,13.451226,52.486838,25732
13.31918,52.443889,13.632461,52.455157,25740
13.324054,52.451932,13.311162,52.453694,25742
13.457675,52.509092,13.45233,52.557815,25753
13.555412,52.513428,13.549019,52.528108,25756
13.287031,52.517525,13.315395,52.470857,25764
13.501332,52.444232,13.399204,52.488867,25772
13.326801,52.527574,13.385692,52.592801,25773
13.593328,52.441311,13.562712,52.446007,25783
13.410958,52.561174,13.402703,52.601921,25783
13.471904,52.557996,13.603692,52.525716,25788
13.196601,52.535227,13.178373,52.545781,25795
13.528398,52.401006,13.559634,52.441734,25802
13.306699,52.463459,13.300772,52.485974,25803
13.405198,52.378521,13.398065,52.392581,25804
13.30297,52.425358,13.475341,52.465716,25806
13.46849,52.571869,13.35113,52.570275,25813
13.46227,52.570257,13.484063,52.566103,25819
13.574151,52.418255,13.500811,52.410734,25836
13.303411,52.505016,13.281551,52.51097,25837
13.30203,52.539487,13.382835,52.548034,25837
13.36904,52.560453,13.365214,52.542208,25852
13.353807,52.500136,13.284556,52.516519,25869
13.448629,52.449033,13.403261,52.432711,25875
13.361772,52.540999,13.361815,52.525747,25889
13.363338,52.574386,13.256696,52.485992,25892
13.376628,52.487712,13.325455,52.458397,25893
13.473709,52.53617,13.427028,52.636823,25906
13.251004,52.538007,13.133132,52.528644,25907
13.377456,52.475579,13.344164,52.475594,25907
13.20658,52.533678,13.349037,52.433325,25912
13.322785,52.455209,13.340147,52.440283,25917
13.582699,52.547964,13.557956,52.550746,25918
13.286402,52.51968,13.273682,52.528158,25924
13.411241,52.537372,13.404962,52.539199,25927
13.422969,52.394971,13.391445,52.43197,25929
13.519189,52.513459,13.533692,52.525503,25948
13.519189,52.513459,13.516816,52.537791,25948
13.519189,52.513459,13.513519,52.536216,25948
13.340856,52.480089,13.378242,52.467292,25956
13.416247,52.548645,13.444158,52.529453,25957
13.35396,52.547227,13.364816,52.508008,25962
13.570043,52.425077,13.593275,52.41008,25971
13.512099,52.573774,13.542434,52.568502,25974
13.505822,52.546434,13.545556,52.5541,25982
13.23425,52.420946,13.240704,52.442439,25985
13.330268,52.445302,13.319992,52.456292,25997
13.218861,52.524781,13.15059,52.559463,25997
13.32114,52.465626,13.209508,52.55173,26012
13.582588,52.517867,13.551943,52.549154,26014
13.344943,52.460621,13.506229,52.412759,26017
13.313671,52.484115,13.349003,52.43941,26020
13.466291,52.508617,13.448145,52.508203,26021
13.422495,52.528502,13.454987,52.528475,26057
13.459176,52.444572,13.313435,52.52456,26072
13.325836,52.578155,13.243575,52.510369,26093
13.287531,52.475703,13.318986,52.462486,26093
13.185588,52.551478,13.360738,52.523791,26098
13.456491,52.536967,13.454211,52.515705,26100
13.417705,52.376503,13.30888,52.41396,26103
13.297034,52.53601,13.280682,52.482616,26106
13.232136,52.516367,13.33329,52.481523,26110
13.587674,52.524486,13.511657,52.522767,26111
13.357624,52.50117,13.332291,52.545837,26114
13.514519,52.541272,13.53147,52.539139,26117
13.299486,52.586051,13.305345,52.541437,26121
13.454987,52.528475,13.428628,52.52859,26128
13.412337,52.567376,13.377642,52.577069,26132
13.424059,52.523576,13.391641,52.522075,26133
13.316925,52.47821,13.288281,52.513441,26137
13.397144,52.554804,13.434501,52.549621,26140
13.333997,52.462587,13.314388,52.490371,26142
13.498964,52.436452,13.265405,52.503703,26149
13.562161,52.486099,13.512986,52.57041,26150
13.418285,52.561113,13.362534,52.57417,26158
13.450615,52.522381,13.440275,52.548571,26160
13.480088,52.504114,13.436474,52.517503,26168
13.442502,52.590828,13.426127,52.59552,26178
13.519279,52.508802,13.583316,52.523762,26181
13.442447,52.546486,13.438131,52.530344,26184
13.324414,52.456566,13.228771,52.52564,26194
13.584099,52.519716,13.597867,52.483383,26205
13.392685,52.491766,13.401469,52.485093,26211
13.363874,52.450949,13.295712,52.491125,26215
13.574372,52.413318,13.642862,52.373316,26223
13.313666,52.496787,13.406405,52.443234,26224
13.281149,52.513851,13.419314,52.48745,26226
13.308136,52.518318,13.376628,52.487712,26226
13.320497,52.48642,13.286092,52.474802,26228
13.562796,52.567453,13.54457,52.538636,26233
13.354316,52.564532,13.38662,52.505363,26235
13.453005,52.550114,13.383574,52.551369,26237
13.332569,52.456699,13.273704,52.466299,26239
13.234843,52.446356,13.258293,52.446531,26239
13.264528,52.50906,13.333053,52.490719,26248
13.286641,52.518815,13.136863,52.548119,26249
13.577436,52.547558,13.548462,52.550781,26250
13.588203,52.513828,13.589479,52.527939,26251
13.315676,52.437844,13.287162,52.433817,26251
13.400742,52.386681,13.340855,52.429706,26252
13.384219,52.476282,13.396565,52.486418,26259
13.385485,52.446807,13.405061,52.385282,26261
13.277034,52.478126,13.412507,52.434911,26265
13.282069,52.47259,13.321975,52.502787,26266
13.385004,52.4502,13.355073,52.491961,26267
13.330416,52.496519,13.26075,52.508821,26269
13.379613,52.522854,13.418421,52.619204,26269
13.568623,52.538167,13.587254,52.528356,26277
13.495163,52.536458,13.45516,52.543518,26278
13.357051,52.545187,13.447821,52.551624,26285
13.204678,52.521269,13.181742,52.474192,26285
13.468062,52.433614,13.449947,52.445728,26291
13.606022,52.510847,13.555751,52.450062,26296
13.449254,52.452378,13.477661,52.439651,26299
13.230892,52.548769,13.312677,52.466062,26299
13.267257,52.520471,13.329502,52.557929,26311
13.305218,52.417874,13.299351,52.412294,26313
13.412407,52.517218,13.441286,52.543436,26321
13.349033,52.489477,13.352238,52.480193,26321
13.267889,52.494842,13.310121,52.493447,26326
13.374284,52.475337,13.288281,52.513441,26329
13.34129,52.44258,13.371245,52.447215,26330
13.306749,52.446769,13.299477,52.454542,26334
13.423295,52.482154,13.509669,52.472544,26339
13.326712,52.42974,13.339941,52.449507,26340
13.576061,52.486993,13.522037,52.535747,26351
13.497591,52.644481,13.608765,52.531894,26353
13.410824,52.444817,13.438862,52.426936,26358
13.30313,52.513431,13.329691,52.510061,26359
13.634517,52.519345,13.49967,52.630542,26371
13.320765,52.464399,13.287432,52.503043,26372
13.436506,52.551897,13.373511,52.564319,26379
13.332827,52.506629,13.337186,52.495939,26381
13.401271,52.529753,13.424879,52.527044,26384
13.222094,52.528729,13.350394,52.614922,26386
13.535862,52.477896,13.522453,52.483444,26389
13.376536,52.517758,13.334273,52.490669,26390
13.118621,52.450488,13.147578,52.458172,26401
13.313433,52.503269,13.314052,52.515125,26403
13.479548,52.520468,13.344317,52.50427,26408
13.449894,52.602853,13.50329,52.575854,26412
13.389736,52.53174,13.410147,52.528551,26414
13.485079,52.532891,13.477946,52.492511,26415
13.301654,52.511362,13.282888,52.501232,26418
13.293939,52.537006,13.315125,52.541194,26419
13.416317,52.497255,13.366179,52.523926,26420
13.612013,52.447924,13.618239,52.52941,26423
13.286796,52.53517,13.237256,52.504585,26423
13.421373,52.549429,13.381507,52.530147,26424
13.555402,52.517724,13.581092,52.539789,26425
13.340681,52.516911,13.294545,52.513031,26426
13.574372,52.413318,13.577815,52.392843,26427
13.390922,52.457375,13.391445,52.43197,26428
13.437336,52.491124,13.422908,52.522152,26429
13.31344,52.435362,13.254134,52.450799,26429
13.289427,52.578674,13.365257,52.583468,26430
13.434422,52.465842,13.3311,52.463618,26430
13.526972,52.516145,13.51373,52.532492,26431
13.322569,52.48531,13.342265,52.489114,26432
13.227692,52.576177,13.355619,52.577611,26437
13.311061,52.518079,13.344617,52.506361,26438
13.282628,52.506474,13.265433,52.493412,26440
13.315556,52.504324,13.412272,52.464329,26446
13.627111,52.491972,13.520949,52.572052,26447
13.196601,52.535227,13.194792,52.548375,26449
13.389333,52.513851,13.335151,52.525449,26453
13.363495,52.457721,13.280761,52.429582,26453
13.299276,52.597907,13.313424,52.530132,26459
13.417993,52.515461,13.431128,52.528883,26463
13.408975,52.555428,13.427198,52.544469,26464
13.188539,52.510657,13.220906,52.559207,26464
13.408777,52.511995,13.422867,52.499918,26466
13.330639,52.498538,13.300596,52.501946,26469
13.328329,52.464925,13.344943,52.460621,26471
13.196601,52.535227,13.169946,52.511624,26476
13.318986,52.462486,13.247857,52.539307,26479
13.449658,52.48257,13.408068,52.489346,26480
13.431392,52.48309,13.373774,52.454259,26485
13.398682,52.561886,13.381568,52.552273,26486
13.640384,52.44864,13.63248,52.452074,26488
13.386447,52.51997,13.397588,52.506142,26496
13.600999,52.487745,13.590024,52.548316,26501
13.522949,52.501206,13.585979,52.545719,26502
13.379219,52.447248,13.385753,52.470773,26504
13.42302,52.513765,13.424954,52.50205,26505
13.373806,52.520908,13.359735,52.504193,26512
13.371857,52.548665,13.264621,52.543578,26524
13.318167,52.51578,13.335969,52.49997,26529
13.303851,52.499475,13.218561,52.432496,26531
13.446531,52.500332,13.427078,52.535771,26531
13.406837,52.393097,13.366893,52.463883,26535
13.403357,52.430625,13.378475,52.47758,26539
13.508713,52.54734,13.359549,52.585439,26546
13.474859,52.534421,13.454987,52.528475,26549
13.467317,52.502727,13.442535,52.486235,26552
13.278375,52.508623,13.322889,52.523403,26563
13.221417,52.442729,13.281848,52.439169,26572
13.194503,52.516591,13.157423,52.542312,26575
13.404285,52.535082,13.387437,52.549032,26581
13.464724,52.524409,13.474898,52.549663,26582
13.605192,52.529291,13.574876,52.513126,26589
13.566163,52.437963,13.51417,52.456606,26592
13.179649,52.421827,13.220205,52.423375,26593
13.191552,52.546314,13.207472,52.538765,26601
13.437858,52.520183,13.459101,52.517451,26601
13.320186,52.607112,13.308101,52.602851,26605
13.286538,52.452751,13.363874,52.450949,26606
13.507013,52.571727,13.496187,52.586037,26607
13.418847,52.411639,13.505622,52.404849,26615
13.374866,52.485037,13.37077,52.468826,26616
13.315648,52.591147,13.398287,52.576827,26619
13.427657,52.517736,13.4108,52.503873,26625
13.346286,52.495944,13.363837,52.497333,26627
13.304898,52.547742,13.398686,52.593988,26627
13.421735,52.557414,13.387437,52.549032,26633
13.335313,52.458429,13.321665,52.465458,26637
13.152565,52.498116,13.156482,52.458859,26637
13.314482,52.474292,13.296425,52.501857,26645
13.245553,52.612468,13.221071,52.605444,26645
13.38101,52.511037,13.406713,52.514697,26654
13.512011,52.467437,13.474461,52.479001,26658
13.485788,52.563466,13.47812,52.533221,26658
13.571207,52.527959,13.607439,52.529881,26659
13.691614,52.451611,13.694947,52.438028,26661
13.382972,52.548149,13.38368,52.559411,26661
13.456263,52.548321,13.442681,52.544605,26663
13.598725,52.505014,13.461026,52.511082,26664
13.30757,52.468985,13.311904,52.413351,26664
13.242572,52.625557,13.243575,52.510369,26669
13.308041,52.472467,13.310121,52.493447,26673
13.559631,52.497807,13.601421,52.516373,26674
13.260287,52.42725,13.277328,52.433915,26676
13.384413,52.556014,13.449784,52.55125,26677
13.337638,52.459401,13.306675,52.472572,26688
13.338074,52.523699,13.406152,52.553385,26691
13.387492,52.439512,13.374515,52.432726,26698
13.421663,52.480394,13.47184,52.538018,26709
13.354685,52.487489,13.315139,52.494335,26710
13.291161,52.506633,13.297944,52.567338,26711
13.448086,52.417674,13.267244,52.496485,26721
13.277881,52.415422,13.277587,52.444904,26723
13.356372,52.52554,13.357613,52.50703,26739
13.542434,52.568502,13.578749,52.551711,26744
13.282628,52.506474,13.253659,52.504969,26746
13.374797,52.460188,13.324532,52.487436,26748
13.559662,52.435433,13.560406,52.38867,26762
13.509585,52.496308,13.532565,52.510923,26771
13.434806,52.53548,13.419579,52.547752,26776
13.35547,52.548396,13.298704,52.535183,26778
13.31838,52.455007,13.262061,52.501105,26781
13.297337,52.421295,13.292862,52.433629,26784
13.306349,52.476952,13.320507,52.485279,26787
13.447602,52.458977,13.458924,52.457876,26788
13.505133,52.426308,13.433536,52.48203,26791
13.186983,52.54911,13.207472,52.538765,26791
13.207472,52.538765,13.200047,52.55402,26793
13.345582,52.495053,13.241437,52.473194,26793
13.536867,52.51137,13.519189,52.513459,26794
13.349353,52.508572,13.439966,52.537332,26798
13.341351,52.43539,13.480888,52.446441,26805
13.271304,52.497349,13.282628,52.506474,26807
13.311194,52.468621,13.300596,52.488007,26807
13.603056,52.544248,13.588844,52.539326,26810
13.504672,52.504217,13.472721,52.527348,26817
13.318797,52.443373,13.315404,52.569222,26827
13.337449,52.489564,13.320134,52.484115,26829
13.408578,52.425611,13.387492,52.439512,26832
13.326108,52.485513,13.267889,52.494842,26835
13.398032,52.53495,13.39944,52.504619,26835
13.288177,52.499287,13.283735,52.486843,26836
13.456338,52.442818,13.309248,52.488846,26837
13.331601,52.583896,13.316582,52.606055,26838
13.288281,52.513441,13.316925,52.47821,26857
13.327784,52.522063,13.262536,52.541318,26859
13.505432,52.539365,13.500635,52.4739,26860
13.361704,52.537872,13.228121,52.509201,26862
13.308289,52.476383,13.445812,52.461371,26866
13.375118,52.455385,13.381529,52.472188,26870
13.470097,52.531748,13.466947,52.502669,26880
13.422103,52.462567,13.31239,52.488542,26885
13.37841,52.534299,13.348232,52.526307,26885
13.292286,52.426014,13.273709,52.435895,26885
13.328458,52.534628,13.322801,52.541558,26888
13.328458,52.534628,13.304902,52.54785,26888
13.312752,52.459689,13.294415,52.448989,26889
13.31723,52.607971,13.301779,52.569345,26890
13.311745,52.410971,13.354207,52.41921,26897
13.475515,52.513553,13.481119,52.531251,26899
13.55818,52.570794,13.537032,52.533387,26907
13.465047,52.510655,13.51472,52.532551,26909
13.36935,52.50223,13.424856,52.48218,26909
13.358132,52.593993,13.347702,52.574412,26910
13.331293,52.442208,13.295032,52.457961,26917
13.382104,52.513963,13.416412,52.54051,26919
13.361815,52.525747,13.318852,52.468824,26920
13.380112,52.410444,13.405448,52.415484,26923
13.356263,52.555477,13.313164,52.543624,26933
13.387492,52.439512,13.420791,52.439189,26938
13.420128,52.4917,13.396907,52.493038,26940
13.175127,52.560012,13.244893,52.538206,26942
13.317719,52.491475,13.335479,52.49062,26947
13.198187,52.551801,13.207472,52.538765,26964
13.441509,52.432359,13.416375,52.397342,26965
13.342767,52.477083,13.333369,52.507,26971
13.380118,52.483034,13.2776,52.517439,26974
13.176313,52.543716,13.155996,52.461101,26981
13.540783,52.436759,13.554851,52.426177,26983
13.363508,52.59509,13.470582,52.504376,26987
13.424484,52.521675,13.4576,52.545977,26989
13.497591,52.644481,13.485615,52.630279,27008
13.342041,52.50497,13.35577,52.523713,27008
13.315669,52.466199,13.249929,52.432707,27008
13.292504,52.481652,13.313433,52.503269,27009
13.289422,52.484481,13.328686,52.490921,27011
13.257858,52.441062,13.271355,52.453706,27015
13.26663,52.424935,13.332064,52.442424,27021
13.269697,52.490149,13.325317,52.569749,27022
13.372262,52.59232,13.483698,52.619896,27023
13.591435,52.522943,13.483048,52.554828,27026
13.144301,52.454349,13.114206,52.451563,27033
13.303411,52.505016,13.317999,52.48803,27037
13.255102,52.411901,13.319237,52.447744,27038
13.435434,52.532596,13.422095,52.525262,27047
13.546105,52.524021,13.597067,52.534829,27057
13.33803,52.541153,13.288281,52.513441,27063
13.425836,52.503387,13.403637,52.52311,27064
13.517744,52.563815,13.547632,52.521754,27076
13.344656,52.437689,13.296567,52.472162,27077
13.433345,52.444915,13.353938,52.524013,27081
13.353026,52.553313,13.353814,52.528598,27089
13.287162,52.433817,13.327243,52.478715,27089
13.448145,52.508203,13.405848,52.530507,27090
13.287997,52.519834,13.31235,52.446158,27093
13.42653,52.542959,13.414718,52.545132,27095
13.61448,52.530189,13.589479,52.527939,27103
13.41177,52.401298,13.380112,52.410444,27104
13.303506,52.537557,13.328458,52.534628,27108
13.599904,52.44622,13.625466,52.456952,27109
13.522453,52.483444,13.455233,52.510093,27110
13.427588,52.560561,13.427198,52.544469,27112
13.409399,52.382219,13.388109,52.411905,27122
13.394212,52.507916,13.398869,52.523265,27128
13.571633,52.438366,13.553234,52.447912,27131
13.281149,52.513851,13.178379,52.549286,27134
13.385603,52.435571,13.453168,52.54436,27134
13.612194,52.512039,13.599437,52.521361,27134
13.404962,52.539199,13.408235,52.529113,27135
13.625843,52.507475,13.447502,52.513289,27135
13.300044,52.636776,13.307504,52.618477,27136
13.361986,52.434578,13.295281,52.567053,27136
13.288753,52.522494,13.3947,52.455874,27143
13.468049,52.441163,13.572907,52.552436,27144
13.306,52.525765,13.338984,52.519222,27150
13.467317,52.502727,13.463846,52.485146,27152
13.200621,52.521049,13.240828,52.511126,27153
13.223471,52.605221,13.302559,52.587203,27153
13.442502,52.590828,13.460999,52.593675,27156
13.273474,52.468018,13.308925,52.490854,27159
13.455693,52.541372,13.47696,52.444207,27163
13.316767,52.491162,13.312599,52.462953,27166
13.399482,52.508726,13.401271,52.529753,27168
13.417421,52.504126,13.50139,52.565156,27174
13.452264,52.481244,13.401469,52.485093,27184
13.319222,52.613341,13.295188,52.620437,27185
13.322156,52.522063,13.324418,52.516942,27185
13.37186,52.452789,13.314547,52.473482,27185
13.583537,52.442234,13.510567,52.419273,27188
13.436081,52.509536,13.453455,52.518239,27190
13.387492,52.439512,13.40334,52.448133,27208
13.340766,52.461648,13.358627,52.401858,27208
13.571633,52.438366,13.572851,52.427969,27214
13.342309,52.502172,13.307414,52.498959,27228
13.507754,52.407482,13.578097,52.415533,27232
13.555043,52.5376,13.463069,52.511407,27235
13.509975,52.507672,13.474767,52.549719,27237
13.453556,52.514158,13.422466,52.530812,27237
13.295342,52.477037,13.2583,52.507104,27239
13.303078,52.45195,13.319992,52.456292,27242
13.417993,52.515461,13.417012,52.50423,27243
13.167132,52.420433,13.353921,52.549312,27244
13.309874,52.525731,13.272947,52.548575,27251
13.387174,52.536947,13.372922,52.549731,27251
13.397747,52.5325,13.361027,52.540738,27254
13.582796,52.549842,13.541565,52.542891,27261
13.438999,52.486152,13.419303,52.474311,27266
13.336896,52.480062,13.316545,52.51082,27274
13.561362,52.438197,13.540315,52.435157,27276
13.321656,52.479892,13.278098,52.526466,27282
13.359435,52.550759,13.195866,52.516308,27285
13.306413,52.483081,13.392486,52.421137,27286
13.519576,52.578414,13.459046,52.525127,27296
13.239479,52.471588,13.298076,52.509909,27297
13.467317,52.502727,13.448871,52.485052,27298
13.287758,52.515181,13.307153,52.500094,27299
13.391445,52.43197,13.385873,52.445571,27309
13.458087,52.554868,13.465499,52.52023,27313
13.173978,52.509265,13.133217,52.470111,27321
13.474592,52.532609,13.443922,52.590479,27323
13.391402,52.528036,13.406465,52.514763,27328
13.339979,52.468182,13.305708,52.50996,27330
13.303506,52.537557,13.37069,52.563229,27331
13.270019,52.443574,13.314316,52.464776,27335
13.334273,52.490669,13.40801,52.452508,27337
13.464724,52.524409,13.474767,52.549719,27338
13.397144,52.554804,13.429384,52.555956,27340
13.324532,52.487436,13.35229,52.494841,27352
13.229168,52.424801,13.240704,52.442439,27357
13.313686,52.4184,13.327151,52.405703,27363
13.286625,52.591278,13.317512,52.559852,27366
13.505583,52.536002,13.625079,52.54064,27369
13.389319,52.538135,13.368916,52.526177,27373
13.489748,52.403441,13.513772,52.401266,27377
13.300596,52.488007,13.301795,52.468294,27379
13.421186,52.413084,13.380112,52.410444,27379
13.309747,52.554114,13.244783,52.524412,27379
13.376585,52.509417,13.385214,52.498576,27383
13.331386,52.469672,13.342438,52.50013,27384
13.315125,52.541194,13.377686,52.570481,27384
13.140515,52.530344,13.185855,52.425737,27386
13.390458,52.55925,13.326892,52.564294,27388
13.536867,52.51137,13.483073,52.582212,27389
13.270264,52.51439,13.185943,52.544429,27391
13.419982,52.502253,13.434946,52.481042,27398
13.483271,52.576269,13.574992,52.573582,27399
13.327456,52.524358,13.364692,52.495436,27401
13.433504,52.492348,13.454211,52.515705,27401
13.527398,52.568302,13.386307,52.553413,27402
13.478786,52.477626,13.456079,52.473747,27409
13.393384,52.589664,13.371198,52.551638,27411
13.377344,52.556285,13.364183,52.527984,27414
13.45842,52.559142,13.427198,52.544469,27417
13.282853,52.587445,13.329841,52.482379,27417
13.52462,52.513757,13.523114,52.540883,27421
13.574372,52.413318,13.582585,52.402144,27423
13.402617,52.502182,13.512011,52.467437,27424
13.537667,52.53301,13.557527,52.527412,27425
13.508814,52.424733,13.49644,52.415786,27428
13.359032,52.481409,13.371932,52.492458,27431
13.360247,52.479768,13.315556,52.504324,27434
13.494065,52.571369,13.481918,52.528734,27435
13.376585,52.509417,13.366727,52.500769,27437
13.574489,52.546789,13.50111,52.483106,27441
13.378228,52.49935,13.399982,52.511039,27442
13.359159,52.574245,13.391376,52.555168,27451
13.383436,52.516509,13.402036,52.518618,27452
13.369995,52.570283,13.359643,52.563221,27453
13.29169,52.595923,13.345153,52.566802,27454
13.322379,52.521135,13.285619,52.507529,27460
13.418077,52.480114,13.39944,52.504619,27463
13.457675,52.509092,13.476212,52.482952,27464
13.49874,52.503007,13.476576,52.50964,27473
13.574372,52.413318,13.572653,52.427765,27477
13.358402,52.537847,13.386447,52.51997,27480
13.423558,52.519007,13.391104,52.514882,27483
13.335863,52.452303,13.292947,52.434509,27483
13.502508,52.643529,13.497692,52.612422,27488
13.181532,52.475695,13.188561,52.527831,27492
13.455828,52.522272,13.484324,52.512679,27498
13.31179,52.479768,13.311856,52.458225,27499
13.410186,52.549967,13.575615,52.558062,27507
13.18882,52.546683,13.19976,52.53541,27515
13.337623,52.416711,13.314022,52.457347,27519
13.554958,52.534348,13.54479,52.522231,27520
13.62906,52.526736,13.571622,52.513601,27530
13.409717,52.538568,13.409051,52.5302,27533
13.53147,52.539139,13.514329,52.539602,27536
13.205153,52.524607,13.219138,52.508745,27541
13.376395,52.590942,13.369021,52.56554,27549
13.457111,52.44351,13.410776,52.412958,27553
13.307153,52.500094,13.265405,52.503703,27558
13.405315,52.496749,13.525904,52.489151,27562
13.434905,52.428674,13.437628,52.463062,27565
13.446402,52.52778,13.478109,52.514483,27566
13.384523,52.595044,13.282779,52.504558,27567
13.338748,52.448954,13.359069,52.483584,27569
13.404766,52.548773,13.310135,52.539452,27571
13.322595,52.487646,13.309204,52.46752,27573
13.51183,52.46432,13.469825,52.483454,27573
13.272466,52.423875,13.259286,52.430828,27574
13.376405,52.505573,13.399111,52.508191,27575
13.545033,52.415332,13.540315,52.435157,27575
13.429429,52.555065,13.357033,52.559881,27576
13.294415,52.448989,13.319979,52.50893,27581
13.406558,52.498316,13.411917,52.505172,27588
13.186488,52.547129,13.207472,52.538765,27594
13.270761,52.547925,13.386614,52.584172,27597
13.526806,52.401287,13.49644,52.415786,27597
13.440705,52.487452,13.428501,52.537857,27605
13.318482,52.49729,13.299957,52.511246,27612
13.436577,52.477338,13.293305,52.483881,27616
13.340766,52.461648,13.391595,52.467019,27620
13.303802,52.524702,13.330092,52.513598,27625
13.260785,52.503869,13.215915,52.52695,27626
13.438226,52.520169,13.425836,52.503387,27638
13.312305,52.483231,13.282888,52.501232,27651
13.403696,52.380238,13.317416,52.41089,27656
13.402031,52.492564,13.384533,52.515346,27657
13.485752,52.472946,13.477108,52.462252,27659
13.290475,52.479221,13.323081,52.573863,27664
13.31179,52.479768,13.326108,52.485513,27667
13.381529,52.472188,13.375118,52.455385,27672
13.445523,52.485776,13.436044,52.497997,27672
13.474767,52.549719,13.423295,52.482154,27677
13.341459,52.520659,13.301168,52.52829,27678
13.390647,52.500894,13.321145,52.52078,27683
13.449533,52.523976,13.439013,52.541109,27686
13.482841,52.526377,13.464724,52.524409,27687
13.492284,52.516327,13.469541,52.520386,27693
13.367858,52.554706,13.387437,52.549032,27697
13.315098,52.462871,13.342486,52.506034,27701
13.175855,52.519959,13.207472,52.538765,27705
13.414469,52.557096,13.463758,52.629482,27707
13.413678,52.511406,13.445848,52.472345,27712
13.408937,52.516972,13.46866,52.531946,27732
13.494065,52.571369,13.575498,52.533402,27735
13.533015,52.433697,13.527286,52.449166,27741
13.373816,52.547645,13.405135,52.547852,27749
13.2792,52.485311,13.292386,52.553901,27749
13.352608,52.539702,13.393673,52.541112,27753
13.353814,52.528598,13.319568,52.587545,27753
13.628279,52.445464,13.584299,52.441738,27764
13.17142,52.550945,13.207472,52.538765,27771
13.585585,52.431295,13.576806,52.417249,27773
13.303348,52.468052,13.266917,52.455426,27773
13.394768,52.520788,13.342811,52.463072,27778
13.447338,52.503369,13.435505,52.602471,27783
13.401469,52.485093,13.455966,52.482367,27786
13.385519,52.464269,13.406042,52.382888,27786
13.514337,52.468764,13.521504,52.479843,27791
13.524503,52.40608,13.557327,52.435536,27797
13.19348,52.548928,13.180935,52.560485,27799
13.376907,52.50891,13.327456,52.524358,27804
13.251795,52.448712,13.290808,52.476521,27809
13.359019,52.494378,13.331098,52.485969,27816
13.432338,52.530297,13.437483,52.510957,27825
13.268928,52.441465,13.296595,52.426569,27826
13.302181,52.534633,13.364168,52.527032,27827
13.315115,52.458997,13.276558,52.468299,27828
13.262189,52.479876,13.358868,52.446019,27832
13.278698,52.506571,13.382784,52.491541,27836
13.148561,52.543351,13.250015,52.521877,27841
13.352202,52.506373,13.410569,52.498474,27856
13.191552,52.546314,13.349858,52.479402,27870
13.536298,52.416479,13.400812,52.406479,27874
13.158463,52.423924,13.322901,52.444872,27875
13.38192,52.59112,13.367377,52.566736,27875
13.33932,52.491062,13.36412,52.475554,27882
13.585085,52.391964,13.490244,52.400271,27884
13.512011,52.467437,13.325484,52.436827,27886
13.433382,52.547882,13.383533,52.538805,27888
13.554851,52.426177,13.558899,52.446723,27888
13.37907,52.448131,13.405119,52.431009,27889
13.435362,52.486106,13.51585,52.558079,27890
13.315109,52.481483,13.296182,52.497591,27890
13.171755,52.518167,13.202039,52.512021,27895
13.571818,52.529802,13.538274,52.400644,27902
13.36288,52.52445,13.401271,52.529753,27910
13.318507,52.56499,13.37069,52.563229,27917
13.332827,52.506629,13.318284,52.482796,27941
13.402711,52.531497,13.399928,52.544517,27942
13.290808,52.476521,13.392485,52.510579,27942
13.529485,52.39844,13.576343,52.417875,27944
13.41456,52.553051,13.376415,52.543076,27944
13.355973,52.429345,13.356483,52.424899,27948
13.336655,52.418717,13.313686,52.4184,27952
13.408136,52.5343,13.387437,52.549032,27952
13.303112,52.512829,13.322044,52.497251,27953
13.429757,52.480341,13.384566,52.496724,27953
13.234753,52.421049,13.341679,52.561719,27961
13.403072,52.498438,13.412407,52.517218,27963
13.473562,52.464453,13.42709,52.502995,27965
13.412979,52.491436,13.563731,52.393803,27967
13.352238,52.480193,13.329559,52.461298,27970
13.63248,52.452074,13.678845,52.468996,27975
13.367164,52.505842,13.271355,52.453706,27982
13.203215,52.417572,13.280644,52.507116,27999
13.584927,52.516119,13.621601,52.507084,28005
13.36081,52.49132,13.418673,52.476682,28006
13.309542,52.473457,13.328772,52.486948,28030
13.439013,52.541109,13.458625,52.555527,28031
13.439013,52.541109,13.455693,52.541372,28031
13.164246,52.513855,13.29445,52.455694,28032
13.607439,52.529881,13.589479,52.527939,28036
13.491058,52.497945,13.457132,52.469096,28037
13.3504,52.565727,13.349503,52.542272,28040
13.40927,52.557743,13.380235,52.532831,28044
13.421295,52.545179,13.425749,52.53434,28053
13.166674,52.468195,13.219138,52.508745,28055
13.512778,52.430587,13.547121,52.426709,28057
13.315676,52.437844,13.228414,52.430992,28061
13.588844,52.539326,13.589479,52.527939,28074
13.294804,52.576405,13.303369,52.600558,28076
13.574372,52.413318,13.640897,52.390024,28077
13.442681,52.544605,13.456263,52.548321,28078
13.35366,52.493442,13.34547,52.520317,28090
13.289791,52.633221,13.298446,52.639193,28094
13.288753,52.522494,13.299199,52.609761,28096
13.50895,52.476481,13.514768,52.45303,28105
13.324501,52.445753,13.361876,52.447225,28107
13.366513,52.4597,13.491093,52.435896,28110
13.376628,52.487712,13.290632,52.500168,28116
13.240732,52.558947,13.321591,52.577313,28125
13.332604,52.440333,13.348888,52.458275,28126
13.499762,52.541217,13.535181,52.561433,28127
13.55635,52.57036,13.522543,52.489905,28129
13.581732,52.44029,13.562712,52.446007,28134
13.478215,52.557548,13.450809,52.552379,28135
13.438176,52.534882,13.454987,52.528475,28136
13.42054,52.397571,13.389673,52.398549,28137
13.29673,52.609636,13.422139,52.457758,28137
13.230957,52.550548,13.23225,52.539345,28139
13.444158,52.529453,13.416247,52.548645,28140
13.425131,52.512994,13.469541,52.520386,28150
13.448018,52.463564,13.337922,52.473624,28154
13.282873,52.540658,13.263475,52.482631,28156
13.313164,52.543624,13.352608,52.539702,28156
13.385727,52.469479,13.266924,52.444389,28160
13.569301,52.534015,13.449575,52.53015,28162
13.492359,52.550244,13.454016,52.553957,28165
13.427975,52.493502,13.451789,52.477997,28167
13.283322,52.512075,13.34125,52.484812,28168
13.437817,52.555898,13.370865,52.546618,28168
13.308295,52.477065,13.360316,52.537304,28169
13.339005,52.492314,13.387232,52.440153,28170
13.307187,52.498755,13.300596,52.501946,28171
13.322569,52.48531,13.339323,52.46161,28179
13.478829,52.440732,13.547121,52.426709,28180
13.417226,52.490738,13.424264,52.513499,28185
13.354151,52.534283,13.301664,52.511173,28185
13.330682,52.493163,13.336106,52.514222,28196
13.299416,52.52085,13.307819,52.510135,28197
13.337289,52.469264,13.321665,52.465458,28198
13.169969,52.521905,13.196601,52.535227,28203
13.370923,52.492677,13.40453,52.495203,28203
13.338954,52.589376,13.391024,52.571062,28205
13.328231,52.508056,13.300596,52.501946,28208
13.397045,52.508988,13.430338,52.501886,28211
13.571843,52.547417,13.574898,52.558206,28212
13.337925,52.516376,13.307484,52.511747,28219
13.35454,52.534476,13.320222,52.483601,28221
13.568322,52.463117,13.589678,52.416312,28224
13.292862,52.433629,13.297337,52.421295,28231
13.557956,52.550746,13.582699,52.547964,28234
13.38948,52.420436,13.398983,52.406267,28235
13.318167,52.51578,13.330859,52.489279,28236
13.364858,52.451369,13.227768,52.432059,28237
13.464724,52.524409,13.449918,52.51999,28238
13.569638,52.560802,13.457812,52.512784,28238
13.37828,52.477933,13.355616,52.460814,28241
13.377344,52.556285,13.393623,52.564668,28243
13.430267,52.551802,13.30994,52.569983,28245
13.305941,52.476588,13.315812,52.463609,28251
13.294527,52.534474,13.267453,52.484314,28260
13.224736,52.424523,13.232365,52.437664,28268
13.318211,52.604276,13.292294,52.553758,28273
13.340892,52.49578,13.334762,52.533029,28275
13.50093,52.496409,13.521291,52.513342,28277
13.387903,52.453051,13.208055,52.534787,28281
13.186983,52.54911,13.486811,52.397825,28282
13.483271,52.576269,13.477479,52.551896,28283
13.291189,52.539741,13.231423,52.50931,28285
13.262252,52.506235,13.327879,52.531076,28287
13.476332,52.5331,13.478384,52.528383,28293
13.631588,52.394925,13.526451,52.424606,28298
13.542952,52.52106,13.465406,52.507703,28300
13.386017,52.629258,13.363757,52.581229,28303
13.47812,52.533221,13.454987,52.528475,28308
13.317267,52.576274,13.319819,52.504061,28308
13.477693,52.532795,13.431188,52.493149,28309
13.586999,52.428086,13.562712,52.446007,28310
13.449661,52.551089,13.427198,52.544469,28317
13.678845,52.468996,13.591692,52.529249,28318
13.342968,52.546956,13.365618,52.524373,28320
13.366894,52.552147,13.483698,52.619896,28324
13.558627,52.406965,13.638987,52.386042,28327
13.47715,52.481062,13.46629,52.469235,28331
13.587674,52.524486,13.620733,52.530715,28331
13.700741,52.466265,13.604074,52.480414,28335
13.540315,52.435157,13.565522,52.43647,28341
13.359643,52.563221,13.372206,52.572126,28343
13.370708,52.499968,13.4108,52.503873,28347
13.608335,52.491905,13.612194,52.512039,28356
13.339281,52.426309,13.259354,52.492453,28357
13.362934,52.522867,13.328091,52.518563,28357
13.302258,52.486452,13.321608,52.593543,28357
13.583316,52.523762,13.519279,52.508802,28363
13.387437,52.549032,13.352895,52.564377,28365
13.278225,52.503466,13.323223,52.456597,28365
13.400153,52.606202,13.429518,52.576391,28367
13.194203,52.558734,13.212485,52.547404,28367
13.342894,52.531958,13.391952,52.520273,28372
13.325711,52.505568,13.310121,52.493447,28372
13.404584,52.508926,13.385904,52.512076,28374
13.295814,52.451041,13.309318,52.502074,28378
13.326809,52.463297,13.31651,52.46432,28386
13.389385,52.487024,13.320314,52.478819,28396
13.333122,52.487672,13.446842,52.460011,28397
13.447221,52.535643,13.476773,52.565979,28398
13.320222,52.483601,13.319953,52.513469,28401
13.468375,52.507082,13.406258,52.584812,28401
13.362001,52.456031,13.351636,52.441833,28405
13.203186,52.519496,13.19976,52.53541,28408
13.359115,52.50988,13.387447,52.533475,28413
13.39695,52.514346,13.488514,52.495029,28413
13.508318,52.510039,13.479739,52.523081,28415
13.207405,52.421367,13.474461,52.479001,28421
13.300596,52.501946,13.511591,52.440174,28426
13.317512,52.559852,13.286625,52.591278,28432
13.304227,52.426629,13.394003,52.459891,28439
13.511379,52.429688,13.474533,52.445082,28444
13.196601,52.535227,13.154508,52.532904,28453
13.454087,52.601525,13.442502,52.590828,28455
13.301874,52.509814,13.282628,52.506474,28459
13.295231,52.590375,13.311078,52.566609,28460
13.270264,52.51439,13.317437,52.514054,28464
13.413912,52.381896,13.445812,52.461371,28466
13.485615,52.630279,13.497591,52.644481,28469
13.534321,52.448437,13.554598,52.45032,28471
13.378767,52.567332,13.378966,52.558639,28475
13.336791,52.614771,13.309572,52.474454,28479
13.596695,52.44292,13.564325,52.42677,28479
13.390115,52.489631,13.352273,52.488533,28481
13.414107,52.498594,13.431497,52.532078,28496
13.387492,52.439512,13.366145,52.430216,28498
13.561405,52.479287,13.5122,52.454933,28506
13.278538,52.47518,13.340176,52.44998,28511
13.475392,52.501979,13.404644,52.539859,28514
13.341876,52.492318,13.37003,52.492849,28516
13.310844,52.481612,13.438118,52.460495,28522
13.303411,52.505016,13.290512,52.51667,28525
13.391907,52.538895,13.435434,52.532596,28525
13.280634,52.516912,13.281186,52.51359,28527
13.444713,52.483512,13.488238,52.511686,28528
13.370719,52.488015,13.342301,52.477259,28528
13.213573,52.553702,13.245834,52.522514,28529
13.379055,52.599988,13.301618,52.643517,28529
13.481191,52.538665,13.475515,52.513553,28531
13.251795,52.448712,13.279726,52.432424,28534
13.370563,52.556813,13.340299,52.559479,28536
13.411948,52.496481,13.387447,52.533475,28540
13.417068,52.49819,13.444526,52.490389,28542
13.34768,52.486159,13.351039,52.48621,28555
13.629456,52.507983,13.577287,52.502731,28560
13.23225,52.539345,13.218449,52.567384,28567
13.344002,52.536888,13.366695,52.532,28571
13.561785,52.560187,13.617285,52.539138,28571
13.302227,52.53022,13.267889,52.494842,28575
13.6257,52.515566,13.645157,52.524931,28582
13.403261,52.432711,13.401562,52.435706,28584
13.4576,52.545977,13.424484,52.521675,28587
13.171041,52.446421,13.367583,52.591358,28589
13.416635,52.528222,13.414664,52.54116,28590
13.459073,52.427236,13.361846,52.436719,28591
13.489949,52.418124,13.508294,52.478377,28604
13.428173,52.525009,13.420663,52.4754,28606
13.351838,52.565953,13.381568,52.552273,28608
13.505622,52.404849,13.579765,52.39847,28613
13.382798,52.439441,13.366513,52.4597,28618
13.690048,52.439132,13.598501,52.45093,28622
13.302824,52.536441,13.161982,52.519602,28625
13.533153,52.517656,13.574214,52.540357,28626
13.315812,52.463609,13.292947,52.434509,28627
13.403072,52.498438,13.389636,52.495442,28635
13.36412,52.475554,13.340766,52.461648,28638
13.326334,52.461227,13.349321,52.488288,28638
13.196542,52.551485,13.188046,52.522408,28638
13.266112,52.518066,13.376628,52.487712,28639
13.499729,52.534207,13.566193,52.560964,28642
13.359166,52.53969,13.373485,52.556878,28643
13.576244,52.463299,13.554285,52.482356,28650
13.477542,52.526542,13.501724,52.549038,28651
13.313059,52.452675,13.268589,52.517626,28652
13.338198,52.482725,13.328349,52.473391,28654
13.398738,52.608564,13.435281,52.629013,28654
13.370708,52.499968,13.377042,52.560755,28668
13.388412,52.532762,13.474898,52.549663,28670
13.467317,52.502727,13.439969,52.489232,28676
13.306314,52.470329,13.293802,52.491254,28676
13.574372,52.413318,13.606921,52.374736,28677
13.299477,52.454542,13.306749,52.446769,28677
13.538662,52.451005,13.584919,52.515499,28678
13.30313,52.513431,13.399518,52.498273,28678
13.541901,52.50495,13.549327,52.53391,28679
13.39332,52.513229,13.442633,52.557071,28680
13.500811,52.410734,13.479399,52.419128,28681
13.323301,52.49153,13.300596,52.488007,28681
13.440335,52.522947,13.544458,52.566912,28685
13.130705,52.522493,13.156971,52.533006,28689
13.538435,52.569695,13.482841,52.526377,28693
13.321622,52.478751,13.34665,52.450024,28701
13.540315,52.435157,13.53785,52.409997,28710
13.440615,52.551748,13.496886,52.553737,28719
13.351706,52.514683,13.334714,52.573697,28721
13.3277,52.504602,13.381492,52.515139,28722
13.486224,52.418387,13.443392,52.420239,28724
13.389147,52.52755,13.316545,52.51082,28725
13.417834,52.543926,13.453572,52.523127,28734
13.59351,52.443493,13.398482,52.400674,28734
13.203186,52.519496,13.180177,52.496532,28741
13.550162,52.506164,13.444281,52.559675,28741
13.331125,52.48392,13.342255,52.46705,28743
13.24194,52.507726,13.236554,52.510012,28744
13.300596,52.501946,13.314054,52.494491,28745
13.304429,52.518009,13.339886,52.546425,28745
13.271577,52.458863,13.303728,52.436611,28747
13.452026,52.514671,13.410117,52.510586,28747
13.582879,52.447671,13.52436,52.449645,28750
13.274289,52.510447,13.260204,52.516484,28758
13.353264,52.600276,13.312867,52.564801,28758
13.551505,52.568491,13.434359,52.547555,28759
13.588085,52.519124,13.570727,52.557039,28762
13.425749,52.53434,13.379649,52.522592,28772
13.358941,52.506143,13.406161,52.482664,28772
13.428651,52.493899,13.424589,52.469826,28774
13.353251,52.526591,13.351844,52.572379,28781
13.599843,52.546314,13.587362,52.549313,28784
13.173115,52.510604,13.19976,52.53541,28785
13.320311,52.478738,13.320918,52.488653,28790
13.485785,52.466475,13.554851,52.426177,28792
13.379276,52.461331,13.402366,52.439696,28793
13.409051,52.5302,13.409717,52.538568,28798
13.428173,52.525009,13.473315,52.53409,28803
13.328411,52.477416,13.353389,52.506656,28808
13.368191,52.563968,13.274126,52.485482,28809
13.55214,52.556826,13.466924,52.528498,28809
13.666041,52.422998,13.53352,52.452052,28814
13.38219,52.531262,13.404565,52.540642,28819
13.540315,52.435157,13.554598,52.45032,28821
13.209443,52.419549,13.319378,52.492778,28823
13.385753,52.470773,13.371487,52.445532,28826
13.678845,52.468996,13.511691,52.522893,28829
13.441419,52.458846,13.269877,52.490246,28833
13.398261,52.514825,13.438397,52.632597,28835
13.303411,52.505016,13.324049,52.486542,28837
13.532744,52.432262,13.526185,52.437326,28838
13.49644,52.415786,13.502019,52.403465,28840
13.560374,52.561985,13.512021,52.575374,28843
13.306688,52.4859,13.287531,52.475703,28843
13.333831,52.460972,13.436683,52.466129,28846
13.455673,52.52205,13.567921,52.557733,28847
13.192487,52.528618,13.207472,52.538765,28854
13.496563,52.645078,13.42148,52.61382,28864
13.346824,52.472121,13.497882,52.418842,28867
13.310121,52.493447,13.28705,52.472329,28874
13.334962,52.455575,13.330174,52.477289,28874
13.245565,52.423937,13.196902,52.513799,28877
13.422466,52.530812,13.444859,52.515334,28877
13.584556,52.526289,13.539449,52.544769,28877
13.408174,52.551141,13.411007,52.530554,28877
13.279505,52.536848,13.317097,52.528788,28879
13.248112,52.442783,13.314401,52.574661,28881
13.629805,52.521405,13.601075,52.536824,28884
13.268531,52.482388,13.27367,52.481416,28884
13.194906,52.554206,13.208939,52.532648,28885
13.397667,52.495177,13.374941,52.503019,28889
13.454126,52.526499,13.42183,52.561268,28899
13.372922,52.549731,13.346015,52.544864,28911
13.280761,52.429582,13.305433,52.435082,28911
13.527286,52.449166,13.533453,52.437861,28912
13.396565,52.486418,13.384219,52.476282,28914
13.373485,52.556878,13.395501,52.557852,28919
13.604697,52.536703,13.569205,52.527213,28921
13.410273,52.499359,13.397045,52.508988,28922
13.343409,52.472556,13.324496,52.428435,28924
13.439013,52.541109,13.459085,52.556069,28931
13.522949,52.501206,13.558165,52.536283,28932
13.253853,52.510243,13.29728,52.543862,28932
13.493426,52.465309,13.506329,52.458782,28942
13.359375,52.456744,13.292504,52.481652,28942
13.43194,52.466438,13.326085,52.485234,28942
13.171041,52.446421,13.392714,52.46564,28944
13.273502,52.467946,13.280257,52.44465,28949
13.420473,52.461742,13.291764,52.451373,28956
13.336535,52.517659,13.359966,52.520753,28959
13.425906,52.538742,13.403637,52.52311,28961
13.316149,52.476376,13.182762,52.512737,28961
13.588842,52.526636,13.584556,52.526289,28962
13.364243,52.457659,13.34383,52.48782,28968
13.203672,52.559348,13.358142,52.556615,28968
13.58218,52.44254,13.567863,52.447314,28986
13.384741,52.592624,13.432176,52.546593,28989
13.169633,52.544196,13.309606,52.603814,28992
13.319237,52.447744,13.472284,52.468927,28994
13.639154,52.392942,13.639995,52.391061,28996
13.521279,52.462662,13.440423,52.417543,29005
13.246622,52.420771,13.248112,52.442783,29009
13.360268,52.481404,13.35301,52.433414,29014
13.421467,52.465199,13.383061,52.452533,29016
13.289519,52.509419,13.341349,52.520463,29017
13.271304,52.497349,13.300596,52.488007,29030
13.296037,52.517679,13.323725,52.494374,29032
13.479655,52.44695,13.430902,52.464384,29034
13.322595,52.487646,13.302189,52.461693,29036
13.477693,52.532795,13.560199,52.562041,29041
13.279409,52.538108,13.308304,52.483824,29043
13.533328,52.474469,13.543629,52.530704,29054
13.578551,52.443864,13.63245,52.45327,29054
13.504308,52.5345,13.455054,52.497082,29058
13.469082,52.434212,13.49047,52.427887,29058
13.464724,52.524409,13.499564,52.522876,29060
13.281532,52.512831,13.257222,52.503395,29061
13.341713,52.445361,13.327832,52.505562,29064
13.256027,52.41962,13.296037,52.517679,29064
13.402257,52.496434,13.379161,52.507041,29069
13.472474,52.461833,13.456079,52.473747,29072
13.594192,52.524614,13.5779,52.497645,29080
13.507249,52.548509,13.574217,52.486046,29083
13.414314,52.527503,13.415108,52.538458,29086
13.435189,52.491204,13.408068,52.489346,29088
13.328396,52.41926,13.303811,52.416002,29090
13.257564,52.513816,13.398873,52.4659,29094
13.303746,52.47504,13.424703,52.415963,29098
13.356483,52.424899,13.33508,52.456572,29101
13.38801,52.434015,13.301249,52.488171,29102
13.325209,52.428175,13.320314,52.478819,29103
13.585979,52.545719,13.554948,52.515717,29105
13.495103,52.518224,13.553732,52.455787,29105
13.519112,52.461279,13.613208,52.477792,29108
13.579619,52.458922,13.593328,52.441311,29109
13.477108,52.462252,13.494965,52.44168,29114
13.335792,52.435866,13.314529,52.464998,29117
13.58257,52.486609,13.571633,52.496983,29121
13.500145,52.434838,13.511645,52.454616,29122
13.436506,52.551897,13.498141,52.563733,29124
13.365145,52.569898,13.378963,52.526573,29124
13.422908,52.522152,13.445117,52.522305,29127
13.397239,52.519276,13.347736,52.575032,29130
13.264621,52.543578,13.371857,52.548665,29135
13.429708,52.460237,13.477687,52.446588,29140
13.271052,52.575853,13.294804,52.576405,29140
13.45997,52.547188,13.356263,52.555477,29141
13.39123,52.446586,13.356043,52.448847,29141
13.476154,52.487815,13.524697,52.478535,29159
13.424856,52.48218,13.427222,52.500243,29163
13.243954,52.422597,13.323374,52.437587,29169
13.31715,52.576293,13.280957,52.538127,29175
13.201926,52.56989,13.23225,52.539345,29178
13.31574,52.481908,13.376584,52.485385,29182
13.40281,52.408343,13.389033,52.423074,29188
13.372206,52.572126,13.412337,52.567376,29193
13.370417,52.53982,13.40598,52.545694,29200
13.371312,52.436592,13.387492,52.439512,29202
13.198711,52.429796,13.260573,52.444475,29206
13.484894,52.429099,13.468049,52.441163,29209
13.656807,52.415129,13.694718,52.373059,29213
13.401562,52.435706,13.342538,52.464756,29214
13.359735,52.504193,13.373806,52.520908,29218
13.335262,52.483963,13.29619,52.519376,29223
13.46254,52.471097,13.44042,52.427816,29224
13.239471,52.621887,13.370664,52.454538,29224
13.306932,52.513479,13.312753,52.512084,29226
13.428046,52.526566,13.448881,52.52429,29244
13.46515,52.429588,13.500118,52.407642,29249
13.377814,52.472438,13.443655,52.464238,29256
13.501518,52.448841,13.589451,52.422274,29258
13.370146,52.465319,13.365785,52.471814,29258
13.551169,52.548112,13.552819,52.531806,29259
13.298076,52.509909,13.299114,52.490648,29259
13.487858,52.537494,13.468683,52.511005,29263
13.553588,52.505157,13.547861,52.512781,29266
13.444623,52.578149,13.430019,52.554618,29266
13.52324,52.551333,13.445715,52.558426,29267
13.309204,52.46752,13.303714,52.485393,29271
13.474592,52.532609,13.429449,52.521219,29272
13.397045,52.508988,13.341808,52.497325,29273
13.603692,52.525716,13.471904,52.557996,29276
13.40713,52.533251,13.430872,52.529174,29279
13.344857,52.461656,13.385679,52.466091,29281
13.331002,52.585062,13.331618,52.562066,29281
13.271469,52.438256,13.28129,52.593025,29281
13.196601,52.535227,13.213573,52.553702,29287
13.358402,52.537847,13.237059,52.529032,29289
13.446574,52.521361,13.466916,52.553016,29294
13.306,52.525765,13.327934,52.522142,29310
13.466947,52.502669,13.470097,52.531748,29313
13.295188,52.620437,13.319222,52.613341,29316
13.337465,52.450299,13.353186,52.615465,29317
13.31881,52.450688,13.303762,52.458647,29323
13.312305,52.483231,13.361141,52.495863,29330
13.202039,52.512021,13.171755,52.518167,29332
13.299525,52.519546,13.290155,52.496947,29337
13.524899,52.50988,13.581358,52.509858,29338
13.156482,52.458859,13.152565,52.498116,29341
13.375484,52.59718,13.379939,52.602278,29344
13.542952,52.52106,13.605061,52.534164,29356
13.278595,52.471063,13.511379,52.429688,29359
13.294565,52.576309,13.263183,52.543297,29359
13.270332,52.535123,13.322832,52.481802,29362
13.336106,52.514222,13.306719,52.516725,29364
13.403663,52.577941,13.41342,52.559769,29366
13.483979,52.528681,13.471631,52.537957,29367
13.348426,52.434977,13.387492,52.439512,29371
13.306177,52.447314,13.321274,52.444073,29374
13.196601,52.535227,13.205448,52.519257,29377
13.196601,52.535227,13.194906,52.554206,29377
13.467317,52.502727,13.453702,52.485568,29396
13.2442,52.436524,13.326334,52.461227,29407
13.307414,52.498959,13.4782,52.436004,29409
13.378966,52.558639,13.372678,52.561741,29410
13.48285,52.534528,13.586737,52.505031,29415
13.371109,52.558712,13.387437,52.549032,29417
13.411174,52.518751,13.427283,52.564339,29418
13.409789,52.506797,13.471496,52.535227,29418
13.639995,52.391061,13.578285,52.401474,29420
13.557527,52.527412,13.537667,52.53301,29422
13.33846,52.484052,13.322832,52.481802,29423
13.192358,52.526579,13.203709,52.549938,29428
13.313529,52.525763,13.319986,52.505227,29432
13.305117,52.528768,13.387174,52.536947,29433
13.315639,52.488371,13.303411,52.505016,29434
13.576806,52.417249,13.426681,52.46581,29436
13.529084,52.452253,13.451309,52.447778,29447
13.442502,52.590828,13.388462,52.621132,29448
13.482877,52.448285,13.337766,52.450547,29451
13.35396,52.562091,13.32325,52.573133,29453
13.30809,52.429975,13.375785,52.421099,29453
13.410117,52.510586,13.464202,52.496753,29465
13.343824,52.481349,13.329841,52.482379,29467
13.400482,52.580405,13.35454,52.534476,29470
13.293898,52.494542,13.323068,52.50584,29470
13.338143,52.43193,13.333439,52.423185,29471
13.191997,52.545348,13.352608,52.539702,29474
13.349274,52.446839,13.315639,52.488371,29476
13.369101,52.548697,13.402511,52.592217,29476
13.343703,52.508285,13.319946,52.496034,29478
13.4576,52.545977,13.495961,52.556876,29478
13.276679,52.512596,13.272303,52.518682,29480
13.522228,52.488875,13.509975,52.507672,29481
13.527313,52.434238,13.518099,52.452359,29488
13.373447,52.482977,13.377223,52.462945,29490
13.391028,52.563279,13.368162,52.587182,29492
13.326046,52.49468,13.337465,52.450299,29493
13.459176,52.444572,13.425703,52.492442,29494
13.387319,52.552763,13.379039,52.544492,29498
13.174804,52.48279,13.2193,52.575167,29510
13.557438,52.57359,13.485452,52.587547,29513
13.317698,52.517844,13.379276,52.461331,29520
13.339548,52.609833,13.336282,52.595661,29522
13.432862,52.4948,13.429001,52.482453,29522
13.248225,52.538234,13.247727,52.547685,29523
13.159157,52.521975,13.209331,52.565105,29525
13.388007,52.420822,13.292532,52.429391,29541
13.249412,52.523977,13.196021,52.550753,29542
13.307819,52.510135,13.299416,52.52085,29553
13.442502,52.590828,13.409581,52.585357,29556
13.466947,52.502669,13.429073,52.502368,29558
13.553181,52.469383,13.570134,52.485094,29558
13.258175,52.44344,13.25273,52.41739,29559
13.397998,52.510712,13.338074,52.523699,29565
13.325317,52.569749,13.308788,52.556093,29568
13.327456,52.524358,13.398013,52.542257,29573
13.3398,52.518934,13.311715,52.487147,29576
13.279392,52.518255,13.182769,52.544802,29582
13.284089,52.518681,13.248976,52.516927,29583
13.30606,52.586823,13.308602,52.578041,29590
13.315485,52.495553,13.305519,52.499627,29590
13.37616,52.519398,13.442535,52.486235,29593
13.38277,52.590005,13.396573,52.571158,29597
13.516073,52.565814,13.566193,52.560964,29600
13.585407,52.502874,13.509848,52.4438,29602
13.504493,52.451975,13.450155,52.468607,29608
13.481556,52.438712,13.429909,52.442386,29611
13.383219,52.595814,13.346883,52.560689,29611
13.259286,52.430828,13.258411,52.416126,29622
13.528081,52.483156,13.484063,52.566103,29624
13.27979,52.500537,13.314954,52.477765,29628
13.426094,52.60768,13.463955,52.609753,29639
13.367326,52.508185,13.395221,52.524405,29645
13.290512,52.51667,13.317208,52.492595,29645
13.396358,52.49104,13.383521,52.484999,29648
13.290155,52.496947,13.262286,52.481745,29654
13.309572,52.474454,13.34383,52.48782,29655
13.383122,52.592742,13.382693,52.561319,29657
13.142156,52.537356,13.128954,52.522573,29658
13.407713,52.53168,13.407909,52.54195,29663
13.445973,52.482867,13.45345,52.516757,29671
13.342918,52.504753,13.321518,52.499845,29677
13.352628,52.52933,13.234626,52.433884,29682
13.268531,52.482388,13.34407,52.485553,29689
13.322785,52.455209,13.321274,52.444073,29691
13.328772,52.486948,13.289725,52.473693,29697
13.519517,52.480705,13.282958,52.469273,29699
13.315214,52.447996,13.319992,52.456292,29704
13.409679,52.584735,13.413416,52.588519,29705
13.492975,52.636487,13.437094,52.635659,29708
13.500446,52.43549,13.526546,52.464356,29712
13.513772,52.401266,13.54356,52.433766,29712
13.389736,52.53174,13.409717,52.538568,29714
13.527827,52.400205,13.548492,52.401643,29714
13.338191,52.488297,13.324288,52.481767,29716
13.584299,52.441738,13.628279,52.445464,29720
13.382231,52.489858,13.329691,52.510061,29724
13.349816,52.549107,13.346033,52.526197,29728
13.290308,52.517732,13.288705,52.522881,29730
13.361846,52.436719,13.333424,52.429988,29732
13.55436,52.431863,13.562693,52.445864,29736
13.393413,52.552439,13.354888,52.575921,29742
13.336155,52.530389,13.314054,52.494491,29745
13.413482,52.464441,13.419731,52.454695,29748
13.305433,52.435082,13.431133,52.476029,29750
13.446842,52.460011,13.315309,52.490657,29751
13.232365,52.437664,13.243341,52.446761,29757
13.557327,52.435536,13.587231,52.444359,29764
13.454016,52.553957,13.427198,52.544469,29765
13.574501,52.533541,13.589012,52.517457,29769
13.364798,52.485099,13.354877,52.539685,29771
13.438321,52.592039,13.422662,52.558742,29778
13.359046,52.490477,13.295101,52.475341,29782
13.479739,52.523081,13.47527,52.502727,29782
13.342022,52.517876,13.316816,52.525798,29788
13.408904,52.383744,13.424194,52.390148,29801
13.520033,52.503778,13.470423,52.462533,29803
13.55201,52.543536,13.519485,52.546358,29804
13.455535,52.47955,13.284279,52.491888,29806
13.414664,52.54116,13.416635,52.528222,29813
13.431401,52.467514,13.418008,52.460585,29825
13.302192,52.442352,13.355996,52.470776,29829
13.365079,52.503196,13.394397,52.491432,29829
13.328772,52.486948,13.309542,52.473457,29851
13.290597,52.51905,13.309324,52.511691,29867
13.344257,52.546178,13.306082,52.505696,29867
13.452715,52.631865,13.567389,52.448462,29876
13.585378,52.52129,13.577904,52.515413,29880
13.268287,52.451879,13.277522,52.444185,29885
13.538011,52.409959,13.341987,52.416653,29886
13.4485,52.553,13.427198,52.544469,29890
13.543246,52.530709,13.555007,52.558676,29894
13.58668,52.440888,13.706851,52.424142,29898
13.398983,52.406267,13.346566,52.440058,29903
13.410469,52.516962,13.429018,52.518375,29912
13.346098,52.51916,13.350046,52.506191,29915
13.312991,52.415316,13.419963,52.381436,29916
13.474533,52.445082,13.4534,52.453648,29916
13.504265,52.440097,13.33846,52.484052,29916
13.398658,52.447083,13.38385,52.457026,29917
13.358142,52.556615,13.347009,52.59367,29920
13.322059,52.410371,13.354753,52.42216,29920
13.362083,52.552013,13.383574,52.551369,29937
13.562161,52.486099,13.483979,52.528681,29942
13.549817,52.448631,13.553181,52.469383,29944
13.310374,52.467777,13.413195,52.432072,29945
13.196601,52.535227,13.188922,52.558095,29953
13.196601,52.535227,13.201725,52.517776,29953
13.460098,52.431987,13.447527,52.43695,29953
13.631498,52.513419,13.612194,52.512039,29960
13.306638,52.51749,13.328316,52.51724,29962
13.431401,52.467514,13.418077,52.480114,29963
13.188561,52.527831,13.148561,52.543351,29967
13.279457,52.50277,13.256758,52.519136,29970
13.533328,52.474469,13.522959,52.484884,29989
13.302082,52.520326,13.291604,52.510708,29993
13.290095,52.51902,13.226152,52.55643,29995
13.340527,52.51863,13.349615,52.487323,29995
13.632705,52.455774,13.589173,52.428425,30002
13.389866,52.488735,13.3947,52.455874,30009
13.569874,52.486868,13.461916,52.535229,30012
13.282888,52.501232,13.369208,52.515677,30014
13.700717,52.443131,13.579548,52.518959,30017
13.59669,52.441958,13.612013,52.447924,30024
13.312753,52.512084,13.339181,52.500032,30025
13.436106,52.458362,13.418008,52.460585,30031
13.36288,52.52445,13.34012,52.505252,30032
13.283961,52.512796,13.241437,52.473194,30037
13.568404,52.571693,13.509739,52.574217,30039
13.421295,52.545179,13.355018,52.540438,30039
13.479399,52.419128,13.474958,52.463519,30043
13.511485,52.552059,13.537203,52.534481,30045
13.269397,52.454159,13.286444,52.489366,30046
13.306378,52.488366,13.30581,52.465706,30051
13.463815,52.522767,13.451466,52.538341,30052
13.579765,52.39847,13.572778,52.393296,30053
13.296311,52.541995,13.284089,52.518681,30054
13.36354,52.442029,13.378116,52.456213,30060
13.311904,52.413351,13.366835,52.449657,30070
13.331098,52.485969,13.359019,52.494378,30072
13.440485,52.534737,13.438394,52.53478,30076
13.718907,52.433979,13.678845,52.468996,30081
13.398155,52.514709,13.380307,52.505994,30082
13.194153,52.430884,13.207863,52.421434,30083
13.194153,52.430884,13.207405,52.421367,30083
13.296425,52.501857,13.331205,52.502675,30087
13.184213,52.551879,13.207472,52.538765,30093
13.450847,52.52716,13.429598,52.485412,30108
13.418218,52.515603,13.409679,52.524054,30109
13.410824,52.444817,13.468206,52.431734,30119
13.412004,52.503283,13.395315,52.516208,30122
13.329146,52.471512,13.424589,52.469826,30122
13.359948,52.439527,13.285677,52.479237,30125
13.385904,52.512076,13.404584,52.508926,30133
13.406152,52.553385,13.338074,52.523699,30136
13.402117,52.4467,13.349353,52.508572,30136
13.344549,52.555746,13.359849,52.533157,30139
13.299416,52.52085,13.281698,52.522095,30146
13.547861,52.512781,13.588842,52.526636,30157
13.553181,52.469383,13.558341,52.453012,30158
13.187539,52.515079,13.208939,52.532648,30159
13.318302,52.461748,13.347715,52.43866,30163
13.305519,52.499627,13.281679,52.508785,30165
13.392768,52.492053,13.321665,52.465458,30167
13.305788,52.459011,13.318698,52.458751,30175
13.37841,52.534299,13.331441,52.522147,30179
13.431975,52.622753,13.538435,52.569695,30179
13.647454,52.340464,13.642862,52.373316,30179
13.323139,52.491046,13.307153,52.500094,30180
13.410298,52.521746,13.43934,52.530823,30186
13.448725,52.457336,13.311798,52.455296,30192
13.448881,52.52429,13.413299,52.506926,30192
13.457111,52.44351,13.449254,52.452378,30193
13.454574,52.57037,13.42653,52.542959,30195
13.327784,52.522063,13.359549,52.523472,30197
13.330002,52.513069,13.307323,52.512764,30201
13.230591,52.513767,13.243355,52.515602,30201
13.317938,52.563235,13.333574,52.560939,30202
13.540315,52.435157,13.540092,52.413167,30210
13.355752,52.593382,13.347702,52.574412,30210
13.398054,52.517559,13.303419,52.524679,30210
13.325209,52.428175,13.260302,52.412313,30215
13.280257,52.44465,13.362308,52.433577,30217
13.300353,52.487731,13.285772,52.479973,30218
13.40101,52.518324,13.44834,52.497551,30219
13.310121,52.493447,13.28705,52.472329,30224
13.310875,52.465336,13.352394,52.45074,30231
13.339323,52.46161,13.322569,52.48531,30234
13.592407,52.4386,13.562712,52.446007,30237
13.31677,52.501111,13.414905,52.494558,30239
13.605494,52.514134,13.588781,52.512706,30241
13.432414,52.470144,13.301415,52.512722,30243
13.317097,52.528788,13.325814,52.532474,30244
13.535181,52.561433,13.499762,52.541217,30255
13.624282,52.516277,13.590108,52.518036,30258
13.514258,52.421006,13.558622,52.450132,30260
13.536089,52.510176,13.61976,52.533514,30263
13.405476,52.546994,13.34963,52.544984,30272
13.348071,52.514302,13.43825,52.514597,30278
13.32376,52.592971,13.268194,52.637247,30278
13.450735,52.520196,13.430401,52.499279,30279
13.345889,52.498833,13.219123,52.423035,30281
13.32423,52.477391,13.312033,52.442423,30281
13.458776,52.520538,13.506677,52.462921,30286
13.343354,52.479944,13.314858,52.493286,30289
13.349033,52.489477,13.37003,52.492849,30292
13.28334,52.589983,13.288898,52.602846,30292
13.467514,52.55592,13.438205,52.511883,30296
13.219138,52.508745,13.205153,52.524607,30300
13.398236,52.502432,13.436766,52.487177,30301
13.620733,52.530715,13.610248,52.534543,30302
13.332866,52.575506,13.270207,52.590979,30306
13.487906,52.461316,13.442891,52.502039,30307
13.473624,52.496241,13.451281,52.471954,30308
13.296642,52.513727,13.31563,52.484129,30308
13.328091,52.518563,13.362934,52.522867,30311
13.374734,52.481282,13.345202,52.490312,30313
13.346819,52.412679,13.393991,52.419448,30315
13.49047,52.427887,13.469082,52.434212,30319
13.358142,52.556615,13.404644,52.539859,30320
13.169946,52.511624,13.207472,52.538765,30333
13.435434,52.532596,13.352177,52.546312,30334
13.303824,52.470707,13.300538,52.534399,30335
13.314976,52.514028,13.291148,52.513239,30343
13.345934,52.516205,13.396897,52.50988,30343
13.755065,52.438364,13.695315,52.464069,30345
13.27367,52.481416,13.271355,52.453706,30349
13.272947,52.548575,13.275499,52.536937,30353
13.383061,52.452533,13.421467,52.465199,30354
13.23089,52.440699,13.267379,52.44229,30358
13.291238,52.416805,13.553806,52.420312,30358
13.494965,52.44168,13.485752,52.472946,30360
13.133217,52.470111,13.173978,52.509265,30360
13.600719,52.538384,13.589479,52.527939,30366
13.262061,52.501105,13.17922,52.530647,30367
13.157423,52.542312,13.194503,52.516591,30367
13.352238,52.480193,13.321422,52.465218,30370
13.405135,52.547852,13.373816,52.547645,30379
13.3939,52.50969,13.417664,52.513947,30383
13.249981,52.450097,13.249251,52.449772,30383
13.25116,52.453311,13.262061,52.501105,30386
13.338036,52.427428,13.313988,52.47942,30387
13.364751,52.56194,13.355144,52.596633,30393
13.505758,52.555341,13.549521,52.543595,30393
13.398854,52.62145,13.305013,52.585361,30398
13.371658,52.423592,13.338767,52.4268,30400
13.173169,52.471689,13.194563,52.531814,30402
13.34665,52.450024,13.401301,52.382046,30403
13.689952,52.43126,13.628197,52.455198,30403
13.353636,52.562095,13.336873,52.552553,30415
13.347984,52.556183,13.368933,52.563177,30418
13.572778,52.393296,13.58241,52.394381,30423
13.331235,52.486102,13.476722,52.468305,30423
13.549965,52.532364,13.582537,52.466037,30431
13.521681,52.574864,13.557301,52.504362,30431
13.351039,52.48621,13.299715,52.519508,30432
13.338418,52.48994,13.271376,52.489637,30438
13.364215,52.541851,13.427078,52.535771,30439
13.262309,52.439361,13.274352,52.449513,30440
13.38794,52.630296,13.363508,52.59509,30443
13.36081,52.49132,13.330577,52.44724,30460
13.191397,52.547699,13.297343,52.543511,30460
13.40267,52.622115,13.314646,52.552271,30465
13.445863,52.488504,13.433221,52.476884,30466
13.303811,52.416002,13.328396,52.41926,30468
13.314954,52.477765,13.348912,52.457619,30473
13.376907,52.50891,13.339293,52.488716,30476
13.405302,52.508324,13.508031,52.466804,30480
13.273115,52.44231,13.258642,52.442276,30487
13.328458,52.534628,13.325054,52.51751,30488
13.365849,52.455816,13.354207,52.41921,30492
13.286092,52.474802,13.346598,52.59709,30509
13.363874,52.450949,13.377839,52.452513,30510
13.382863,52.438227,13.387658,52.427476,30511
13.219643,52.513656,13.389332,52.440506,30513
13.608999,52.52054,13.571089,52.464392,30516
13.320918,52.488653,13.308487,52.482033,30529
13.331932,52.561721,13.356101,52.607074,30531
13.406458,52.50255,13.478967,52.409302,30531
13.428895,52.537726,13.448563,52.52539,30532
13.464749,52.506992,13.415,52.511264,30542
13.637849,52.52337,13.620733,52.530715,30544
13.41251,52.421691,13.38118,52.46573,30553
13.353198,52.489888,13.362791,52.499682,30556
13.265657,52.517109,13.305117,52.528768,30560
13.279529,52.510822,13.300596,52.488007,30563
13.574876,52.513126,13.610176,52.504804,30565
13.240704,52.442439,13.230483,52.435589,30570
13.332827,52.506629,13.316402,52.498662,30581
13.314347,52.605379,13.254156,52.508451,30582
13.334457,52.589014,13.34233,52.58976,30583
13.228771,52.52564,13.318691,52.574065,30587
13.409616,52.547367,13.379384,52.540462,30591
13.377509,52.508355,13.363837,52.497333,30598
13.307819,52.510135,13.358737,52.526277,30598
13.517112,52.5643,13.570483,52.565059,30598
13.387492,52.439512,13.395411,52.424392,30598
13.313433,52.503269,13.426681,52.46581,30604
13.33248,52.597771,13.298947,52.545902,30604
13.310135,52.539452,13.326825,52.539607,30614
13.311856,52.458225,13.319464,52.492238,30615
13.589691,52.529321,13.618392,52.527556,30620
13.411042,52.513244,13.461976,52.550767,30620
13.382478,52.630378,13.330177,52.525658,30622
13.393729,52.510789,13.44475,52.468017,30623
13.449256,52.568314,13.413788,52.550589,30624
13.337475,52.472964,13.289519,52.509419,30629
13.30331,52.430908,13.294921,52.443169,30631
13.284269,52.596516,13.300674,52.420809,30632
13.257837,52.424858,13.277881,52.415422,30633
13.448881,52.52429,13.428046,52.526566,30638
13.615424,52.531812,13.604788,52.546489,30638
13.412774,52.557566,13.445528,52.549163,30642
13.257176,52.518808,13.322688,52.568161,30643
13.564376,52.54473,13.581424,52.551891,30643
13.582461,52.550367,13.466859,52.549547,30651
13.314606,52.547491,13.355606,52.548502,30654
13.587362,52.549313,13.562164,52.557971,30658
13.476773,52.565979,13.394465,52.491718,30659
13.341796,52.475162,13.349274,52.446839,30665
13.398287,52.576827,13.442209,52.609301,30667
13.562152,52.437234,13.484982,52.536568,30671
13.256758,52.519136,13.279457,52.50277,30674
13.317422,52.566674,13.347702,52.574412,30677
13.349321,52.488288,13.326334,52.461227,30687
13.355616,52.460814,13.343807,52.433465,30693
13.248225,52.538234,13.279222,52.524575,30695
13.419689,52.478521,13.431453,52.524394,30697
13.610815,52.535533,13.52352,52.528781,30697
13.327413,52.448677,13.268589,52.517626,30703
13.455768,52.500865,13.450503,52.529258,30703
13.260443,52.572148,13.274842,52.589006,30705
13.379797,52.521692,13.337501,52.516013,30707
13.162005,52.551721,13.344748,52.603654,30708
13.450734,52.527332,13.454211,52.515705,30710
13.340881,52.495421,13.259505,52.548189,30710
13.594538,52.539052,13.59504,52.526481,30711
13.402366,52.439696,13.415508,52.451457,30715
13.322577,52.48557,13.320765,52.464399,30719
13.31647,52.5669,13.303411,52.419403,30724
13.612839,52.491862,13.592115,52.51853,30725
13.266639,52.546594,13.276659,52.469242,30727
13.361876,52.447225,13.394191,52.445338,30731
13.574522,52.55512,13.401262,52.546604,30732
13.335203,52.471309,13.337775,52.410562,30733
13.329841,52.482379,13.230591,52.513767,30739
13.331138,52.518969,13.442535,52.486235,30740
13.218061,52.508667,13.296069,52.482754,30745
13.347702,52.574412,13.321233,52.568357,30750
13.469541,52.520386,13.45345,52.516757,30754
13.329279,52.591022,13.292179,52.479112,30755
13.395747,52.445248,13.366704,52.43545,30756
13.270837,52.506682,13.216891,52.527102,30756
13.520033,52.503778,13.481416,52.502012,30756
13.486294,52.493359,13.467317,52.502727,30758
13.257061,52.452331,13.24882,52.438704,30762
13.577287,52.502731,13.629456,52.507983,30763
13.229168,52.424801,13.299286,52.513473,30765
13.443868,52.526445,13.468683,52.511005,30782
13.495961,52.556876,13.4576,52.545977,30787
13.341349,52.520463,13.298076,52.509909,30793
13.300596,52.488007,13.273714,52.476823,30799
13.532666,52.521859,13.49306,52.521826,30799
13.547121,52.426709,13.448854,52.419588,30802
13.537667,52.53301,13.42148,52.61382,30802
13.371245,52.447215,13.327702,52.438725,30803
13.289376,52.468816,13.382798,52.439441,30811
13.186013,52.544833,13.283249,52.511114,30814
13.451523,52.520402,13.447692,52.523981,30816
13.269091,52.427668,13.273799,52.42422,30816
13.295281,52.567053,13.207128,52.432739,30819
13.432525,52.479005,13.39965,52.45516,30819
13.291604,52.510708,13.313555,52.515284,30831
13.381507,52.530147,13.421373,52.549429,30833
13.504197,52.436808,13.468288,52.434645,30843
13.476212,52.482952,13.457675,52.509092,30844
13.469957,52.527984,13.402382,52.573381,30845
13.289238,52.510393,13.254415,52.506714,30854
13.296439,52.529331,13.291286,52.512428,30856
13.278232,52.449372,13.298616,52.457778,30864
13.353938,52.524013,13.303824,52.470707,30866
13.344774,52.446863,13.3947,52.455874,30868
13.246115,52.431462,13.25469,52.450164,30870
13.288222,52.588879,13.237065,52.436959,30883
13.463753,52.466408,13.388157,52.437294,30884
13.437094,52.635659,13.492975,52.636487,30889
13.513631,52.490612,13.526439,52.481245,30891
13.58369,52.514913,13.623484,52.512621,30903
13.281697,52.509908,13.267137,52.531652,30908
13.251731,52.411703,13.259286,52.430828,30910
13.450102,52.428057,13.48283,52.407905,30915
13.468249,52.427725,13.449097,52.425202,30916
13.355268,52.507416,13.316456,52.478269,30919
13.091331,52.413455,13.18666,52.432191,30925
13.466495,52.442207,13.335318,52.469295,30927
13.558165,52.536283,13.594049,52.533693,30928
13.353272,52.612508,13.369982,52.614787,30928
13.303411,52.505016,13.318316,52.510935,30937
13.371658,52.423592,13.360494,52.410501,30943
13.429073,52.502368,13.466947,52.502669,30949
13.535795,52.521585,13.485263,52.533958,30951
13.638162,52.387968,13.574372,52.413318,30954
13.266917,52.455426,13.273709,52.435895,30954
13.563132,52.497697,13.557116,52.544952,30958
13.390444,52.490741,13.452027,52.51069,30980
13.303296,52.524501,13.308516,52.484019,30983
13.411884,52.587225,13.378419,52.590999,30987
13.57413,52.531812,13.55154,52.53397,30988
13.284554,52.445754,13.302374,52.449028,30989
13.336787,52.489563,13.357714,52.523664,30990
13.444645,52.443708,13.241007,52.510711,30990
13.554598,52.45032,13.575853,52.46388,30990
13.277816,52.509672,13.31881,52.450688,30990
13.346435,52.574472,13.314316,52.464776,30990
13.200963,52.517388,13.19976,52.53541,30993
13.468879,52.534541,13.432739,52.517288,30994
13.331497,52.489901,13.317372,52.473954,30996
13.373173,52.56577,13.413009,52.563028,30996
13.426358,52.387534,13.389673,52.398549,30998
13.30994,52.569983,13.322621,52.497837,31001
13.321591,52.577313,13.240732,52.558947,31003
13.335844,52.465748,13.31881,52.450688,31005
13.331205,52.502675,13.365079,52.503196,31005
13.284291,52.4357,13.283943,52.49599,31021
13.308788,52.556093,13.308936,52.547697,31025
13.391387,52.513117,13.404765,52.521973,31026
13.339874,52.48507,13.301867,52.49911,31035
13.280957,52.538127,13.320777,52.570357,31037
13.36412,52.475554,13.333112,52.46009,31038
13.424264,52.513499,13.417226,52.490738,31038
13.262645,52.507606,13.300513,52.517099,31040
13.477792,52.516877,13.466735,52.507363,31040
13.431981,52.505757,13.247736,52.417542,31044
13.436451,52.534409,13.440744,52.545348,31046
13.362772,52.56661,13.384067,52.569346,31051
13.177343,52.421329,13.229862,52.43387,31052
13.422298,52.547944,13.371532,52.569429,31057
13.342538,52.464756,13.448629,52.449033,31061
13.30888,52.41396,13.325344,52.432182,31067
13.53352,52.452052,13.502448,52.461456,31068
13.591435,52.522943,13.592102,52.539336,31073
13.505789,52.405889,13.51902,52.420998,31077
13.542568,52.486563,13.498995,52.49709,31082
13.354207,52.41921,13.311745,52.410971,31084
13.288477,52.588508,13.303636,52.592655,31086
13.364085,52.455872,13.434455,52.462337,31087
13.304208,52.472752,13.349987,52.474485,31091
13.457812,52.512784,13.459411,52.524152,31095
13.591784,52.537076,13.596219,52.51754,31101
13.541475,52.417841,13.579801,52.414279,31101
13.404719,52.443398,13.385873,52.445571,31105
13.243355,52.515602,13.33329,52.481523,31108
13.474772,52.552046,13.454987,52.528475,31113
13.519485,52.546358,13.568404,52.571693,31115
13.30091,52.423799,13.374877,52.44622,31119
13.182956,52.547928,13.21859,52.558647,31119
13.57859,52.566156,13.593547,52.522681,31123
13.316122,52.434568,13.33625,52.467496,31135
13.446729,52.491567,13.467317,52.502727,31136
13.259125,52.438047,13.232365,52.437664,31141
13.396883,52.488086,13.407883,52.489088,31143
13.266262,52.502292,13.289376,52.468816,31149
13.48453,52.524486,13.501403,52.534456,31151
13.197356,52.50611,13.229316,52.510321,31152
13.486636,52.613343,13.471038,52.615354,31158
13.38219,52.531262,13.409097,52.541298,31159
13.302175,52.486633,13.335315,52.481796,31164
13.33699,52.484626,13.332749,52.478743,31171
13.526439,52.481245,13.516876,52.489942,31172
13.377886,52.468636,13.37686,52.456021,31173
13.365471,52.497314,13.290632,52.500168,31181
13.518647,52.505872,13.581573,52.505181,31181
13.429001,52.482453,13.432862,52.4948,31189
13.391376,52.555168,13.364707,52.601376,31189
13.303186,52.421743,13.310788,52.430727,31191
13.543678,52.528321,13.539094,52.570828,31191
13.418008,52.460585,13.436106,52.458362,31194
13.457083,52.531262,13.438711,52.551241,31194
13.571243,52.573102,13.592177,52.547927,31199
13.606826,52.454143,13.582525,52.516529,31199
13.424194,52.390148,13.41177,52.378758,31205
13.320167,52.483737,13.3578,52.48873,31207
13.384452,52.567544,13.384718,52.568943,31211
13.303722,52.536395,13.295828,52.508092,31212
13.25531,52.520518,13.265196,52.456433,31214
13.48743,52.545318,13.467372,52.509682,31216
13.248112,52.442783,13.520678,52.434144,31217
13.301618,52.643517,13.292209,52.619068,31220
13.359225,52.536804,13.313301,52.502318,31226
13.29388,52.488413,13.330923,52.48358,31231
13.229241,52.568288,13.222927,52.583586,31236
13.305031,52.512951,13.296873,52.627482,31240
13.400282,52.539453,13.408214,52.541336,31242
13.205435,52.419743,13.299218,52.515163,31245
13.300596,52.488007,13.268995,52.485205,31249
13.30793,52.523264,13.377724,52.417751,31251
13.529065,52.510258,13.541528,52.481256,31256
13.346028,52.554911,13.387437,52.549032,31262
13.476576,52.50964,13.460235,52.528096,31268
13.37069,52.563229,13.385326,52.584025,31272
13.575995,52.497886,13.613032,52.500344,31274
13.300751,52.503203,13.31179,52.479768,31276
13.613208,52.477792,13.615716,52.498824,31280
13.453788,52.469425,13.436577,52.477338,31283
13.46825,52.509519,13.441642,52.501236,31284
13.406873,52.392396,13.421311,52.42429,31288
13.335033,52.609408,13.337674,52.600651,31288
13.332827,52.506629,13.329841,52.482379,31289
13.313443,52.499162,13.54057,52.407481,31292
13.478833,52.446107,13.479087,52.443174,31297
13.386125,52.524728,13.398236,52.502432,31297
13.31651,52.46432,13.271942,52.517922,31304
13.359688,52.525097,13.337642,52.503663,31306
13.553986,52.569816,13.548462,52.550781,31325
13.530432,52.460567,13.530432,52.460567,31325
13.335318,52.469295,13.331006,52.493169,31341
13.267289,52.484226,13.282489,52.477914,31342
13.336873,52.552553,13.362772,52.56661,31345
13.320713,52.477907,13.261369,52.483624,31346
13.24608,52.434357,13.272439,52.437239,31357
13.364183,52.527984,13.44326,52.60625,31358
13.353174,52.529378,13.368916,52.526177,31361
13.295534,52.453039,13.302286,52.40864,31361
13.298321,52.470759,13.310121,52.493447,31361
13.471095,52.539097,13.50535,52.56623,31363
13.337521,52.476424,13.267889,52.494842,31364
13.364486,52.459786,13.349003,52.43941,31365
13.435281,52.629013,13.378804,52.625334,31366
13.413299,52.506926,13.443652,52.514935,31367
13.295348,52.507279,13.328144,52.477815,31370
13.447346,52.48836,13.479763,52.501889,31372
13.390262,52.519961,13.412396,52.537988,31376
13.11833,52.462785,13.163512,52.46713,31384
13.392421,52.464313,13.294567,52.474215,31384
13.121908,52.451912,13.121409,52.442705,31395
13.378633,52.451102,13.459277,52.434289,31395
13.464341,52.514672,13.422095,52.525262,31399
13.226497,52.426554,13.162745,52.418508,31406
13.540315,52.435157,13.557795,52.424196,31410
13.540315,52.435157,13.502478,52.43168,31410
13.320214,52.563407,13.329279,52.591022,31419
13.415083,52.522578,13.446556,52.511386,31423
13.492309,52.544007,13.524119,52.555007,31424
13.285772,52.479973,13.300353,52.487731,31428
13.317208,52.492595,13.31997,52.505182,31432
13.323302,52.575829,13.373673,52.550621,31438
13.54964,52.543639,13.555488,52.527268,31452
13.290155,52.496947,13.2746,52.482026,31454
13.425859,52.388475,13.483644,52.40634,31455
13.42183,52.561268,13.379452,52.569894,31457
13.323725,52.494374,13.236093,52.532412,31460
13.431401,52.467514,13.414847,52.459742,31475
13.514169,52.420998,13.493486,52.425791,31475
13.471904,52.557996,13.443635,52.557508,31482
13.430019,52.554618,13.444623,52.578149,31482
13.614623,52.540496,13.609421,52.515977,31485
13.642862,52.373316,13.263885,52.521055,31492
13.365422,52.479565,13.361942,52.476514,31497
13.260337,52.512412,13.228771,52.52564,31500
13.649018,52.413189,13.676914,52.418207,31501
13.359549,52.523472,13.327784,52.522063,31504
13.48263,52.572133,13.471496,52.535227,31504
13.548033,52.410358,13.4782,52.436004,31505
13.295861,52.481184,13.310121,52.493447,31508
13.543629,52.530704,13.543678,52.528321,31510
13.288454,52.473041,13.266947,52.550644,31511
13.326713,52.52318,13.342406,52.462843,31513
13.291933,52.477227,13.323557,52.431914,31514
13.321298,52.573937,13.198925,52.553977,31517
13.38385,52.457026,13.355616,52.460814,31517
13.292504,52.481652,13.25159,52.423864,31519
13.406953,52.485801,13.447346,52.48836,31520
13.258642,52.442276,13.277227,52.442113,31521
13.340283,52.464637,13.314317,52.47317,31526
13.45345,52.516757,13.445973,52.482867,31528
13.359024,52.480699,13.459591,52.533119,31537
13.526546,52.464356,13.56976,52.441932,31540
13.450067,52.455639,13.444284,52.463691,31545
13.342942,52.451908,13.326753,52.456549,31549
13.603692,52.525716,13.574876,52.513126,31550
13.497263,52.567393,13.536744,52.570266,31552
13.408214,52.541336,13.391089,52.54472,31553
13.58706,52.443265,13.482351,52.405448,31557
13.41729,52.504164,13.428877,52.557139,31557
13.50111,52.483106,13.405417,52.488848,31559
13.380743,52.434388,13.413791,52.497924,31561
13.310121,52.493447,13.289945,52.482246,31574
13.313821,52.476312,13.342163,52.565003,31574
13.57491,52.529321,13.555412,52.513428,31578
13.442502,52.590828,13.418495,52.599567,31578
13.384047,52.495175,13.406552,52.489823,31578
13.327571,52.606274,13.306434,52.517555,31578
13.327782,52.593259,13.379314,52.57722,31598
13.474533,52.445082,13.412435,52.508931,31611
13.51078,52.464154,13.464867,52.477323,31617
13.569205,52.527213,13.604697,52.536703,31621
13.328835,52.485123,13.319237,52.447744,31623
13.443392,52.420239,13.392644,52.429889,31625
13.595642,52.420285,13.522404,52.435137,31634
13.57739,52.434038,13.347512,52.467638,31634
13.339363,52.47891,13.327737,52.471151,31635
13.273799,52.42422,13.252072,52.419608,31635
13.317208,52.492595,13.340766,52.461648,31642
13.462474,52.612242,13.433561,52.607581,31645
13.408341,52.563712,13.423202,52.574499,31646
13.584556,52.526289,13.599879,52.542035,31651
13.288705,52.522881,13.287758,52.515181,31654
13.533538,52.523223,13.48674,52.526651,31660
13.604074,52.480414,13.579619,52.458922,31661
13.281229,52.482682,13.306026,52.469541,31667
13.561686,52.504259,13.575171,52.494608,31669
13.352238,52.480193,13.342139,52.489834,31672
13.301289,52.422698,13.284902,52.417296,31672
13.415,52.511264,13.464749,52.506992,31685
13.443652,52.514935,13.349751,52.494637,31693
13.593653,52.445828,13.562712,52.446007,31696
13.387771,52.460548,13.42884,52.477953,31697
13.306133,52.523292,13.344704,52.545849,31699
13.274842,52.589006,13.322688,52.568161,31702
13.314723,52.525777,13.322776,52.511316,31702
13.478109,52.514483,13.494391,52.513281,31705
13.358941,52.506143,13.336998,52.488284,31707
13.309132,52.500288,13.297164,52.47344,31713
13.395519,52.498941,13.465539,52.442659,31714
13.308925,52.490854,13.30949,52.492007,31718
13.459366,52.440561,13.455793,52.423187,31718
13.367858,52.50258,13.416852,52.504277,31724
13.353645,52.474731,13.337656,52.458556,31725
13.404131,52.499782,13.428824,52.484244,31728
13.374501,52.423298,13.411305,52.436885,31730
13.29676,52.594672,13.326586,52.446116,31731
13.365042,52.448761,13.315017,52.452258,31732
13.378419,52.590999,13.277209,52.513615,31733
13.297265,52.434363,13.327659,52.42848,31734
13.55154,52.53397,13.57413,52.531812,31734
13.357331,52.506467,13.422894,52.512131,31735
13.384047,52.495175,13.380307,52.505994,31739
13.384889,52.484983,13.360307,52.509839,31746
13.302374,52.449028,13.284554,52.445754,31748
13.319845,52.518701,13.328458,52.534628,31749
13.345103,52.493342,13.329729,52.458142,31751
13.359567,52.520704,13.353121,52.546796,31752
13.254933,52.5161,13.29304,52.507942,31754
13.650519,52.409708,13.617041,52.451064,31755
13.626025,52.521583,13.592931,52.548402,31757
13.306459,52.491582,13.291447,52.475211,31760
13.494645,52.644302,13.393155,52.601036,31761
13.443858,52.545004,13.445451,52.538748,31763
13.423295,52.482154,13.408068,52.489346,31769
13.373277,52.542187,13.388226,52.520335,31771
13.511379,52.429688,13.331345,52.49658,31771
13.414497,52.583141,13.42715,52.592021,31783
13.321426,52.412292,13.271943,52.448586,31785
13.450796,52.531888,13.499653,52.536725,31785
13.449254,52.452378,13.414328,52.44402,31789
13.221392,52.423758,13.226497,52.426554,31791
13.351373,52.509097,13.320036,52.523111,31795
13.442647,52.547185,13.400042,52.512907,31795
13.195324,52.527834,13.207472,52.538765,31797
13.352968,52.521238,13.335969,52.49997,31798
13.514329,52.539602,13.497605,52.54368,31798
13.267764,52.445989,13.267889,52.494842,31815
13.247539,52.544694,13.31617,52.578551,31816
13.292294,52.553758,13.318211,52.604276,31819
13.196021,52.550753,13.311817,52.45002,31823
13.303195,52.490764,13.283953,52.578626,31825
13.298999,52.504246,13.268537,52.508145,31825
13.636079,52.394001,13.689369,52.367968,31827
13.425074,52.487102,13.427488,52.49891,31829
13.505698,52.506208,13.465652,52.506253,31834
13.245834,52.522514,13.311162,52.453694,31839
13.463932,52.513005,13.499842,52.511153,31841
13.475515,52.513553,13.500666,52.518027,31843
13.439605,52.475863,13.427039,52.475512,31845
13.320765,52.464399,13.281186,52.51359,31850
13.346033,52.526197,13.349816,52.549107,31852
13.464469,52.485749,13.412236,52.492146,31852
13.417834,52.543926,13.330092,52.513598,31853
13.319986,52.505227,13.313529,52.525763,31853
13.398892,52.418258,13.442573,52.415405,31862
13.395124,52.532971,13.36973,52.539532,31863
13.316583,52.479068,13.291238,52.4937,31866
13.357859,52.538887,13.436811,52.638287,31871
13.508396,52.478349,13.479174,52.484353,31876
13.394256,52.547406,13.352649,52.559266,31896
13.328238,52.493658,13.277431,52.50298,31900
13.457313,52.486584,13.45592,52.574029,31903
13.358083,52.591441,13.375951,52.567841,31907
13.531272,52.510589,13.454233,52.522175,31913
13.292049,52.470162,13.323663,52.60932,31915
13.435651,52.536099,13.417993,52.515461,31921
13.436078,52.515315,13.416464,52.511004,31933
13.361876,52.447225,13.346869,52.449985,31934
13.366179,52.523926,13.340255,52.519352,31939
13.506307,52.402971,13.488328,52.419295,31940
13.436451,52.534409,13.435299,52.514462,31940
13.398885,52.532603,13.422063,52.520167,31943
13.452076,52.49027,13.449011,52.51123,31943
13.261368,52.485664,13.31721,52.568959,31947
13.525364,52.460794,13.526684,52.445382,31952
13.530311,52.495242,13.514328,52.477491,31955
13.366541,52.495235,13.385256,52.46713,31957
13.341987,52.416653,13.386545,52.442148,31963
13.351385,52.528212,13.389249,52.547123,31964
13.381375,52.500599,13.393687,52.519219,31970
13.372177,52.546621,13.363513,52.527767,31971
13.560406,52.38867,13.611452,52.455949,31971
13.39993,52.515883,13.424484,52.521675,31973
13.330268,52.445302,13.309204,52.46752,31980
13.527096,52.49212,13.421525,52.537707,31990
13.455013,52.523487,13.419428,52.591449,31993
13.319637,52.502921,13.341806,52.494368,32000
13.63245,52.45327,13.578551,52.443864,32002
13.617285,52.539138,13.621503,52.531999,32005
13.41,52.554759,13.427198,52.544469,32009
13.540315,52.435157,13.534937,52.427237,32010
13.308237,52.459748,13.203186,52.519496,32010
13.642862,52.373316,13.491853,52.464898,32016
13.491314,52.466819,13.478597,52.471562,32018
13.464611,52.466982,13.480313,52.44945,32020
13.447761,52.526524,13.459101,52.517451,32021
13.275673,52.518062,13.306301,52.470356,32027
13.260573,52.444475,13.198711,52.429796,32028
13.404765,52.521973,13.395315,52.516208,32028
13.426746,52.543711,13.425912,52.582555,32029
13.524697,52.478535,13.508514,52.463716,32032
13.341844,52.449683,13.35551,52.44586,32033
13.56129,52.399129,13.337144,52.49407,32039
13.344943,52.460621,13.331036,52.495128,32042
13.345752,52.552182,13.307811,52.556454,32042
13.420557,52.44471,13.411305,52.436885,32044
13.471038,52.615354,13.477211,52.606182,32049
13.361735,52.425495,13.328643,52.424065,32051
13.196601,52.535227,13.158638,52.531372,32053
13.484947,52.544693,13.454297,52.545937,32059
13.462589,52.549699,13.454987,52.528475,32067
13.205448,52.519257,13.344937,52.482622,32070
13.414259,52.439572,13.292179,52.479112,32072
13.312688,52.618519,13.339381,52.579198,32073
13.260233,52.439275,13.435061,52.471011,32085
13.608374,52.471171,13.579619,52.458922,32087
13.321274,52.444073,13.324997,52.46126,32087
13.612013,52.447924,13.566163,52.437963,32089
13.264309,52.495815,13.264745,52.505337,32090
13.239835,52.606579,13.240359,52.626668,32097
13.537419,52.438142,13.514515,52.446509,32098
13.467317,52.502727,13.459182,52.485239,32102
13.264745,52.505337,13.282561,52.451563,32102
13.509975,52.507672,13.522228,52.488875,32103
13.322977,52.499873,13.307153,52.500094,32103
13.532916,52.406718,13.486671,52.434271,32111
13.319613,52.536992,13.341645,52.526283,32113
13.40559,52.407016,13.309667,52.478174,32114
13.354888,52.575921,13.393413,52.552439,32118
13.367258,52.504591,13.382367,52.504523,32124
13.320484,52.499713,13.333122,52.487672,32127
13.592102,52.539336,13.591435,52.522943,32129
13.477449,52.530803,13.47812,52.533221,32133
13.156971,52.533006,13.130705,52.522493,32138
13.479233,52.553168,13.397929,52.567431,32141
13.204678,52.521269,13.207472,52.538765,32142
13.610845,52.48363,13.651388,52.522903,32146
13.210076,52.543978,13.196052,52.552982,32146
13.244231,52.514784,13.296098,52.596737,32150
13.309708,52.539448,13.349503,52.542272,32154
13.322688,52.568161,13.330828,52.576895,32158
13.527444,52.483469,13.535862,52.477896,32162
13.457976,52.593308,13.321298,52.573937,32165
13.422222,52.535551,13.427198,52.544469,32183
13.46395,52.551183,13.409418,52.511304,32192
13.472278,52.494738,13.441621,52.510035,32196
13.365319,52.525644,13.417988,52.558762,32196
13.59504,52.526481,13.585979,52.545719,32198
13.318316,52.510935,13.31884,52.492029,32201
13.203709,52.549938,13.303824,52.470707,32203
13.329909,52.44314,13.327659,52.42848,32211
13.319535,52.467073,13.424589,52.469826,32212
13.408979,52.420681,13.376248,52.41048,32224
13.367601,52.541695,13.377318,52.545564,32225
13.439013,52.541109,13.459085,52.556069,32231
13.177039,52.525133,13.208007,52.543774,32234
13.31918,52.443889,13.340855,52.429706,32239
13.631492,52.510866,13.587567,52.511311,32239
13.560298,52.560656,13.619775,52.539509,32242
13.279748,52.426106,13.273709,52.435895,32247
13.353082,52.437206,13.322826,52.431087,32251
13.502448,52.461456,13.53352,52.452052,32258
13.585585,52.431295,13.481289,52.510048,32258
13.349503,52.542272,13.334248,52.547199,32259
13.229868,52.543792,13.261149,52.537126,32263
13.392714,52.46564,13.422139,52.457758,32263
13.203672,52.559348,13.292831,52.534421,32269
13.721056,52.438918,13.712456,52.427251,32270
13.327737,52.471151,13.322839,52.563881,32271
13.50628,52.437519,13.390693,52.517269,32274
13.320248,52.565986,13.274369,52.527962,32281
13.196601,52.535227,13.184566,52.547489,32287
13.196601,52.535227,13.16368,52.542601,32287
13.324366,52.417714,13.345927,52.417156,32297
13.423803,52.514295,13.439716,52.51395,32300
13.34383,52.48782,13.337973,52.486943,32304
13.219403,52.424129,13.159513,52.426394,32307
13.345153,52.566802,13.393585,52.553219,32314
13.365785,52.471814,13.378242,52.467292,32315
13.290597,52.51905,13.322379,52.521135,32320
13.429876,52.53935,13.444211,52.531968,32321
13.306483,52.492894,13.320497,52.48642,32324
13.459366,52.440561,13.374982,52.418907,32326
13.62298,52.512116,13.628412,52.506442,32327
13.202501,52.565579,13.182769,52.544802,32329
13.313481,52.465379,13.382302,52.431116,32340
13.318715,52.498186,13.310916,52.473145,32342
13.363757,52.581229,13.372262,52.59232,32349
13.49644,52.415786,13.493155,52.399902,32350
13.223316,52.544075,13.212445,52.540071,32353
13.377351,52.516966,13.285134,52.524205,32355
13.449215,52.596148,13.476557,52.602973,32363
13.336106,52.514222,13.30433,52.519133,32364
13.526661,52.426418,13.417699,52.37679,32365
13.472447,52.547779,13.454987,52.528475,32368
13.404932,52.444546,13.400121,52.43105,32370
13.511657,52.522767,13.557566,52.499371,32371
13.511645,52.454616,13.530432,52.460567,32372
13.468288,52.434645,13.332569,52.456699,32377
13.506329,52.458782,13.493426,52.465309,32381
13.447053,52.426989,13.416355,52.391213,32382
13.460841,52.627514,13.502513,52.63633,32382
13.4979,52.552771,13.297116,52.478806,32383
13.445886,52.539434,13.411965,52.541102,32385
13.318698,52.458751,13.305788,52.459011,32385
13.571899,52.568357,13.55635,52.57036,32385
13.409668,52.446404,13.231208,52.505295,32386
13.501403,52.534456,13.481086,52.526776,32388
13.361334,52.50306,13.396358,52.49104,32390
13.35179,52.502558,13.409102,52.426369,32394
13.313647,52.608119,13.336282,52.595661,32413
13.321665,52.465458,13.351908,52.472809,32417
13.431981,52.505757,13.443618,52.481081,32421
13.257274,52.50831,13.282307,52.483821,32424
13.289926,52.473538,13.28512,52.493955,32424
13.433221,52.476884,13.45431,52.485254,32437
13.427078,52.535771,13.387377,52.526106,32438
13.570121,52.441316,13.579619,52.458922,32438
13.466735,52.507363,13.477792,52.516877,32438
13.445575,52.490934,13.454211,52.515705,32438
13.451281,52.471954,13.473624,52.496241,32447
13.406558,52.498316,13.406161,52.482664,32448
13.442502,52.590828,13.419428,52.591449,32448
13.352177,52.546312,13.391907,52.538895,32456
13.283295,52.473268,13.338497,52.452812,32459
13.426796,52.504831,13.435299,52.514462,32463
13.369153,52.458474,13.370708,52.499968,32468
13.344643,52.420838,13.366704,52.43545,32468
13.27016,52.442341,13.353199,52.441492,32470
13.213781,52.552172,13.207472,52.538765,32478
13.534332,52.401783,13.513772,52.401266,32485
13.459277,52.434289,13.39738,52.488898,32488
13.391871,52.484155,13.414095,52.488133,32502
13.479087,52.443174,13.44973,52.456111,32521
13.538662,52.451005,13.564325,52.42677,32521
13.630217,52.509042,13.618239,52.526624,32522
13.512126,52.464361,13.328522,52.461085,32522
13.222927,52.583586,13.223274,52.60135,32525
13.343886,52.486768,13.245873,52.506193,32528
13.447502,52.513289,13.454643,52.521191,32532
13.48658,52.507942,13.503519,52.509687,32532
13.483309,52.576529,13.450809,52.552379,32534
13.371198,52.551638,13.383438,52.551271,32535
13.429909,52.442386,13.481556,52.438712,32538
13.562712,52.446007,13.588109,52.445453,32540
13.621601,52.507084,13.627465,52.510715,32542
13.260641,52.478248,13.299815,52.518913,32542
13.283163,52.510162,13.205214,52.437486,32548
13.298591,52.52635,13.36615,52.522498,32554
13.484201,52.62211,13.417834,52.543926,32555
13.561948,52.531569,13.555412,52.513428,32558
13.676914,52.418207,13.668077,52.420085,32562
13.460053,52.535486,13.379641,52.494597,32578
13.45345,52.516757,13.463932,52.513005,32581
13.456536,52.556577,13.448994,52.546514,32581
13.337465,52.450299,13.361876,52.447225,32590
13.454211,52.515705,13.440683,52.494409,32592
13.325862,52.585857,13.329357,52.575572,32593
13.449254,52.452378,13.479543,52.441407,32599
13.61448,52.530189,13.486555,52.552141,32602
13.321608,52.593543,13.329671,52.602009,32603
13.332569,52.456699,13.354838,52.448905,32605
13.409679,52.524054,13.418218,52.515603,32607
13.359239,52.522478,13.347647,52.45908,32609
13.309634,52.630964,13.274931,52.581923,32615
13.405119,52.431009,13.37907,52.448131,32615
13.479121,52.436702,13.493174,52.436112,32628
13.332742,52.463914,13.375501,52.470021,32629
13.184761,52.547586,13.247607,52.538286,32629
13.570568,52.531949,13.551553,52.518045,32632
13.384067,52.569346,13.362772,52.56661,32637
13.35551,52.44586,13.304898,52.547742,32644
13.349958,52.526359,13.316972,52.574318,32647
13.554759,52.543311,13.584927,52.516119,32649
13.310121,52.493447,13.320179,52.474309,32654
13.336655,52.418717,13.342977,52.475769,32658
13.339292,52.458636,13.36412,52.475554,32660
13.563606,52.421837,13.540315,52.435157,32665
13.478384,52.528383,13.493238,52.514472,32670
13.433913,52.444306,13.360177,52.441232,32672
13.466767,52.460565,13.459114,52.479165,32672
13.398482,52.400674,13.399748,52.415596,32675
13.273515,52.536122,13.284089,52.518681,32676
13.39944,52.504619,13.432739,52.517288,32676
13.31245,52.4787,13.320078,52.46996,32677
13.433492,52.444913,13.503946,52.436767,32678
13.427039,52.475512,13.439716,52.51395,32679
13.647454,52.340464,13.557483,52.445771,32684
13.281621,52.518411,13.281068,52.524241,32691
13.447612,52.517529,13.424636,52.514069,32691
13.428339,52.531945,13.445166,52.523338,32692
13.49869,52.41494,13.546612,52.400814,32694
13.342335,52.499161,13.475711,52.444681,32706
13.369151,52.507194,13.423132,52.54867,32708
13.579619,52.458922,13.576852,52.467956,32709
13.320406,52.485325,13.301513,52.487152,32709
13.349778,52.480149,13.341876,52.492318,32709
13.32181,52.505144,13.305251,52.51143,32710
13.313433,52.503269,13.308772,52.4634,32714
13.332647,52.461255,13.34474,52.472289,32730
13.293802,52.491254,13.300772,52.485974,32731
13.339815,52.522826,13.397026,52.488884,32737
13.488238,52.511686,13.444713,52.483512,32737
13.628197,52.455198,13.689952,52.43126,32740
13.321622,52.478751,13.342844,52.476714,32740
13.310441,52.489345,13.342461,52.477186,32740
13.413788,52.550589,13.471496,52.535227,32744
13.601421,52.516373,13.623445,52.513943,32746
13.468098,52.509386,13.497043,52.466953,32749
13.576343,52.417875,13.529485,52.39844,32753
13.306853,52.428919,13.278912,52.430734,32756
13.265908,52.497137,13.485222,52.417869,32758
13.449097,52.425202,13.468249,52.427725,32759
13.437009,52.423283,13.529747,52.415782,32760
13.445451,52.538748,13.36116,52.596942,32764
13.522959,52.484884,13.533328,52.474469,32767
13.431425,52.538927,13.42653,52.542959,32768
13.570727,52.557039,13.556191,52.567127,32773
13.336155,52.530389,13.290738,52.515346,32777
13.300384,52.500268,13.349353,52.508572,32778
13.431977,52.515149,13.441225,52.513671,32779
13.450012,52.61892,13.359115,52.50988,32779
13.331441,52.522147,13.37841,52.534299,32782
13.520668,52.573736,13.521228,52.575005,32782
13.308936,52.547697,13.392693,52.564167,32782
13.414664,52.54116,13.38219,52.531262,32783
13.320765,52.464399,13.436749,52.512413,32786
13.308501,52.461686,13.342353,52.459644,32790
13.172416,52.547952,13.207472,52.538765,32793
13.207472,52.538765,13.183781,52.550643,32793
13.413501,52.38972,13.41176,52.459824,32802
13.385753,52.470773,13.41176,52.459824,32804
13.209331,52.565105,13.191177,52.549885,32807
13.42715,52.592021,13.412278,52.588021,32812
13.584556,52.526289,13.607188,52.538323,32817
13.185855,52.425737,13.163416,52.418852,32821
13.251207,52.415537,13.259286,52.430828,32824
13.246883,52.435202,13.329922,52.568898,32830
13.368162,52.587182,13.358083,52.591441,32832
13.299176,52.506743,13.409865,52.455326,32838
13.267521,52.496383,13.290512,52.51667,32847
13.308516,52.484019,13.30793,52.523264,32857
13.538435,52.569695,13.505965,52.575559,32862
13.325814,52.532474,13.281272,52.540856,32867
13.449254,52.452378,13.479087,52.443174,32869
13.368933,52.563177,13.347984,52.556183,32872
13.392421,52.464313,13.3452,52.491211,32874
13.574372,52.413318,13.576055,52.390862,32877
13.574372,52.413318,13.559845,52.399831,32877
13.256869,52.437855,13.301636,52.451418,32878
13.173978,52.509265,13.207472,52.538765,32880
13.480035,52.50868,13.448881,52.541294,32881
13.554485,52.455885,13.537437,52.540347,32886
13.47181,52.547688,13.515569,52.573442,32891
13.289791,52.633221,13.272216,52.635856,32894
13.58725,52.522523,13.601343,52.535688,32894
13.45152,52.526136,13.596219,52.51754,32896
13.382758,52.531507,13.414665,52.501319,32900
13.562054,52.566501,13.574992,52.573582,32903
13.448347,52.610538,13.442502,52.590828,32903
13.438862,52.426936,13.386678,52.442173,32906
13.325711,52.505568,13.303422,52.509869,32916
13.287014,52.611584,13.376397,52.460052,32917
13.27688,52.438764,13.258933,52.43183,32926
13.344469,52.464859,13.440928,52.522158,32927
13.374048,52.451236,13.375318,52.466023,32929
13.295485,52.503449,13.333122,52.487672,32934
13.337973,52.486943,13.364243,52.457659,32936
13.301636,52.451418,13.316399,52.453699,32936
13.497605,52.54368,13.522938,52.537506,32937
13.539449,52.544769,13.521202,52.501794,32941
13.592115,52.51853,13.612839,52.491862,32942
13.275441,52.571034,13.255368,52.514801,32949
13.349789,52.450707,13.401393,52.405358,32951
13.365846,52.4272,13.299216,52.435195,32958
13.281321,52.533935,13.32854,52.532929,32960
13.425131,52.512994,13.430262,52.523106,32965
13.484175,52.517453,13.447821,52.551624,32969
13.417664,52.513947,13.3939,52.50969,32970
13.606099,52.521828,13.638373,52.526347,32971
13.299043,52.600524,13.320097,52.477959,32975
13.508355,52.548504,13.593739,52.414397,32980
13.379279,52.522534,13.374567,52.585346,32980
13.3271,52.494974,13.391075,52.503262,32986
13.413416,52.588519,13.40243,52.60214,32987
13.546457,52.516413,13.586222,52.538166,32990
13.501971,52.57224,13.492025,52.541701,32992
13.425204,52.480648,13.398902,52.497445,32994
13.372065,52.548708,13.387128,52.559784,32996
13.576237,52.547449,13.521507,52.556649,32998
13.298367,52.517779,13.24884,52.430562,33003
13.29348,52.597045,13.333266,52.560987,33003
13.314054,52.494491,13.330802,52.499552,33006
13.356812,52.424581,13.37605,52.420153,33021
13.203851,52.555644,13.189025,52.54775,33021
13.503464,52.437294,13.339958,52.468937,33022
13.346536,52.480492,13.385753,52.470773,33025
13.379721,52.495756,13.345934,52.516205,33025
13.57836,52.554017,13.463043,52.532339,33025
13.327702,52.438725,13.384842,52.450193,33026
13.481416,52.502012,13.519726,52.494012,33027
13.324208,52.476637,13.320497,52.48642,33031
13.298488,52.421938,13.326069,52.481765,33031
13.544486,52.452664,13.663791,52.411292,33033
13.427488,52.49891,13.434946,52.481042,33034
13.603692,52.525716,13.599879,52.542035,33034
13.141117,52.451836,13.177781,52.493392,33038
13.410905,52.541142,13.393673,52.541112,33038
13.413749,52.550733,13.389147,52.52755,33044
13.327737,52.471151,13.339363,52.47891,33053
13.468645,52.438298,13.427881,52.467431,33055
13.185943,52.544429,13.166414,52.52398,33060
13.325733,52.509243,13.38118,52.46573,33060
13.310709,52.481029,13.286812,52.478281,33061
13.392878,52.504364,13.43458,52.490582,33066
13.327659,52.42848,13.34906,52.442734,33073
13.485383,52.527495,13.553104,52.548644,33074
13.286058,52.446367,13.290288,52.457734,33078
13.579501,52.515599,13.60709,52.538873,33081
13.358402,52.537847,13.368916,52.526177,33082
13.275245,52.475306,13.290288,52.457734,33084
13.436281,52.467347,13.409668,52.446404,33088
13.459176,52.444572,13.236633,52.521721,33089
13.377515,52.433194,13.33021,52.434105,33090
13.544235,52.538739,13.524119,52.555007,33097
13.406989,52.558803,13.421973,52.535617,33099
13.270039,52.510672,13.219721,52.615837,33106
13.295721,52.51948,13.281697,52.509908,33107
13.562693,52.445864,13.58674,52.415543,33111
13.465937,52.436022,13.43567,52.44947,33114
13.324532,52.487436,13.284012,52.517064,33118
13.46629,52.469235,13.446765,52.489077,33123
13.369256,52.455156,13.38491,52.460816,33124
13.196902,52.513799,13.231309,52.509949,33126
13.328835,52.485123,13.360657,52.48636,33126
13.463932,52.513005,13.455738,52.516459,33148
13.490813,52.549877,13.608405,52.538972,33148
13.487982,52.4374,13.323883,52.495235,33153
13.317378,52.601113,13.359649,52.533384,33154
13.31135,52.439735,13.315804,52.443136,33157
13.49644,52.415786,13.53554,52.42598,33160
13.315777,52.441708,13.294242,52.497738,33161
13.355529,52.519699,13.379845,52.497354,33166
13.282888,52.501232,13.270217,52.482127,33169
13.457782,52.521655,13.454318,52.562167,33173
13.371786,52.57472,13.296331,52.515653,33174
13.230591,52.513767,13.343824,52.481349,33174
13.45011,52.531645,13.495033,52.537403,33179
13.171041,52.446421,13.245938,52.434538,33188
13.588496,52.44108,13.59277,52.422571,33188
13.642857,52.530032,13.48568,52.536263,33191
13.369244,52.498843,13.38577,52.49005,33192
13.314384,52.51984,13.351381,52.508396,33192
13.51902,52.420998,13.30203,52.539487,33196
13.475515,52.513553,13.478647,52.5305,33199
13.495081,52.564823,13.432499,52.576427,33201
13.3947,52.455874,13.388432,52.456775,33201
13.42884,52.477953,13.432095,52.471218,33205
13.320186,52.607112,13.336616,52.610019,33205
13.32803,52.424216,13.309701,52.43126,33207
13.283716,52.50639,13.332567,52.493178,33210
13.398236,52.502432,13.397926,52.52884,33210
13.396838,52.533571,13.368916,52.526177,33214
13.564325,52.42677,13.535164,52.43969,33215
13.30994,52.569983,13.313164,52.543624,33220
13.31679,52.501273,13.344575,52.506451,33220
13.341459,52.520659,13.316903,52.519353,33225
13.524119,52.555007,13.484611,52.546082,33232
13.376584,52.485385,13.415026,52.458913,33238
13.359172,52.542727,13.268995,52.485205,33239
13.348912,52.457619,13.27979,52.500537,33242
13.278255,52.534921,13.299359,52.44055,33252
13.281068,52.524241,13.352903,52.528222,33252
13.394465,52.491718,13.342276,52.46049,33254
13.4624,52.495256,13.440729,52.513371,33255
13.470153,52.530328,13.499252,52.645529,33256
13.443514,52.49228,13.408068,52.489346,33262
13.300369,52.517721,13.282069,52.47259,33263
13.327659,52.42848,13.311405,52.435645,33265
13.441225,52.513671,13.415159,52.515756,33266
13.405505,52.521138,13.419961,52.531732,33269
13.613032,52.500344,13.575995,52.497886,33271
13.269397,52.454159,13.221417,52.442729,33279
13.620733,52.530715,13.436284,52.636649,33288
13.268537,52.508145,13.266112,52.518066,33293
13.336106,52.514222,13.313316,52.517641,33294
13.303411,52.505016,13.32177,52.493021,33295
13.339276,52.461988,13.315676,52.437844,33295
13.358737,52.526277,13.349866,52.530081,33298
13.474896,52.507827,13.403854,52.508198,33301
13.522543,52.489905,13.520599,52.474507,33303
13.31651,52.46432,13.3461,52.505751,33306
13.300408,52.522538,13.307799,52.50299,33307
13.579619,52.458922,13.580144,52.467399,33309
13.31918,52.443889,13.319992,52.456292,33315
13.459046,52.525127,13.491191,52.536239,33317
13.454297,52.545937,13.429991,52.551041,33317
13.462985,52.567363,13.517112,52.5643,33319
13.236093,52.532412,13.297557,52.588705,33320
13.429551,52.532982,13.411042,52.513244,33324
13.581424,52.551891,13.564376,52.54473,33325
13.423295,52.482154,13.406746,52.494988,33326
13.273709,52.435895,13.299148,52.426874,33335
13.392421,52.464313,13.253588,52.451775,33336
13.418933,52.508081,13.475671,52.6157,33336
13.460675,52.468082,13.462792,52.421438,33346
13.433738,52.481893,13.531197,52.44233,33348
13.51105,52.496083,13.548128,52.473845,33349
13.387437,52.549032,13.378854,52.56352,33351
13.583103,52.47277,13.601995,52.473828,33353
13.349462,52.408245,13.398461,52.388856,33353
13.453702,52.485568,13.455966,52.482367,33355
13.31884,52.492029,13.300596,52.488007,33359
13.194499,52.569596,13.226058,52.627545,33365
13.621503,52.531999,13.614623,52.540496,33366
13.623445,52.513943,13.596716,52.521488,33367
13.477687,52.446588,13.471961,52.458371,33369
13.424338,52.38958,13.524594,52.429582,33376
13.198406,52.548464,13.299995,52.518525,33378
13.399748,52.415596,13.463146,52.439669,33378
13.317649,52.465503,13.335292,52.479586,33381
13.275499,52.536937,13.273694,52.542294,33382
13.338893,52.419321,13.404491,52.434377,33383
13.301732,52.581685,13.327876,52.609021,33384
13.432533,52.557544,13.427276,52.531428,33385
13.678845,52.468996,13.718907,52.433979,33385
13.379939,52.602278,13.377227,52.599119,33386
13.599879,52.542035,13.584556,52.526289,33387
13.40334,52.448133,13.375897,52.457694,33397
13.411007,52.530554,13.368916,52.526177,33399
13.315017,52.452258,13.298001,52.447377,33402
13.4011,52.428998,13.387492,52.439512,33411
13.26752,52.447205,13.288011,52.448799,33414
13.627465,52.510715,13.628412,52.506442,33414
13.485263,52.533958,13.535795,52.521585,33419
13.574372,52.413318,13.585402,52.397927,33423
13.437,52.520984,13.5812,52.548533,33433
13.474592,52.532609,13.575648,52.55816,33437
13.423301,52.500569,13.403715,52.503373,33439
13.396204,52.462956,13.344962,52.48006,33439
13.205771,52.567568,13.23225,52.539345,33439
13.572172,52.550433,13.610115,52.537771,33447
13.451852,52.54736,13.496137,52.561179,33453
13.398236,52.502432,13.386125,52.524728,33454
13.412337,52.567376,13.411079,52.589733,33464
13.178408,52.525083,13.186121,52.517673,33464
13.445166,52.523338,13.428339,52.531945,33467
13.338948,52.441987,13.328329,52.464925,33469
13.410117,52.510586,13.456639,52.437683,33469
13.612194,52.512039,13.604267,52.53866,33470
13.188922,52.558095,13.207472,52.538765,33475
13.341806,52.494368,13.319637,52.502921,33476
13.389939,52.469115,13.36412,52.475554,33477
13.228771,52.52564,13.260337,52.512412,33477
13.345268,52.58934,13.332812,52.581501,33479
13.171755,52.518167,13.202252,52.534936,33485
13.196601,52.535227,13.191417,52.557109,33487
13.196601,52.535227,13.196021,52.550753,33487
13.328458,52.534628,13.328091,52.518563,33488
13.360268,52.481404,13.422412,52.4767,33494
13.307153,52.500094,13.273967,52.483543,33498
13.291286,52.512428,13.296439,52.529331,33503
13.540109,52.565288,13.413751,52.532453,33505
13.319101,52.453525,13.304621,52.490695,33505
13.303722,52.536395,13.337754,52.525303,33506
13.2574,52.518905,13.282888,52.501232,33507
13.300058,52.437325,13.319992,52.456292,33508
13.34963,52.544984,13.357033,52.559881,33508
13.333669,52.521278,13.349945,52.545143,33511
13.44093,52.484861,13.466767,52.460565,33513
13.514964,52.482722,13.483371,52.462542,33514
13.36973,52.539532,13.395124,52.532971,33522
13.480379,52.537291,13.472859,52.512122,33522
13.462124,52.531281,13.454211,52.515705,33526
13.25967,52.513785,13.282628,52.506474,33534
13.480313,52.44945,13.464611,52.466982,33534
13.678845,52.468996,13.640384,52.44864,33537
13.369021,52.56554,13.388331,52.533923,33539
13.247727,52.547685,13.261149,52.537126,33540
13.330828,52.576895,13.337697,52.582039,33540
13.288281,52.513441,13.285134,52.524205,33540
13.30502,52.497188,13.354048,52.495046,33540
13.541528,52.481256,13.529065,52.510258,33545
13.485149,52.533636,13.454987,52.528475,33550
13.336998,52.488284,13.358941,52.506143,33551
13.292791,52.432713,13.258318,52.410797,33552
13.393991,52.419448,13.429392,52.481334,33553
13.529772,52.522103,13.448563,52.52539,33556
13.262819,52.527546,13.281795,52.521375,33565
13.2947,52.501777,13.2423,52.542413,33568
13.271304,52.497349,13.282628,52.506474,33569
13.324288,52.481767,13.338191,52.488297,33569
13.432316,52.465769,13.33176,52.478152,33570
13.365943,52.562834,13.40306,52.533659,33574
13.46724,52.436293,13.439272,52.489105,33574
13.526684,52.445382,13.525364,52.460794,33575
13.510268,52.414379,13.473974,52.425703,33577
13.443264,52.53588,13.412488,52.543145,33578
13.491877,52.538639,13.471631,52.537957,33580
13.407883,52.489088,13.384648,52.529292,33581
13.607521,52.453028,13.564721,52.474435,33581
13.687325,52.383267,13.577265,52.45934,33582
13.323301,52.49153,13.300596,52.488007,33584
13.263086,52.41923,13.279222,52.524575,33586
13.320222,52.483601,13.308324,52.447282,33594
13.514515,52.446509,13.537419,52.438142,33595
13.302258,52.486452,13.267173,52.453572,33596
13.357714,52.523664,13.336787,52.489563,33597
13.205327,52.548709,13.217291,52.53782,33597
13.278509,52.468584,13.401242,52.486282,33598
13.619775,52.539509,13.560298,52.560656,33604
13.415508,52.451457,13.372883,52.462978,33606
13.356424,52.595073,13.273694,52.542294,33608
13.453939,52.482491,13.42527,52.52819,33609
13.234626,52.433884,13.290228,52.477309,33610
13.284293,52.476178,13.498343,52.399495,33610
13.44989,52.5129,13.480115,52.526815,33612
13.466389,52.558001,13.357865,52.550067,33620
13.237458,52.546346,13.302497,52.471135,33624
13.320078,52.46996,13.316149,52.476376,33627
13.697478,52.430802,13.691614,52.451611,33629
13.326675,52.562463,13.366695,52.532,33635
13.282628,52.506474,13.249945,52.506438,33640
13.475515,52.513553,13.489673,52.519703,33643
13.440571,52.517094,13.42302,52.513765,33644
13.30629,52.520163,13.328006,52.47716,33659
13.278143,52.506702,13.265663,52.502972,33664
13.565808,52.526979,13.488073,52.50768,33670
13.406552,52.489823,13.384047,52.495175,33674
13.196601,52.535227,13.18183,52.526316,33676
13.221374,52.58185,13.24285,52.620234,33676
13.588109,52.445453,13.615009,52.508073,33678
13.503519,52.509687,13.48658,52.507942,33683
13.149156,52.526054,13.18272,52.483206,33692
13.508318,52.510039,13.517725,52.509883,33693
13.328643,52.424065,13.437664,52.447478,33698
13.319237,52.447744,13.277095,52.441611,33708
13.507013,52.571727,13.505556,52.561041,33708
13.419563,52.465024,13.402391,52.459459,33708
13.433561,52.607581,13.506635,52.647961,33712
13.301289,52.422698,13.241437,52.473194,33715
13.502513,52.63633,13.460841,52.627514,33716
13.302189,52.461693,13.322595,52.487646,33719
13.444685,52.579136,13.42951,52.541682,33719
13.449011,52.51123,13.452076,52.49027,33729
13.18666,52.432191,13.205153,52.524607,33730
13.560298,52.560656,13.500007,52.541933,33732
13.558375,52.399383,13.528637,52.43041,33737
13.34564,52.467551,13.385753,52.470773,33745
13.44078,52.517199,13.427852,52.54554,33746
13.389673,52.398549,13.418885,52.399559,33748
13.307869,52.447826,13.455325,52.478097,33756
13.543678,52.528321,13.542382,52.520771,33761
13.568839,52.426351,13.359956,52.520906,33762
13.48674,52.526651,13.488716,52.516677,33764
13.416645,52.570596,13.415459,52.581871,33765
13.415895,52.520313,13.430022,52.503489,33768
13.396883,52.488086,13.452367,52.512492,33768
13.473315,52.53409,13.441594,52.536629,33770
13.441155,52.472375,13.41728,52.492427,33773
13.311078,52.566609,13.343657,52.564168,33783
13.301654,52.511362,13.298955,52.490775,33783
13.378242,52.467292,13.36249,52.481387,33785
13.428895,52.537726,13.450081,52.507505,33786
13.478616,52.528685,13.461421,52.544717,33787
13.568768,52.538093,13.572706,52.544332,33787
13.55635,52.57036,13.50901,52.570155,33789
13.339937,52.549561,13.32846,52.565418,33790
13.467213,52.568991,13.468434,52.558731,33795
13.315464,52.452424,13.274841,52.581367,33797
13.458664,52.538496,13.450748,52.50809,33802
13.400114,52.459127,13.651657,52.409072,33804
13.447956,52.519484,13.487685,52.537595,33811
13.287162,52.433817,13.315404,52.4514,33812
13.397561,52.529428,13.385143,52.532378,33815
13.377751,52.563614,13.366115,52.554582,33819
13.319992,52.456292,13.301761,52.440209,33826
13.331098,52.485969,13.31997,52.505182,33826
13.333923,52.556396,13.430787,52.602214,33828
13.573247,52.490634,13.581004,52.469635,33834
13.278098,52.526466,13.321656,52.479892,33845
13.430656,52.492625,13.431401,52.475217,33848
13.50329,52.575854,13.449894,52.602853,33850
13.370509,52.564058,13.379574,52.50656,33853
13.413799,52.446327,13.398658,52.447083,33855
13.330416,52.496519,13.331782,52.480335,33859
13.346699,52.547462,13.365785,52.471814,33871
13.364692,52.495436,13.349449,52.499673,33879
13.305749,52.533677,13.335406,52.534334,33882
13.393461,52.61906,13.363757,52.581229,33882
13.487685,52.537595,13.427321,52.548261,33882
13.288281,52.513441,13.352903,52.528222,33884
13.478497,52.404904,13.47299,52.467156,33885
13.345889,52.498833,13.320484,52.499713,33887
13.329357,52.575572,13.311919,52.57157,33891
13.303824,52.470707,13.328411,52.477416,33893
13.15677,52.559528,13.201132,52.55542,33896
13.574992,52.573582,13.562054,52.566501,33899
13.324418,52.516942,13.330002,52.513069,33900
13.186013,52.544833,13.307967,52.572099,33901
13.319517,52.487609,13.300596,52.488007,33903
13.445715,52.558426,13.577287,52.550805,33909
13.414737,52.572273,13.366242,52.553466,33910
13.340018,52.464613,13.208114,52.553578,33920
13.433536,52.48203,13.453695,52.473758,33925
13.604788,52.546489,13.62304,52.534925,33925
13.416224,52.382084,13.408981,52.393989,33926
13.380591,52.447403,13.340855,52.429706,33933
13.232365,52.437664,13.203221,52.42212,33957
13.229862,52.43387,13.177343,52.421329,33958
13.593547,52.522681,13.524912,52.525581,33960
13.34012,52.505252,13.348974,52.503417,33964
13.352238,52.480193,13.35366,52.493442,33970
13.352616,52.499232,13.359572,52.498443,33972
13.45431,52.485254,13.279252,52.447043,33974
13.429032,52.480242,13.381195,52.485008,33975
13.543029,52.536706,13.494951,52.545385,33976
13.472284,52.468927,13.444284,52.463691,33978
13.407975,52.50441,13.382326,52.513556,33980
13.346015,52.544864,13.423197,52.551114,33980
13.617964,52.445749,13.600098,52.475103,33981
13.515233,52.579962,13.558691,52.448343,33982
13.462883,52.545696,13.455828,52.522272,33986
13.406161,52.482664,13.361482,52.485928,33988
13.613165,52.526477,13.61671,52.540755,33989
13.428167,52.459429,13.435096,52.437713,33990
13.30091,52.423799,13.294921,52.443169,33996
13.370708,52.499968,13.356372,52.52554,33996
13.320186,52.607112,13.293259,52.596085,33997
13.37872,52.505168,13.394064,52.508799,34000
13.437574,52.634539,13.399305,52.59256,34002
13.587231,52.444359,13.524503,52.40608,34009
13.236093,52.532412,13.300861,52.53684,34010
13.427222,52.500243,13.424856,52.48218,34010
13.286444,52.489366,13.286263,52.487193,34011
13.535864,52.473312,13.43194,52.466438,34014
13.269347,52.537758,13.271005,52.539537,34017
13.388432,52.456775,13.399417,52.464518,34018
13.554285,52.482356,13.585948,52.467591,34020
13.330267,52.52279,13.443618,52.481081,34024
13.595541,52.488259,13.598416,52.505018,34030
13.29619,52.519376,13.308032,52.508874,34040
13.369208,52.515677,13.301654,52.511362,34048
13.568492,52.448061,13.505805,52.484376,34054
13.361324,52.479388,13.350132,52.596367,34056
13.475351,52.544274,13.465835,52.548464,34056
13.445837,52.472435,13.367017,52.465508,34058
13.456448,52.500048,13.404293,52.493795,34058
13.326801,52.527574,13.354908,52.527309,34060
13.412224,52.49867,13.438999,52.486152,34060
13.512964,52.535063,13.557323,52.519982,34064
13.330802,52.499552,13.336155,52.530389,34065
13.493174,52.436112,13.238413,52.493348,34067
13.301358,52.445992,13.329706,52.429068,34072
13.48392,52.517322,13.414749,52.504841,34073
13.316237,52.469949,13.354021,52.443361,34073
13.581235,52.551956,13.490409,52.645308,34074
13.292179,52.479112,13.303411,52.505016,34076
13.385753,52.470773,13.373117,52.452056,34076
13.322832,52.481802,13.342146,52.461543,34085
13.411965,52.541102,13.445886,52.539434,34087
13.191177,52.549885,13.253195,52.521259,34087
13.285357,52.46726,13.459007,52.440368,34090
13.536744,52.570266,13.497263,52.567393,34093
13.452762,52.512433,13.440265,52.515857,34093
13.444533,52.545337,13.427198,52.544469,34094
13.434946,52.481042,13.464147,52.481808,34095
13.283249,52.511114,13.277256,52.513695,34097
13.471496,52.535227,13.470253,52.539934,34097
13.319153,52.452338,13.361735,52.425495,34098
13.476557,52.602973,13.449215,52.596148,34102
13.223274,52.60135,13.229241,52.568288,34105
13.523114,52.540883,13.472474,52.508523,34118
13.459101,52.517451,13.447761,52.526524,34118
13.393987,52.434709,13.351756,52.439998,34120
13.47331,52.536139,13.438759,52.512595,34121
13.270687,52.515267,13.328308,52.531116,34123
13.2776,52.517439,13.257135,52.516337,34126
13.174241,52.53014,13.196601,52.535227,34127
13.239278,52.559124,13.518945,52.44318,34132
13.301867,52.49911,13.336982,52.485813,34132
13.43567,52.44947,13.465937,52.436022,34134
13.475246,52.480034,13.460584,52.510198,34139
13.321591,52.577313,13.333574,52.560939,34140
13.345927,52.417156,13.353497,52.420997,34140
13.274824,52.495864,13.2816,52.524271,34144
13.415987,52.510372,13.411917,52.505172,34145
13.264745,52.505337,13.262061,52.501105,34147
13.54549,52.558936,13.501967,52.431768,34148
13.352649,52.559266,13.40019,52.541647,34149
13.555412,52.513428,13.537883,52.526959,34156
13.270289,52.516277,13.298579,52.446023,34157
13.278595,52.471063,13.286796,52.53517,34158
13.524652,52.564841,13.610095,52.507825,34164
13.293305,52.483881,13.295406,52.488235,34167
13.363534,52.606836,13.349874,52.612448,34173
13.277227,52.442113,13.25954,52.448495,34173
13.341291,52.413578,13.356561,52.447529,34184
13.455054,52.497082,13.504308,52.5345,34186
13.440729,52.513371,13.412979,52.491436,34187
13.506229,52.412759,13.471515,52.431773,34187
13.520599,52.474507,13.518144,52.483994,34192
13.472278,52.494738,13.481461,52.485403,34203
13.484038,52.408438,13.421329,52.447235,34205
13.33218,52.533921,13.347185,52.553235,34214
13.454987,52.528475,13.44647,52.519089,34216
13.281068,52.524241,13.281621,52.518411,34216
13.284872,52.491495,13.384844,52.591194,34216
13.337501,52.516013,13.337638,52.459401,34219
13.3066,52.482441,13.34004,52.488591,34238
13.325344,52.432182,13.31193,52.4162,34239
13.271159,52.498977,13.257642,52.485605,34241
13.475515,52.513553,13.496193,52.526451,34243
13.404962,52.539199,13.358228,52.547016,34245
13.421008,52.467379,13.294806,52.470833,34245
13.1363,52.51951,13.237059,52.529032,34250
13.397239,52.519276,13.420504,52.495605,34253
13.459114,52.479165,13.475196,52.461835,34254
13.33967,52.446391,13.320529,52.55031,34260
13.355073,52.491961,13.344749,52.461486,34267
13.178226,52.539204,13.171933,52.540866,34272
13.377839,52.452513,13.379614,52.437798,34281
13.299923,52.521581,13.315569,52.486529,34288
13.4947,52.559678,13.458128,52.566776,34290
13.389319,52.538135,13.368916,52.526177,34295
13.431425,52.538927,13.398885,52.532603,34295
13.343807,52.433465,13.326712,52.42974,34301
13.342309,52.502172,13.330177,52.525658,34308
13.558976,52.445571,13.559161,52.436231,34309
13.471885,52.482089,13.441791,52.468871,34311
13.3452,52.491211,13.329266,52.499407,34317
13.419961,52.531732,13.397927,52.515413,34318
13.480402,52.583503,13.442502,52.590828,34319
13.446694,52.543837,13.427358,52.544423,34319
13.148809,52.556766,13.209564,52.559656,34319
13.326069,52.481765,13.333138,52.477965,34323
13.340855,52.429706,13.320484,52.499713,34332
13.366893,52.463883,13.290804,52.481913,34339
13.413195,52.432072,13.289289,52.506581,34355
13.349914,52.481217,13.332567,52.493178,34359
13.351561,52.578062,13.349387,52.594695,34361
13.349615,52.487323,13.319949,52.504958,34361
13.261369,52.483624,13.320713,52.477907,34363
13.44989,52.5129,13.417993,52.515461,34366
13.54356,52.433766,13.489748,52.403441,34366
13.377318,52.545564,13.432847,52.557226,34373
13.188046,52.522408,13.196542,52.551485,34379
13.542382,52.520771,13.432061,52.497335,34380
13.307706,52.45721,13.33285,52.577897,34381
13.316972,52.574318,13.437897,52.532647,34385
13.284293,52.476178,13.320036,52.523111,34390
13.166414,52.52398,13.223199,52.510177,34394
13.31179,52.479768,13.339377,52.459489,34399
13.264951,52.435576,13.268893,52.404402,34404
13.354819,52.45881,13.338816,52.454094,34411
13.398902,52.497445,13.425836,52.503387,34411
13.508358,52.548585,13.525413,52.546407,34412
13.546571,52.403852,13.513759,52.427465,34413
13.396897,52.50988,13.383406,52.509949,34413
13.339886,52.546425,13.304429,52.518009,34419
13.363508,52.59509,13.318691,52.574065,34420
13.50139,52.565156,13.484818,52.560512,34431
13.484272,52.50327,13.505879,52.484384,34433
13.47527,52.502727,13.508318,52.510039,34434
13.306,52.525765,13.331825,52.52412,34440
13.606467,52.527467,13.574876,52.513126,34443
13.58241,52.394381,13.56642,52.4336,34443
13.241886,52.42695,13.473916,52.445548,34444
13.463076,52.548848,13.461421,52.544717,34447
13.340255,52.519352,13.368301,52.522518,34448
13.458828,52.511433,13.445479,52.512675,34453
13.321352,52.457481,13.345083,52.458948,34453
13.451291,52.521421,13.374705,52.427475,34463
13.512011,52.467437,13.526439,52.481245,34476
13.292796,52.600889,13.309933,52.565795,34476
13.347151,52.505442,13.436728,52.548758,34487
13.444518,52.547593,13.439225,52.536774,34493
13.421594,52.478732,13.408068,52.489346,34495
13.689369,52.367968,13.636079,52.394001,34497
13.438759,52.512595,13.425984,52.558873,34502
13.42291,52.558649,13.399266,52.532068,34505
13.23225,52.539345,13.225432,52.546462,34507
13.19541,52.549951,13.304436,52.488405,34510
13.229316,52.510321,13.198357,52.485511,34530
13.322059,52.410371,13.40334,52.448133,34534
13.289519,52.509419,13.295748,52.506879,34543
13.485697,52.460823,13.383576,52.493787,34546
13.34547,52.520317,13.395315,52.516208,34546
13.43458,52.490582,13.392878,52.504364,34550
13.419563,52.465024,13.325779,52.452057,34562
13.370146,52.465319,13.388839,52.456168,34565
13.609933,52.53319,13.592079,52.524876,34567
13.401301,52.382046,13.403138,52.403836,34574
13.313164,52.543624,13.337633,52.519849,34574
13.394212,52.507916,13.336535,52.517659,34576
13.300596,52.488007,13.31768,52.466554,34579
13.315556,52.504324,13.313671,52.484115,34581
13.259449,52.513805,13.167109,52.541839,34589
13.587567,52.511311,13.631492,52.510866,34589
13.223113,52.581787,13.343619,52.520473,34592
13.361846,52.436719,13.387492,52.439512,34598
13.415928,52.459513,13.39627,52.449699,34602
13.414039,52.519877,13.43693,52.53194,34607
13.562765,52.54751,13.634654,52.516296,34609
13.327456,52.524358,13.306,52.525765,34610
13.314317,52.47317,13.340283,52.464637,34613
13.274392,52.500784,13.351205,52.558321,34621
13.331899,52.524137,13.314277,52.508868,34623
13.332812,52.581501,13.336282,52.595661,34625
13.389636,52.495918,13.351729,52.526474,34626
13.299216,52.495625,13.284091,52.494002,34649
13.492017,52.429287,13.475619,52.422573,34651
13.287432,52.503043,13.289417,52.49487,34657
13.285772,52.479973,13.282888,52.501232,34659
13.480035,52.50868,13.44414,52.552685,34663
13.282112,52.521129,13.301462,52.524773,34667
13.384718,52.568943,13.372812,52.567446,34676
13.489259,52.467393,13.477687,52.446588,34677
13.447346,52.48836,13.347619,52.495227,34684
13.441225,52.513671,13.450069,52.515621,34684
13.349548,52.52454,13.405315,52.496749,34686
13.594049,52.533693,13.522949,52.501206,34697
13.461122,52.517093,13.487109,52.534079,34699
13.361668,52.503829,13.330177,52.525658,34703
13.513772,52.401266,13.495565,52.412517,34704
13.417699,52.37679,13.394411,52.426714,34706
13.426448,52.452233,13.431133,52.476029,34707
13.330189,52.596701,13.321697,52.589148,34713
13.241437,52.473194,13.194647,52.43176,34717
13.169939,52.518571,13.238341,52.544728,34720
13.522244,52.429216,13.49644,52.415786,34725
13.54699,52.440165,13.551993,52.443587,34728
13.408426,52.552549,13.367465,52.551556,34734
13.571207,52.527959,13.491209,52.512431,34736
13.427276,52.531428,13.432533,52.557544,34737
13.356707,52.500579,13.360657,52.48636,34738
13.285159,52.514472,13.293939,52.537006,34742
13.419303,52.474311,13.466741,52.483223,34742
13.586487,52.444917,13.5221,52.402454,34752
13.256357,52.521091,13.295781,52.548022,34757
13.449254,52.452378,13.476664,52.438881,34759
13.424219,52.550805,13.479841,52.553295,34760
13.468346,52.475743,13.441791,52.468871,34761
13.336106,52.514222,13.306396,52.519245,34764
13.196601,52.535227,13.222983,52.565998,34765
13.196601,52.535227,13.181555,52.548427,34765
13.399671,52.509119,13.4108,52.503873,34768
13.628412,52.506442,13.596695,52.44292,34768
13.385382,52.528718,13.410945,52.533188,34769
13.564325,52.42677,13.515119,52.452972,34772
13.343673,52.491372,13.330188,52.485071,34773
13.312305,52.483231,13.338748,52.448954,34774
13.308237,52.459748,13.429598,52.485412,34777
13.284089,52.518681,13.303296,52.524501,34779
13.480888,52.446441,13.452537,52.456912,34780
13.315186,52.447053,13.358836,52.409145,34782
13.467372,52.509682,13.480168,52.520065,34783
13.449471,52.522081,13.431977,52.515149,34787
13.447346,52.48836,13.328231,52.508056,34790
13.410776,52.412958,13.457111,52.44351,34799
13.523284,52.502397,13.582694,52.519978,34799
13.453556,52.514158,13.460974,52.545459,34804
13.276558,52.468299,13.278805,52.477766,34812
13.347503,52.59486,13.372571,52.568222,34814
13.409668,52.446404,13.312636,52.499252,34818
13.256027,52.41962,13.275985,52.439861,34822
13.393673,52.541112,13.410905,52.541142,34824
13.574372,52.413318,13.585392,52.400093,34827
13.326712,52.42974,13.320032,52.453182,34830
13.40243,52.60214,13.409679,52.584735,34830
13.508514,52.463716,13.507801,52.477727,34836
13.427283,52.564339,13.427198,52.544469,34837
13.59277,52.422571,13.588496,52.44108,34839
13.414113,52.488259,13.419316,52.498945,34850
13.316149,52.476376,13.315925,52.47628,34851
13.369941,52.589354,13.331611,52.577407,34854
13.292209,52.619068,13.286354,52.637402,34855
13.497481,52.570338,13.521852,52.567043,34863
13.416375,52.397342,13.4501,52.447685,34868
13.562164,52.557971,13.495081,52.564823,34869
13.526185,52.437326,13.536485,52.426516,34869
13.535164,52.43969,13.548252,52.432105,34870
13.332749,52.478743,13.32886,52.480098,34872
13.165004,52.534158,13.260564,52.50388,34875
13.359435,52.550759,13.271552,52.479947,34888
13.283303,52.417404,13.340855,52.429706,34888
13.438999,52.486152,13.379721,52.495756,34897
13.517976,52.464601,13.489259,52.467393,34902
13.379649,52.522592,13.421295,52.545179,34907
13.432095,52.471218,13.448889,52.497238,34910
13.253128,52.425214,13.25469,52.450164,34912
13.437955,52.454143,13.468492,52.469953,34914
13.329152,52.436067,13.422051,52.486959,34916
13.38801,52.434015,13.363915,52.422288,34917
13.488716,52.516677,13.533538,52.523223,34920
13.42653,52.542959,13.262189,52.479876,34922
13.206535,52.554052,13.19976,52.53541,34925
13.322688,52.568161,13.274842,52.589006,34925
13.277145,52.516482,13.293939,52.537006,34931
13.562712,52.446007,13.585585,52.431295,34940
13.296229,52.50221,13.446658,52.420316,34943
13.336442,52.548549,13.265406,52.533989,34945
13.328144,52.477815,13.322665,52.466444,34947
13.601995,52.473828,13.583103,52.47277,34952
13.455966,52.482367,13.462133,52.505397,34954
13.493478,52.543696,13.600607,52.531654,34957
13.483979,52.528681,13.478369,52.530998,34965
13.358868,52.446019,13.348224,52.451471,34967
13.38577,52.49005,13.440335,52.522947,34973
13.371532,52.569429,13.359159,52.574245,34976
13.281397,52.441357,13.245423,52.435064,34977
13.531985,52.484085,13.496457,52.503449,34978
13.407185,52.48613,13.414845,52.494981,34981
13.359609,52.447646,13.338251,52.438409,34989
13.388226,52.520335,13.410469,52.516962,34989
13.493238,52.514472,13.476332,52.5331,34992
13.480687,52.499145,13.588054,52.507647,34999
13.632461,52.455157,13.70098,52.427444,35001
13.278405,52.47413,13.32402,52.54238,35002
13.483073,52.582212,13.465789,52.572271,35008
13.574992,52.573582,13.483271,52.576269,35010
13.308032,52.508874,13.296214,52.519205,35013
13.618239,52.52941,13.569301,52.534015,35017
13.31768,52.466554,13.325141,52.508666,35018
13.332827,52.506629,13.342335,52.499161,35021
13.435462,52.521731,13.452026,52.514671,35021
13.59947,52.529566,13.4485,52.553,35026
13.599615,52.524226,13.555688,52.563745,35030
13.38118,52.46573,13.381635,52.459596,35038
13.423509,52.46965,13.233199,52.587389,35041
13.344164,52.475594,13.365207,52.502548,35048
13.34841,52.493637,13.41057,52.527476,35055
13.299359,52.44055,13.424723,52.474902,35057
13.444526,52.490389,13.464035,52.496602,35057
13.575853,52.46388,13.587642,52.466805,35061
13.342276,52.46049,13.31179,52.479768,35074
13.741617,52.428137,13.695315,52.464069,35076
13.433865,52.540515,13.39426,52.536378,35080
13.517725,52.509883,13.50526,52.511067,35088
13.444039,52.426989,13.203084,52.527621,35099
13.389319,52.538135,13.352608,52.539702,35101
13.441594,52.536629,13.595707,52.511148,35106
13.417993,52.515461,13.444036,52.523046,35109
13.592977,52.447481,13.56483,52.531378,35117
13.342306,52.562431,13.352327,52.548297,35121
13.308048,52.436985,13.370572,52.488025,35127
13.454987,52.528475,13.437591,52.529595,35128
13.247018,52.52686,13.346371,52.480889,35132
13.186554,52.504781,13.196523,52.537789,35136
13.389252,52.553755,13.371326,52.544384,35139
13.332827,52.506629,13.315139,52.494335,35141
13.330188,52.485071,13.316767,52.491162,35143
13.584042,52.524696,13.55494,52.43581,35151
13.354207,52.41921,13.351933,52.48993,35155
13.524234,52.500461,13.487173,52.533782,35157
13.373485,52.556878,13.397891,52.546284,35159
13.392352,52.49053,13.409596,52.503968,35159
13.298279,52.52426,13.195127,52.548237,35160
13.393585,52.553219,13.34797,52.515337,35161
13.48453,52.524486,13.454987,52.528475,35171
13.445812,52.461371,13.453398,52.460739,35171
13.642862,52.373316,13.574372,52.413318,35171
13.326028,52.479888,13.30367,52.49634,35176
13.546044,52.521856,13.618588,52.509273,35177
13.431497,52.532078,13.508988,52.560072,35178
13.444211,52.531968,13.411965,52.541102,35180
13.327934,52.522142,13.382835,52.548034,35180
13.610674,52.526862,13.588862,52.545536,35183
13.329814,52.569213,13.28883,52.587982,35186
13.421077,52.481866,13.496727,52.549074,35189
13.5812,52.548533,13.566572,52.510351,35195
13.403715,52.503373,13.423301,52.500569,35197
13.289353,52.587186,13.20416,52.543769,35202
13.330577,52.44724,13.342146,52.461543,35205
13.599879,52.542035,13.603692,52.525716,35205
13.384912,52.540029,13.38535,52.535189,35205
13.48749,52.429335,13.298712,52.507979,35206
13.486588,52.55224,13.462436,52.526918,35207
13.437166,52.497633,13.395869,52.582436,35210
13.468683,52.511005,13.465635,52.512832,35213
13.267889,52.494842,13.337151,52.501098,35214
13.62304,52.534925,13.608308,52.53953,35219
13.461905,52.549546,13.454987,52.528475,35223
13.382367,52.504523,13.418933,52.508081,35223
13.468045,52.572702,13.455719,52.549272,35225
13.453278,52.547675,13.422111,52.568607,35231
13.420917,52.542631,13.428173,52.525009,35243
13.275672,52.513425,13.31479,52.512223,35244
13.417278,52.536734,13.430261,52.53034,35246
13.564443,52.542869,13.541565,52.542891,35254
13.614623,52.540496,13.618701,52.535569,35259
13.441957,52.566147,13.406989,52.518271,35260
13.617041,52.451064,13.632593,52.448774,35269
13.651388,52.522903,13.617003,52.504603,35275
13.157009,52.417234,13.179649,52.421827,35282
13.519169,52.512453,13.478384,52.528383,35291
13.299218,52.515163,13.294545,52.513031,35298
13.289791,52.633221,13.309634,52.630964,35300
13.306853,52.428919,13.313984,52.50693,35303
13.353497,52.420997,13.324366,52.417714,35306
13.328373,52.471278,13.342255,52.46705,35307
13.397026,52.488884,13.339815,52.522826,35312
13.55381,52.503536,13.549484,52.525819,35318
13.372811,52.446011,13.314499,52.47289,35325
13.352238,52.480193,13.329841,52.482379,35326
13.376845,52.517754,13.271836,52.497945,35328
13.403138,52.403836,13.401451,52.417365,35329
13.354126,52.528226,13.32939,52.516679,35338
13.567638,52.403718,13.546085,52.402133,35343
13.298173,52.447214,13.348659,52.440205,35343
13.351908,52.472809,13.335029,52.471383,35343
13.402391,52.459459,13.419563,52.465024,35345
13.212485,52.547404,13.434972,52.43615,35349
13.582537,52.466037,13.576922,52.472376,35352
13.27681,52.470885,13.260685,52.48701,35352
13.259008,52.511779,13.279529,52.510822,35356
13.339941,52.449507,13.435462,52.521731,35359
13.25954,52.448495,13.277095,52.441611,35362
13.442209,52.609301,13.315648,52.591147,35368
13.273115,52.44231,13.500812,52.427199,35369
13.379276,52.461331,13.375017,52.46866,35371
13.483644,52.40634,13.425859,52.388475,35373
13.347984,52.556183,13.401562,52.539824,35373
13.382456,52.493765,13.458664,52.538496,35375
13.393155,52.601036,13.435281,52.629013,35375
13.450081,52.507505,13.428895,52.537726,35381
13.331354,52.527064,13.202643,52.562162,35381
13.213781,52.552172,13.191187,52.514351,35383
13.586222,52.538166,13.577623,52.540051,35385
13.46566,52.504707,13.443652,52.514935,35390
13.230483,52.435589,13.263726,52.445187,35392
13.430656,52.492625,13.400582,52.498413,35394
13.542033,52.457828,13.517203,52.462238,35403
13.359459,52.479993,13.367964,52.486078,35412
13.406334,52.524947,13.381649,52.505098,35412
13.484971,52.533621,13.309678,52.431449,35412
13.47157,52.493831,13.481234,52.482566,35414
13.481461,52.485403,13.468701,52.497425,35418
13.196052,52.552982,13.210076,52.543978,35420
13.419428,52.591449,13.428327,52.556085,35421
13.447612,52.517529,13.466342,52.536702,35431
13.353199,52.441492,13.338341,52.438434,35437
13.33625,52.441289,13.262725,52.452343,35438
13.435188,52.628897,13.351345,52.549926,35445
13.409717,52.538568,13.420819,52.533654,35445
13.513759,52.427465,13.546571,52.403852,35446
13.313249,52.567682,13.306443,52.49054,35446
13.286641,52.512254,13.280476,52.503388,35448
13.315124,52.438075,13.337749,52.461116,35449
13.560693,52.538146,13.547889,52.565492,35456
13.48674,52.526651,13.425373,52.540941,35456
13.448563,52.52539,13.585979,52.545719,35457
13.266924,52.444389,13.24608,52.434357,35457
13.248225,52.538234,13.247727,52.547685,35463
13.459277,52.434289,13.5221,52.402454,35469
13.379312,52.446474,13.372756,52.432899,35471
13.373173,52.56577,13.367465,52.551556,35474
13.224035,52.429482,13.209443,52.419549,35483
13.207472,52.538765,13.200268,52.562106,35493
13.323951,52.525413,13.295348,52.507279,35494
13.282489,52.477914,13.296518,52.47698,35497
13.412224,52.49867,13.332972,52.508991,35497
13.415029,52.52088,13.377051,52.513033,35500
13.432499,52.576427,13.419807,52.579006,35502
13.478369,52.530998,13.482841,52.526377,35503
13.265405,52.503703,13.298616,52.457778,35507
13.276172,52.465634,13.229741,52.431634,35510
13.378242,52.467292,13.380724,52.454924,35512
13.553234,52.447912,13.269391,52.437613,35516
13.376156,52.458941,13.591539,52.394933,35524
13.527398,52.568302,13.492509,52.539035,35529
13.388331,52.533923,13.376395,52.590942,35530
13.361876,52.447225,13.341159,52.4489,35531
13.19976,52.53541,13.203144,52.522803,35533
13.39851,52.38668,13.397906,52.398722,35536
13.395915,52.496105,13.376896,52.501945,35537
13.383098,52.434001,13.364057,52.436397,35537
13.455083,52.479241,13.457734,52.478391,35546
13.405315,52.496749,13.344101,52.478362,35549
13.385892,52.487361,13.337289,52.469264,35551
13.476212,52.482952,13.46629,52.469235,35553
13.286641,52.512254,13.214211,52.509542,35553
13.457926,52.550467,13.439013,52.541109,35558
13.329671,52.602009,13.355928,52.620566,35559
13.265632,52.416776,13.273489,52.57137,35561
13.326028,52.479888,13.36081,52.49132,35568
13.194647,52.43176,13.198357,52.485511,35570
13.574041,52.54417,13.481119,52.531251,35573
13.506181,52.441951,13.239479,52.471588,35578
13.450978,52.515511,13.441642,52.501236,35579
13.321697,52.589148,13.275097,52.466626,35582
13.513472,52.405791,13.432316,52.465769,35586
13.413009,52.563028,13.373173,52.56577,35586
13.473315,52.53409,13.443264,52.53588,35587
13.526761,52.563133,13.452459,52.542517,35588
13.361815,52.525747,13.351489,52.509545,35590
13.617933,52.48942,13.612862,52.476385,35590
13.418964,52.524131,13.562528,52.513047,35591
13.33967,52.446391,13.317311,52.458128,35604
13.478594,52.553895,13.52084,52.554824,35604
13.366695,52.532,13.327924,52.547692,35607
13.540315,52.435157,13.509977,52.421339,35610
13.379614,52.437798,13.380837,52.438323,35615
13.599742,52.516783,13.511346,52.484108,35621
13.363008,52.535718,13.26082,52.50714,35626
13.587642,52.466805,13.569644,52.470505,35627
13.19933,52.427156,13.256696,52.485992,35637
13.443383,52.489657,13.53709,52.388994,35637
13.429842,52.523776,13.423903,52.502341,35638
13.263183,52.543297,13.248566,52.550255,35640
13.3461,52.505751,13.326809,52.463297,35650
13.347647,52.45908,13.435707,52.466878,35653
13.522404,52.435137,13.546044,52.521856,35653
13.336535,52.517659,13.334268,52.513353,35654
13.450872,52.509149,13.437532,52.572888,35655
13.269697,52.490149,13.342824,52.450472,35656
13.418303,52.462451,13.336847,52.490568,35659
13.524119,52.555007,13.463043,52.532339,35664
13.366115,52.554582,13.33114,52.512211,35666
13.412555,52.53608,13.388331,52.533923,35676
13.481829,52.473139,13.478597,52.471562,35679
13.582691,52.508851,13.580233,52.511347,35683
13.357033,52.559881,13.348516,52.546156,35697
13.266519,52.518897,13.299482,52.546525,35698
13.470253,52.539934,13.471943,52.537594,35703
13.477562,52.45076,13.313059,52.452675,35705
13.397927,52.515413,13.419961,52.531732,35707
13.461421,52.544717,13.478616,52.528685,35712
13.399966,52.464197,13.377182,52.453635,35713
13.485123,52.515851,13.51842,52.536845,35715
13.344749,52.461486,13.353699,52.489909,35719
13.218449,52.567384,13.195508,52.545986,35723
13.29304,52.507942,13.244231,52.514784,35723
13.549327,52.53391,13.548139,52.52403,35725
13.505863,52.437362,13.346287,52.449686,35727
13.266112,52.518066,13.247099,52.521386,35731
13.343737,52.555216,13.325087,52.560198,35737
13.382392,52.537677,13.377181,52.561437,35737
13.385143,52.532378,13.412396,52.537988,35740
13.548128,52.473845,13.515605,52.487235,35742
13.532562,52.487555,13.490754,52.469396,35745
13.500154,52.646821,13.607606,52.542919,35747
13.317512,52.559852,13.315524,52.577686,35749
13.348544,52.460993,13.347455,52.470586,35759
13.271943,52.448586,13.305385,52.449884,35760
13.472474,52.508523,13.52053,52.551413,35769
13.430498,52.467786,13.456084,52.484136,35774
13.189025,52.54775,13.203851,52.555644,35777
13.398015,52.435146,13.575613,52.423789,35781
13.484818,52.560512,13.490849,52.570493,35781
13.2213,52.609953,13.245553,52.612468,35782
13.293872,52.473081,13.300596,52.488007,35783
13.323223,52.456597,13.326753,52.456549,35785
13.337697,52.582039,13.257176,52.518808,35787
13.282307,52.483821,13.283011,52.494841,35789
13.301583,52.413726,13.330991,52.467313,35790
13.342406,52.462843,13.304351,52.46166,35793
13.261919,52.416448,13.255102,52.411901,35794
13.564721,52.474435,13.607521,52.453028,35794
13.261932,52.503821,13.328918,52.523973,35807
13.463146,52.439669,13.399435,52.408949,35807
13.520823,52.412302,13.481644,52.415065,35808
13.210167,52.546206,13.345215,52.554372,35808
13.389439,52.557807,13.325054,52.51751,35826
13.334725,52.466219,13.303331,52.467971,35827
13.578285,52.401474,13.576105,52.403786,35828
13.528637,52.43041,13.558375,52.399383,35829
13.424747,52.564819,13.427198,52.544469,35829
13.581358,52.509858,13.525869,52.525542,35836
13.413629,52.493342,13.452857,52.48494,35839
13.273682,52.528158,13.293939,52.537006,35847
13.331632,52.461733,13.354838,52.448905,35849
13.455966,52.482367,13.455535,52.47955,35856
13.566547,52.54276,13.548462,52.550781,35858
13.207128,52.432739,13.182985,52.429451,35864
13.391802,52.497376,13.415693,52.480609,35869
13.20733,52.528764,13.218377,52.508906,35871
13.354207,52.41921,13.309572,52.474454,35872
13.321591,52.577313,13.209353,52.428079,35884
13.401332,52.430317,13.329152,52.436067,35887
13.315676,52.437844,13.342146,52.461543,35888
13.471631,52.537957,13.491877,52.538639,35893
13.298001,52.447377,13.315017,52.452258,35899
13.584042,52.524696,13.496663,52.542838,35909
13.305519,52.499627,13.26607,52.502267,35917
13.307546,52.440406,13.328467,52.479761,35918
13.459007,52.440368,13.285357,52.46726,35922
13.318691,52.574065,13.321298,52.573937,35926
13.284012,52.517064,13.310461,52.516253,35927
13.368916,52.526177,13.389559,52.541547,35928
13.484628,52.519946,13.493238,52.514472,35935
13.469383,52.460488,13.440593,52.461948,35944
13.421314,52.479625,13.274824,52.495864,35945
13.33447,52.603536,13.387595,52.595592,35954
13.371367,52.501758,13.4108,52.503873,35958
13.403217,52.560744,13.427198,52.544469,35961
13.205214,52.437486,13.236788,52.492134,35969
13.240704,52.442439,13.229168,52.424801,35970
13.339293,52.488716,13.293884,52.479004,35970
13.445276,52.538813,13.446556,52.511386,35970
13.337436,52.428478,13.400915,52.440801,35971
13.303728,52.436611,13.281887,52.432922,35973
13.532565,52.428795,13.304456,52.488576,35980
13.354724,52.599765,13.361369,52.602718,35990
13.386678,52.442173,13.410824,52.444817,35999
13.450069,52.515621,13.436749,52.512413,36001
13.415459,52.581871,13.42793,52.584247,36001
13.380227,52.498734,13.241518,52.622234,36002
13.354753,52.42216,13.360204,52.420633,36009
13.404293,52.493795,13.456448,52.500048,36009
13.404829,52.535507,13.447286,52.49821,36010
13.291933,52.477227,13.333524,52.504347,36011
13.538274,52.400644,13.515525,52.417233,36016
13.391833,52.536551,13.344756,52.522482,36016
13.44326,52.60625,13.440649,52.597304,36017
13.580233,52.511347,13.547086,52.506213,36019
13.423179,52.557405,13.390119,52.535465,36020
13.555533,52.543534,13.566547,52.54276,36022
13.43307,52.536031,13.450759,52.501709,36022
13.600098,52.475103,13.617964,52.445749,36023
13.394051,52.411107,13.294475,52.474072,36025
13.574372,52.413318,13.649567,52.342826,36027
13.493155,52.399902,13.518903,52.416731,36029
13.383406,52.509949,13.401291,52.514196,36029
13.30581,52.465706,13.43598,52.455389,36031
13.566163,52.437963,13.402019,52.43757,36042
13.27768,52.574479,13.294804,52.576405,36043
13.218861,52.524781,13.207361,52.565323,36048
13.267889,52.494842,13.284089,52.518681,36050
13.440034,52.462844,13.436976,52.465182,36052
13.386583,52.581305,13.403066,52.59479,36052
13.576922,52.472376,13.572581,52.470745,36055
13.429991,52.551041,13.342146,52.461543,36057
13.30793,52.523264,13.300997,52.587256,36057
13.317372,52.473954,13.320497,52.48642,36070
13.513709,52.464188,13.513304,52.467824,36078
13.365079,52.503196,13.379488,52.49255,36078
13.530432,52.460567,13.585366,52.448941,36079
13.203186,52.519496,13.195774,52.52756,36079
13.33177,52.532524,13.351205,52.558321,36080
13.498995,52.49709,13.536255,52.477783,36080
13.435092,52.434405,13.487047,52.434095,36084
13.294804,52.576405,13.306627,52.582566,36086
13.479382,52.523859,13.418406,52.556169,36089
13.416375,52.397342,13.421412,52.398639,36092
13.499729,52.534207,13.453702,52.485568,36092
13.604607,52.532229,13.521517,52.573545,36097
13.470397,52.527503,13.484633,52.513979,36108
13.309627,52.476314,13.322801,52.541558,36112
13.338251,52.438409,13.359609,52.447646,36115
13.593451,52.528991,13.491397,52.564465,36116
13.273704,52.466299,13.250346,52.453652,36121
13.466389,52.558001,13.403116,52.558041,36125
13.315925,52.47628,13.314499,52.47289,36128
13.612194,52.512039,13.594874,52.487342,36134
13.381492,52.515139,13.367164,52.505842,36137
13.36412,52.475554,13.337401,52.471473,36138
13.525413,52.546407,13.503499,52.562559,36144
13.314976,52.514028,13.390262,52.519961,36154
13.286263,52.487193,13.280517,52.477424,36155
13.343725,52.553374,13.302808,52.51551,36157
13.365485,52.55804,13.347702,52.574412,36158
13.381715,52.514714,13.357624,52.50117,36158
13.348701,52.593013,13.347131,52.548104,36158
13.310121,52.493447,13.316182,52.467128,36164
13.400121,52.43105,13.399418,52.398677,36165
13.521202,52.501794,13.537533,52.540543,36167
13.455325,52.478097,13.221487,52.527055,36168
13.472284,52.468927,13.46038,52.492522,36171
13.300596,52.501946,13.309635,52.510276,36173
13.403614,52.410508,13.460343,52.43539,36185
13.286668,52.422418,13.26717,52.410442,36187
13.277431,52.50298,13.29668,52.442979,36189
13.596115,52.506154,13.434234,52.529241,36193
13.283772,52.437575,13.343767,52.609219,36195
13.375696,52.568626,13.345374,52.526313,36198
13.431972,52.550289,13.412337,52.567376,36199
13.240704,52.442439,13.229783,52.431022,36210
13.496457,52.503449,13.531985,52.484085,36212
13.303186,52.421743,13.288969,52.412588,36215
13.344394,52.504386,13.366984,52.507632,36221
13.388775,52.517174,13.595803,52.477201,36226
13.322379,52.521135,13.290597,52.51905,36226
13.557483,52.445771,13.533173,52.482263,36229
13.289417,52.49487,13.300194,52.498805,36230
13.517203,52.462238,13.553815,52.458995,36243
13.338341,52.438434,13.27016,52.442341,36249
13.427078,52.535771,13.385392,52.550089,36259
13.266353,52.51312,13.283592,52.51679,36262
13.633264,52.522903,13.611666,52.534245,36263
13.597348,52.532013,13.562178,52.532644,36264
13.240732,52.558947,13.308602,52.578041,36266
13.347058,52.562539,13.349503,52.542272,36266
13.549484,52.525819,13.542144,52.506421,36268
13.397045,52.508988,13.410273,52.499359,36271
13.239676,52.540319,13.236822,52.546802,36271
13.354877,52.539685,13.464563,52.570444,36272
13.532824,52.461668,13.579619,52.458922,36276
13.656747,52.411948,13.649214,52.407425,36276
13.620815,52.4521,13.603224,52.512484,36281
13.317554,52.506153,13.159513,52.426394,36285
13.460841,52.627514,13.454201,52.515858,36285
13.435096,52.437713,13.428167,52.459429,36290
13.421077,52.481866,13.458065,52.519549,36291
13.521322,52.501433,13.548128,52.473845,36293
13.352217,52.496793,13.341277,52.505024,36293
13.358228,52.547016,13.370506,52.520919,36293
13.329266,52.499407,13.342572,52.486648,36299
13.472311,52.547691,13.481918,52.528734,36301
13.313145,52.500549,13.322621,52.497837,36304
13.261331,52.443227,13.337436,52.428478,36307
13.371326,52.544384,13.39715,52.550814,36315
13.457734,52.478391,13.455325,52.478097,36322
13.283943,52.49599,13.253761,52.444925,36324
13.452259,52.527547,13.418413,52.498785,36326
13.441621,52.510035,13.472278,52.494738,36329
13.495565,52.412517,13.348486,52.475446,36333
13.281195,52.450634,13.256747,52.450088,36335
13.311919,52.57157,13.277431,52.50298,36335
13.419961,52.531732,13.405505,52.521138,36337
13.625143,52.489321,13.443635,52.557508,36339
13.182769,52.544802,13.163784,52.518668,36344
13.444946,52.495112,13.466891,52.471357,36345
13.327427,52.502879,13.383494,52.493519,36351
13.335029,52.471383,13.429429,52.555065,36361
13.282088,52.44339,13.23127,52.436911,36369
13.532824,52.461668,13.519971,52.449908,36373
13.323883,52.495235,13.323725,52.494374,36375
13.230541,52.582582,13.288477,52.588508,36381
13.606203,52.52428,13.519309,52.450321,36392
13.331618,52.562066,13.315404,52.569222,36392
13.223199,52.510177,13.289519,52.509419,36394
13.363494,52.485294,13.364993,52.525108,36394
13.376017,52.454952,13.381299,52.440879,36395
13.434799,52.504546,13.47567,52.475984,36402
13.300772,52.485974,13.315485,52.495553,36408
13.488145,52.426101,13.4733,52.423123,36410
13.419858,52.442633,13.319535,52.467073,36410
13.313671,52.484115,13.291604,52.510708,36414
13.405325,52.590683,13.379203,52.59578,36425
13.409102,52.426369,13.405803,52.418328,36428
13.219138,52.508745,13.266894,52.494556,36434
13.31647,52.5669,13.318507,52.56499,36437
13.228771,52.52564,13.148997,52.556629,36439
13.455535,52.47955,13.382231,52.489858,36443
13.218679,52.538983,13.147076,52.532743,36451
13.542779,52.450125,13.382712,52.468606,36452
13.291238,52.4937,13.316583,52.479068,36455
13.593328,52.441311,13.625466,52.456952,36460
13.32114,52.465626,13.320497,52.48642,36466
13.504879,52.465856,13.526439,52.481245,36466
13.459821,52.522277,13.420319,52.53277,36468
13.37069,52.563229,13.343657,52.564168,36471
13.471496,52.535227,13.473315,52.53409,36471
13.58257,52.486609,13.544261,52.526031,36476
13.2816,52.524271,13.274824,52.495864,36479
13.56954,52.560551,13.553413,52.563209,36484
13.349499,52.448418,13.337454,52.434418,36488
13.638065,52.529559,13.585979,52.545719,36494
13.412039,52.542018,13.346015,52.544864,36497
13.39738,52.488898,13.384502,52.487647,36497
13.617515,52.531379,13.580894,52.517863,36498
13.364085,52.455872,13.385753,52.470773,36499
13.39965,52.45516,13.430726,52.468475,36507
13.470582,52.504376,13.428651,52.493899,36510
13.552691,52.541523,13.513693,52.542972,36511
13.385827,52.51667,13.341808,52.497325,36512
13.337401,52.471473,13.326046,52.49468,36513
13.388839,52.456168,13.416768,52.459998,36517
13.392644,52.429889,13.386516,52.388781,36522
13.163416,52.418852,13.223164,52.425106,36530
13.478597,52.471562,13.51078,52.464154,36535
13.349958,52.526359,13.381793,52.535509,36537
13.18272,52.483206,13.149156,52.526054,36539
13.259354,52.492453,13.282628,52.506474,36546
13.344208,52.519019,13.328107,52.525924,36547
13.468796,52.616766,13.467634,52.546698,36549
13.342435,52.591287,13.308602,52.578041,36549
13.319863,52.443612,13.296797,52.485964,36553
13.484671,52.474488,13.625458,52.530956,36558
13.462133,52.505397,13.542978,52.442348,36571
13.334535,52.468189,13.269877,52.490246,36574
13.196601,52.535227,13.165116,52.535577,36577
13.349095,52.470334,13.370403,52.46839,36580
13.257135,52.516337,13.280634,52.516912,36585
13.387492,52.439512,13.409102,52.426369,36598
13.245423,52.435064,13.281397,52.441357,36599
13.407975,52.50441,13.422251,52.50547,36602
13.345083,52.458948,13.321352,52.457481,36610
13.450748,52.50809,13.391938,52.553364,36614
13.295748,52.506879,13.309302,52.506487,36618
13.361846,52.436719,13.361293,52.397783,36623
13.61671,52.540755,13.643088,52.529508,36627
13.243575,52.510369,13.296083,52.511738,36628
13.451395,52.567892,13.434202,52.545895,36629
13.562915,52.401453,13.574372,52.413318,36631
13.268657,52.478073,13.287432,52.503043,36637
13.410469,52.516962,13.390693,52.517269,36649
13.397586,52.408567,13.380396,52.437879,36655
13.494391,52.513281,13.485752,52.521837,36665
13.347906,52.485347,13.434887,52.471534,36680
13.335871,52.597194,13.2948,52.591764,36680
13.590631,52.41869,13.486697,52.534983,36680
13.47931,52.502883,13.47527,52.502727,36684
13.35836,52.500685,13.274392,52.500784,36689
13.471038,52.615354,13.49761,52.620386,36693
13.414845,52.494981,13.388211,52.487137,36693
13.410653,52.499264,13.388247,52.509317,36693
13.483371,52.462542,13.478905,52.48512,36695
13.366893,52.463883,13.359459,52.479993,36705
13.423179,52.557405,13.427198,52.544469,36706
13.491191,52.536239,13.514867,52.56893,36708
13.319949,52.504958,13.340527,52.51863,36711
13.301798,52.540604,13.284089,52.518681,36713
13.398461,52.388856,13.349462,52.408245,36718
13.272439,52.437239,13.266111,52.448334,36719
13.481557,52.448832,13.397472,52.420755,36723
13.286812,52.478281,13.278143,52.506702,36726
13.540601,52.525459,13.518296,52.535831,36727
13.460235,52.528096,13.44921,52.517734,36728
13.425836,52.503387,13.425204,52.480648,36729
13.499076,52.573409,13.524652,52.564841,36731
13.430902,52.464384,13.385753,52.470773,36732
13.281149,52.513851,13.374184,52.586788,36740
13.519189,52.513459,13.535795,52.521585,36748
13.205448,52.519257,13.173901,52.530664,36751
13.442502,52.590828,13.475114,52.607053,36756
13.320497,52.48642,13.313891,52.464313,36758
13.320497,52.48642,13.283476,52.47643,36758
13.375951,52.567841,13.396311,52.517436,36761
13.358083,52.591441,13.306941,52.592134,36765
13.260685,52.48701,13.329335,52.481684,36768
13.417345,52.505889,13.398228,52.540196,36771
13.460474,52.44114,13.50236,52.424752,36775
13.523903,52.482814,13.525203,52.491884,36780
13.195774,52.52756,13.200963,52.517388,36782
13.491191,52.536239,13.424069,52.513411,36784
13.314482,52.474292,13.30867,52.485734,36789
13.289168,52.4295,13.229246,52.50678,36791
13.484146,52.461517,13.402391,52.459459,36793
13.33021,52.434105,13.314232,52.436755,36794
13.28705,52.472329,13.3016,52.534441,36797
13.300596,52.488007,13.285772,52.479973,36799
13.349449,52.499673,13.368386,52.488275,36805
13.2423,52.542413,13.2947,52.501777,36805
13.431345,52.502943,13.436527,52.47173,36809
13.540315,52.435157,13.583756,52.431113,36810
13.294545,52.513031,13.286868,52.512971,36821
13.422466,52.530812,13.439013,52.541109,36822
13.612194,52.512039,13.629456,52.507983,36824
13.342977,52.475769,13.311497,52.466452,36825
13.389249,52.547123,13.367465,52.551556,36825
13.310461,52.516253,13.324532,52.487436,36832
13.420504,52.495605,13.452777,52.504857,36833
13.427078,52.535771,13.379425,52.549763,36835
13.536485,52.426516,13.268857,52.590742,36835
13.414144,52.508003,13.436081,52.509536,36836
13.612862,52.476385,13.617933,52.48942,36837
13.447264,52.562928,13.443657,52.529899,36841
13.343703,52.508285,13.484982,52.536568,36842
13.575514,52.445729,13.556933,52.512294,36845
13.310953,52.474376,13.344361,52.498967,36850
13.429392,52.481334,13.373556,52.468983,36850
13.538983,52.450929,13.566664,52.412288,36851
13.369699,52.470834,13.36751,52.455779,36851
13.273694,52.542294,13.28883,52.535192,36856
13.300442,52.446847,13.319992,52.456292,36858
13.635659,52.455679,13.618646,52.455527,36859
13.561968,52.510133,13.552815,52.503289,36861
13.142156,52.537356,13.139874,52.551119,36864
13.309248,52.488846,13.456338,52.442818,36865
13.342406,52.462843,13.355996,52.470776,36866
13.502042,52.434427,13.472288,52.436878,36868
13.325087,52.560198,13.343737,52.555216,36869
13.25158,52.413646,13.279529,52.510822,36875
13.271836,52.497945,13.336464,52.53328,36875
13.314606,52.520871,13.351343,52.488462,36876
13.291119,52.538861,13.253853,52.510243,36886
13.42148,52.61382,13.43299,52.605935,36887
13.28334,52.589983,13.236784,52.570582,36892
13.442535,52.486235,13.46629,52.469235,36899
13.586557,52.472248,13.542188,52.429425,36899
13.236334,52.609635,13.346321,52.602009,36900
13.262819,52.527546,13.231334,52.509805,36903
13.450503,52.529258,13.44078,52.517199,36907
13.393603,52.511455,13.382367,52.504523,36916
13.294567,52.474215,13.289926,52.473538,36920
13.367964,52.486078,13.303349,52.557133,36932
13.461421,52.544717,13.389667,52.574331,36937
13.349205,52.491237,13.340289,52.475485,36938
13.456639,52.437683,13.316337,52.469849,36939
13.367465,52.551556,13.363885,52.528338,36939
13.431153,52.612077,13.442502,52.590828,36943
13.360738,52.576672,13.373173,52.56577,36944
13.497748,52.611028,13.471038,52.615354,36947
13.40306,52.533659,13.317046,52.574308,36951
13.277341,52.427768,13.236184,52.448534,36959
13.503512,52.467644,13.50111,52.483106,36962
13.445315,52.553884,13.371095,52.527051,36963
13.313686,52.4184,13.337775,52.410562,36963
13.615716,52.498824,13.600409,52.486899,36965
13.320315,52.498016,13.375455,52.503903,36965
13.468214,52.472204,13.460648,52.471722,36965
13.465406,52.507703,13.587642,52.466805,36967
13.579743,52.567453,13.428886,52.475741,36969
13.430872,52.529174,13.447956,52.519484,36970
13.42302,52.513765,13.435462,52.521731,36970
13.310121,52.493447,13.31695,52.468216,36974
13.41728,52.492427,13.441155,52.472375,36974
13.660493,52.410341,13.712438,52.397978,36975
13.452537,52.456912,13.477687,52.446588,36975
13.351489,52.509545,13.361815,52.525747,36979
13.451333,52.483808,13.374705,52.427475,36984
13.47096,52.51832,13.463753,52.466408,36984
13.310844,52.481612,13.278805,52.477766,36986
13.515605,52.487235,13.480803,52.49909,36987
13.455275,52.435551,13.40334,52.448133,36987
13.38535,52.535189,13.395835,52.532612,36988
13.318691,52.574065,13.367377,52.566736,36989
13.516816,52.537791,13.524652,52.564841,36998
13.423543,52.549043,13.380307,52.505994,37002
13.359572,52.498443,13.397478,52.48922,37009
13.342146,52.461543,13.32286,52.482736,37012
13.346701,52.459882,13.328329,52.464925,37013
13.612475,52.454146,13.587403,52.418464,37013
13.192979,52.532091,13.23225,52.539345,37016
13.528535,52.565375,13.57727,52.553223,37016
13.360327,52.417953,13.372979,52.424925,37025
13.33176,52.478152,13.285757,52.46988,37033
13.33846,52.484052,13.38803,52.443523,37033
13.485341,52.526678,13.464724,52.524409,37042
13.338748,52.448954,13.322569,52.48531,37043
13.226152,52.55643,13.290095,52.51902,37049
13.405659,52.519509,13.500182,52.507303,37052
13.151187,52.458353,13.138511,52.542864,37054
13.267521,52.496383,13.311023,52.476244,37063
13.514768,52.45303,13.512179,52.457324,37065
13.301996,52.571707,13.216779,52.423877,37066
13.330839,52.465211,13.326757,52.429785,37082
13.480348,52.451822,13.509781,52.472795,37087
13.452027,52.51069,13.44834,52.497551,37092
13.581719,52.507211,13.603056,52.544248,37094
13.335406,52.534334,13.311682,52.524579,37099
13.475515,52.513553,13.477686,52.530854,37099
13.426785,52.456741,13.43624,52.452537,37103
13.520949,52.572052,13.494455,52.581961,37104
13.379279,52.489623,13.385753,52.470773,37114
13.695315,52.464069,13.713687,52.432069,37119
13.409097,52.541298,13.38219,52.531262,37120
13.618701,52.535569,13.607606,52.542919,37122
13.43693,52.53194,13.42392,52.538407,37123
13.25273,52.41739,13.240704,52.442439,37125
13.628412,52.506442,13.588788,52.486777,37126
13.264152,52.428754,13.420172,52.394807,37131
13.392644,52.429889,13.463753,52.466408,37134
13.175855,52.519959,13.130514,52.53629,37136
13.337715,52.467291,13.30074,52.470417,37136
13.429449,52.521219,13.423935,52.593013,37137
13.440044,52.481627,13.46629,52.469235,37140
13.656537,52.37459,13.574372,52.413318,37144
13.460841,52.627514,13.500373,52.627334,37147
13.196601,52.535227,13.165822,52.526107,37153
13.284902,52.417296,13.295396,52.43779,37171
13.296069,52.482754,13.344979,52.48592,37174
13.354027,52.442588,13.328821,52.478787,37175
13.370664,52.454538,13.337433,52.439559,37185
13.249632,52.509434,13.291148,52.513239,37189
13.305226,52.511592,13.342022,52.517876,37195
13.314294,52.454639,13.351933,52.48993,37195
13.503499,52.562559,13.467464,52.573832,37196
13.588862,52.545536,13.610674,52.526862,37199
13.460669,52.46215,13.456079,52.473747,37209
13.350566,52.454464,13.267599,52.498584,37212
13.442535,52.486235,13.439206,52.492917,37213
13.387771,52.460548,13.384041,52.444828,37214
13.307502,52.525722,13.328559,52.53114,37218
13.38118,52.46573,13.360205,52.479356,37219
13.419982,52.502253,13.432372,52.517328,37220
13.589173,52.428425,13.58706,52.443265,37225
13.427198,52.544469,13.42943,52.566892,37227
13.412396,52.537988,13.469531,52.520971,37238
13.367601,52.541695,13.33752,52.572344,37242
13.31881,52.450688,13.341003,52.447643,37242
13.418673,52.476682,13.408068,52.489346,37248
13.345339,52.419077,13.36755,52.43002,37256
13.303422,52.509869,13.325711,52.505568,37257
13.384566,52.496724,13.351947,52.506232,37259
13.411042,52.513244,13.429551,52.532982,37262
13.387595,52.595592,13.371532,52.569429,37263
13.381492,52.515139,13.3277,52.504602,37263
13.441594,52.536629,13.412407,52.517218,37264
13.419316,52.498945,13.414113,52.488259,37264
13.310844,52.481612,13.303411,52.505016,37270
13.586996,52.543278,13.4576,52.545977,37275
13.209564,52.559656,13.463643,52.463534,37276
13.40286,52.521367,13.441936,52.636481,37282
13.436695,52.613124,13.49175,52.53403,37283
13.3138,52.481013,13.329584,52.456265,37284
13.283592,52.51679,13.27015,52.507894,37290
13.379641,52.494597,13.455753,52.539601,37291
13.431977,52.515149,13.449471,52.522081,37295
13.363419,52.478582,13.265174,52.454645,37296
13.491853,52.464898,13.502105,52.482051,37307
13.417361,52.394652,13.430185,52.414585,37314
13.379039,52.544492,13.34535,52.529863,37318
13.378711,52.625191,13.423138,52.607105,37325
13.525904,52.489151,13.49721,52.518224,37328
13.524912,52.525581,13.593547,52.522681,37329
13.419705,52.496397,13.403425,52.493814,37332
13.285134,52.524205,13.290512,52.51667,37334
13.291856,52.488678,13.42202,52.423922,37338
13.562712,52.446007,13.587654,52.431573,37340
13.369273,52.559417,13.381568,52.552273,37343
13.330802,52.499552,13.488364,52.451353,37343
13.445315,52.553884,13.411965,52.541102,37349
13.345677,52.464909,13.358885,52.474266,37351
13.414802,52.555061,13.373485,52.556878,37354
13.546085,52.402133,13.57512,52.40503,37357
13.422298,52.547944,13.416999,52.535398,37357
13.320497,52.48642,13.30632,52.467552,37358
13.320484,52.499713,13.345889,52.498833,37360
13.41176,52.459824,13.294545,52.513031,37363
13.455828,52.522272,13.372922,52.549731,37367
13.558899,52.446723,13.575613,52.423789,37369
13.388279,52.58409,13.443348,52.568512,37371
13.517112,52.5643,13.49306,52.521826,37373
13.388421,52.451275,13.387492,52.439512,37380
13.406746,52.494988,13.415652,52.460991,37380
13.381615,52.504964,13.406558,52.498316,37381
13.432335,52.550132,13.4464,52.509321,37382
13.200632,52.511191,13.336245,52.525077,37383
13.29499,52.450017,13.291238,52.416805,37385
13.437897,52.532647,13.349958,52.526359,37392
13.528064,52.489896,13.579501,52.515599,37394
13.384502,52.487647,13.406652,52.48513,37395
13.444211,52.531968,13.429876,52.53935,37403
13.275985,52.439861,13.256027,52.41962,37403
13.36081,52.49132,13.345889,52.498833,37405
13.602942,52.534256,13.622364,52.538161,37408
13.337749,52.461116,13.326597,52.459687,37409
13.328319,52.53294,13.293752,52.548188,37409
13.337186,52.495939,13.221664,52.511119,37411
13.744114,52.438122,13.658488,52.409003,37419
13.384842,52.450193,13.381084,52.44152,37423
13.440265,52.515857,13.432624,52.502415,37430
13.320484,52.499713,13.351729,52.526474,37434
13.320777,52.570357,13.325155,52.54385,37435
13.493486,52.425791,13.524883,52.417948,37436
13.43825,52.514597,13.424726,52.546899,37437
13.377016,52.456306,13.383832,52.469582,37438
13.375951,52.567841,13.359735,52.504193,37439
13.370708,52.499968,13.369153,52.458474,37443
13.439225,52.536774,13.433121,52.548909,37456
13.430091,52.457509,13.434918,52.430866,37466
13.336588,52.518935,13.353938,52.524013,37473
13.431401,52.467514,13.419858,52.442633,37475
13.460974,52.545459,13.453556,52.514158,37475
13.445276,52.538813,13.469188,52.518629,37477
13.321298,52.573937,13.231832,52.507059,37479
13.49644,52.415786,13.500697,52.400471,37480
13.493092,52.611303,13.43777,52.540054,37484
13.352903,52.528222,13.293803,52.516849,37484
13.530494,52.509826,13.585336,52.508663,37488
13.47527,52.502727,13.478168,52.506582,37491
13.361815,52.525747,13.38802,52.497447,37491
13.284091,52.494002,13.299216,52.495625,37501
13.385362,52.565062,13.432111,52.5437,37504
13.340431,52.464654,13.465557,52.452042,37505
13.3189,52.576112,13.346964,52.589771,37510
13.555196,52.446007,13.511239,52.418267,37512
13.312554,52.569622,13.334674,52.573365,37513
13.377181,52.561437,13.361784,52.568517,37514
13.451466,52.538341,13.463815,52.522767,37519
13.429598,52.485412,13.422251,52.50547,37522
13.448881,52.541294,13.458189,52.535733,37524
13.349858,52.479402,13.347512,52.467638,37524
13.583772,52.469265,13.560157,52.48439,37529
13.359649,52.533384,13.329038,52.599158,37530
13.447221,52.535643,13.503356,52.504476,37536
13.338497,52.452812,13.283295,52.473268,37537
13.167109,52.541839,13.259449,52.513805,37541
13.282628,52.506474,13.265908,52.497137,37543
13.203826,52.547178,13.280653,52.548447,37543
13.612194,52.512039,13.61579,52.487211,37544
13.393829,52.573923,13.389685,52.555305,37549
13.322696,52.464027,13.269011,52.481151,37551
13.325015,52.493703,13.285189,52.479665,37559
13.480888,52.446441,13.29597,52.495913,37559
13.315404,52.4514,13.283917,52.529961,37567
13.255299,52.446248,13.257469,52.416055,37569
13.412435,52.508931,13.364863,52.508097,37572
13.196601,52.535227,13.173115,52.510604,37573
13.196601,52.535227,13.170774,52.523371,37573
13.381195,52.485008,13.271766,52.550565,37577
13.425749,52.53434,13.422063,52.520167,37578
13.442502,52.590828,13.418789,52.599545,37578
13.184402,52.558338,13.190753,52.540229,37579
13.365079,52.503196,13.296425,52.501857,37585
13.195866,52.516308,13.197808,52.519469,37585
13.405848,52.530507,13.417993,52.515461,37587
13.307596,52.503621,13.312753,52.491333,37591
13.405417,52.488848,13.446353,52.486368,37592
13.187476,52.514954,13.158499,52.531697,37594
13.395835,52.532612,13.386245,52.531323,37597
13.526439,52.481245,13.517352,52.496065,37598
13.295781,52.548022,13.256357,52.521091,37600
13.303186,52.421743,13.269852,52.409146,37601
13.292179,52.479112,13.318201,52.49626,37604
13.477643,52.613303,13.508381,52.575484,37606
13.347444,52.487078,13.372678,52.503162,37607
13.306413,52.483081,13.378035,52.56468,37609
13.249632,52.509434,13.311919,52.57157,37616
13.349751,52.494637,13.311023,52.476244,37617
13.554508,52.513701,13.587842,52.536886,37622
13.314277,52.508868,13.322509,52.514698,37632
13.182985,52.429451,13.406161,52.482664,37635
13.493166,52.562708,13.29348,52.597045,37635
13.431188,52.493149,13.353775,52.505313,37639
13.439617,52.541982,13.466342,52.536702,37644
13.399075,52.541336,13.360801,52.545369,37644
13.494951,52.545385,13.543029,52.536706,37646
13.390693,52.517269,13.443652,52.514935,37648
13.412585,52.545247,13.458982,52.515215,37654
13.325141,52.508666,13.306458,52.535251,37661
13.381166,52.504744,13.445281,52.486911,37661
13.410784,52.528633,13.368916,52.526177,37668
13.309635,52.510276,13.314143,52.507809,37672
13.394559,52.574633,13.412337,52.567376,37677
13.333122,52.487672,13.363481,52.48152,37683
13.440593,52.461948,13.469383,52.460488,37684
13.444284,52.463691,13.458348,52.485843,37685
13.574522,52.55512,13.616458,52.541909,37685
13.400582,52.498413,13.430656,52.492625,37689
13.500007,52.541933,13.599843,52.546314,37689
13.404565,52.540642,13.405236,52.555625,37689
13.308324,52.447282,13.311496,52.479762,37692
13.324897,52.500068,13.247515,52.505403,37694
13.328411,52.477416,13.277679,52.484141,37694
13.514837,52.538517,13.523667,52.552586,37701
13.315812,52.463609,13.268942,52.505858,37705
13.264309,52.495815,13.275293,52.500361,37711
13.333566,52.562116,13.33279,52.607519,37712
13.431453,52.524394,13.43064,52.528835,37714
13.305385,52.449884,13.282888,52.501232,37715
13.553413,52.563209,13.56954,52.560551,37718
13.248566,52.550255,13.270828,52.539548,37718
13.511379,52.429688,13.228771,52.52564,37722
13.381793,52.535509,13.351726,52.508607,37731
13.406161,52.482664,13.431401,52.467514,37734
13.462892,52.557038,13.439013,52.541109,37737
13.330803,52.490825,13.311023,52.476244,37746
13.373117,52.452056,13.358378,52.451139,37746
13.70098,52.427444,13.62817,52.45767,37747
13.621939,52.381415,13.644724,52.378763,37756
13.389059,52.434182,13.413252,52.441661,37757
13.319237,52.447744,13.347597,52.42563,37758
13.374501,52.423298,13.373203,52.436848,37760
13.406612,52.398493,13.574678,52.425195,37763
13.391208,52.423516,13.391492,52.407309,37767
13.282307,52.483821,13.307153,52.500094,37770
13.278805,52.477766,13.261368,52.485664,37776
13.127849,52.459306,13.123813,52.527799,37782
13.379534,52.58376,13.297565,52.542035,37794
13.421973,52.535617,13.504065,52.646259,37796
13.476913,52.476634,13.455321,52.473064,37796
13.487109,52.534079,13.461122,52.517093,37798
13.476008,52.507634,13.477939,52.502846,37799
13.47761,52.55184,13.443344,52.533372,37805
13.536073,52.511398,13.508318,52.510039,37805
13.187513,52.508133,13.204423,52.536181,37807
13.379822,52.52153,13.401271,52.529753,37808
13.449011,52.51123,13.483371,52.462542,37809
13.342824,52.450472,13.308542,52.520066,37817
13.377182,52.453635,13.399966,52.464197,37817
13.331288,52.409395,13.306301,52.470356,37821
13.161806,52.523549,13.209331,52.565105,37824
13.368916,52.526177,13.365438,52.537074,37824
13.379845,52.497354,13.377685,52.503176,37833
13.595009,52.414551,13.31865,52.463559,37833
13.587284,52.411877,13.546744,52.431469,37835
13.551943,52.549154,13.582588,52.517867,37838
13.341459,52.520659,13.292379,52.497453,37839
13.311516,52.430485,13.331424,52.42656,37839
13.475515,52.513553,13.500666,52.518027,37843
13.24116,52.435613,13.283306,52.537302,37855
13.450552,52.548616,13.437622,52.534161,37859
13.381635,52.459596,13.384136,52.458191,37859
13.315569,52.486529,13.299923,52.521581,37860
13.337623,52.416711,13.310022,52.451487,37861
13.279514,52.593871,13.287215,52.585726,37865
13.300204,52.439786,13.303811,52.416002,37868
13.458357,52.492332,13.456084,52.484136,37870
13.307799,52.50299,13.300408,52.522538,37871
13.34204,52.552269,13.327338,52.563426,37874
13.414259,52.439572,13.354038,52.444394,37874
13.39426,52.536378,13.446258,52.51174,37881
13.286092,52.474802,13.267289,52.484226,37883
13.305013,52.585361,13.312554,52.569622,37884
13.314316,52.464776,13.276347,52.448305,37884
13.355928,52.620566,13.356956,52.61562,37897
13.427855,52.590125,13.409581,52.585357,37899
13.606516,52.527997,13.574876,52.513126,37906
13.58706,52.443265,13.634807,52.448591,37908
13.415693,52.480609,13.391802,52.497376,37909
13.330764,52.528509,13.251737,52.51768,37913
13.590829,52.418903,13.593619,52.420043,37913
13.304902,52.54785,13.203709,52.549938,37914
13.313213,52.571421,13.322862,52.508781,37914
13.179649,52.421827,13.21804,52.426426,37915
13.579464,52.517424,13.505698,52.506208,37919
13.259859,52.429258,13.269549,52.437477,37921
13.378116,52.456213,13.382484,52.445368,37927
13.363915,52.422288,13.38801,52.434015,37929
13.524474,52.401839,13.51902,52.420998,37934
13.410945,52.533188,13.385382,52.528718,37936
13.358142,52.556615,13.32183,52.564162,37937
13.468822,52.534613,13.453651,52.525517,37939
13.429937,52.539412,13.401271,52.529753,37940
13.207361,52.565323,13.218861,52.524781,37944
13.440335,52.522947,13.433313,52.533548,37945
13.413484,52.604848,13.388688,52.582575,37953
13.380832,52.603445,13.414134,52.586084,37953
13.337638,52.459401,13.28705,52.472329,37957
13.320497,52.48642,13.306641,52.475403,37958
13.5944,52.466498,13.581004,52.469635,37959
13.501523,52.572057,13.579432,52.500923,37959
13.470423,52.462533,13.476125,52.444298,37963
13.437574,52.634539,13.476106,52.60536,37964
13.253195,52.521259,13.227581,52.506735,37967
13.473298,52.412931,13.454244,52.429722,37969
13.343657,52.564168,13.37069,52.563229,37969
13.394039,52.532202,13.368916,52.526177,37972
13.349945,52.545143,13.35396,52.547227,37976
13.425074,52.487102,13.431876,52.499791,37979
13.353403,52.615795,13.336282,52.595661,37981
13.290228,52.477309,13.352628,52.52933,37989
13.513344,52.567961,13.493227,52.568414,37989
13.469775,52.612494,13.397488,52.586012,37989
13.421311,52.42429,13.504415,52.450547,37990
13.299365,52.487203,13.308289,52.476383,37990
13.30338,52.468151,13.310121,52.493447,37995
13.30367,52.49634,13.300587,52.469233,37998
13.300596,52.488007,13.270014,52.479164,37999
13.435711,52.551008,13.412585,52.545247,37999
13.515525,52.417233,13.509149,52.41735,38015
13.209445,52.547283,13.155713,52.521551,38018
13.321111,52.5167,13.335218,52.485904,38019
13.52837,52.422711,13.689369,52.367968,38021
13.422495,52.528502,13.427998,52.540074,38025
13.562471,52.447916,13.590021,52.482186,38033
13.440275,52.548571,13.444689,52.542028,38033
13.423197,52.551114,13.387174,52.536947,38035
13.435297,52.460179,13.453095,52.454209,38036
13.428651,52.493899,13.457261,52.499706,38037
13.356572,52.498109,13.364838,52.488271,38039
13.511305,52.560555,13.58646,52.549667,38039
13.440649,52.597304,13.422804,52.579977,38044
13.255368,52.514801,13.275358,52.512781,38044
13.306533,52.528833,13.328559,52.53114,38047
13.345406,52.531237,13.356725,52.523136,38049
13.455535,52.47955,13.422201,52.492979,38050
13.399305,52.59256,13.437574,52.634539,38055
13.479841,52.553295,13.424219,52.550805,38057
13.610248,52.534543,13.587674,52.524486,38058
13.444537,52.470042,13.444431,52.455151,38060
13.347512,52.467638,13.342329,52.482535,38061
13.519647,52.509229,13.513266,52.505284,38062
13.43064,52.528835,13.431453,52.524394,38070
13.288969,52.412588,13.303186,52.421743,38078
13.452405,52.55785,13.435462,52.521731,38080
13.380837,52.438323,13.364858,52.451369,38082
13.482614,52.461904,13.306301,52.470356,38094
13.352327,52.548297,13.232966,52.529155,38096
13.342811,52.463072,13.328329,52.464925,38097
13.360205,52.479356,13.379276,52.461331,38099
13.321867,52.611461,13.2179,52.610859,38101
13.604592,52.538682,13.57859,52.566156,38101
13.463043,52.532339,13.447956,52.519484,38103
13.240201,52.424515,13.246695,52.436363,38105
13.333138,52.477965,13.324225,52.4782,38108
13.452264,52.481244,13.474461,52.479001,38113
13.444859,52.515334,13.457285,52.558248,38114
13.449176,52.52878,13.405684,52.551198,38115
13.31884,52.492029,13.303245,52.495922,38117
13.435987,52.417183,13.429942,52.458832,38120
13.426626,52.456841,13.426163,52.477554,38124
13.452777,52.504857,13.397239,52.519276,38132
13.326586,52.446116,13.303728,52.436611,38134
13.456448,52.500048,13.464031,52.511108,38137
13.357667,52.551759,13.393277,52.53745,38145
13.6156,52.474793,13.630872,52.51003,38149
13.489259,52.467393,13.482209,52.445894,38151
13.487858,52.537494,13.479621,52.503373,38156
13.342445,52.458807,13.36412,52.475554,38158
13.500641,52.547119,13.56809,52.57362,38164
13.241366,52.518211,13.147962,52.532797,38164
13.312213,52.604612,13.311129,52.569808,38164
13.44078,52.517199,13.450619,52.508622,38165
13.449813,52.543628,13.440277,52.536025,38174
13.281311,52.512824,13.293939,52.537006,38177
13.424723,52.474902,13.313424,52.530132,38182
13.474958,52.463519,13.493426,52.465309,38188
13.390346,52.507683,13.397561,52.529428,38199
13.322621,52.497837,13.312305,52.483231,38203
13.406258,52.584812,13.415575,52.601021,38206
13.577623,52.540051,13.546457,52.516413,38207
13.30201,52.507961,13.388157,52.437294,38211
13.341003,52.447643,13.31344,52.435362,38212
13.37077,52.468826,13.366835,52.449657,38215
13.301513,52.487152,13.308516,52.484019,38225
13.596695,52.44292,13.62298,52.512116,38238
13.342146,52.461543,13.317079,52.503067,38243
13.347702,52.574412,13.359143,52.595203,38250
13.241919,52.50752,13.232966,52.529155,38252
13.346566,52.440058,13.337436,52.428478,38260
13.23216,52.431914,13.321274,52.444073,38261
13.532523,52.510564,13.564469,52.492224,38265
13.320918,52.488653,13.33508,52.456572,38274
13.458065,52.519549,13.421077,52.481866,38275
13.466068,52.484678,13.451588,52.510767,38283
13.475892,52.559069,13.448563,52.52539,38283
13.275468,52.478431,13.273474,52.468018,38285
13.349874,52.612448,13.368288,52.591242,38294
13.574722,52.563592,13.56965,52.544633,38295
13.531272,52.510589,13.561686,52.504259,38307
13.394256,52.547406,13.359239,52.522478,38310
13.439159,52.472112,13.421467,52.465199,38311
13.369153,52.458474,13.326586,52.446116,38311
13.396089,52.53828,13.431972,52.550289,38316
13.371276,52.417916,13.356601,52.405764,38319
13.233199,52.587389,13.423509,52.46965,38329
13.376817,52.483405,13.373702,52.472729,38334
13.335454,52.526695,13.27367,52.481416,38334
13.223164,52.425106,13.218475,52.425666,38342
13.186121,52.517673,13.326912,52.448144,38346
13.442273,52.49846,13.469346,52.494676,38352
13.592177,52.547927,13.571243,52.573102,38355
13.611666,52.534245,13.435281,52.629013,38357
13.357976,52.595163,13.314317,52.47317,38362
13.268657,52.478073,13.241437,52.473194,38368
13.347185,52.553235,13.32854,52.532929,38389
13.458189,52.535733,13.45453,52.541836,38391
13.26607,52.502267,13.310184,52.493572,38391
13.316195,52.449836,13.322901,52.444872,38392
13.5812,52.548533,13.548462,52.550781,38398
13.288494,52.4774,13.295342,52.477037,38405
13.352903,52.528222,13.333312,52.526997,38413
13.313988,52.47942,13.338036,52.427428,38416
13.373173,52.56577,13.360738,52.576672,38417
13.416224,52.382084,13.434854,52.430256,38418
13.353921,52.523941,13.32517,52.569769,38423
13.38948,52.420436,13.461438,52.436509,38430
13.247099,52.521386,13.298999,52.504246,38433
13.457111,52.44351,13.433425,52.465036,38438
13.326586,52.446116,13.316384,52.440371,38439
13.215847,52.527176,13.322832,52.481802,38443
13.425373,52.540941,13.432111,52.5437,38450
13.390658,52.469052,13.388897,52.446776,38452
13.367639,52.423387,13.327702,52.438725,38452
13.280682,52.482616,13.271917,52.481857,38453
13.322839,52.563881,13.261377,52.495217,38456
13.3016,52.534441,13.309329,52.511861,38458
13.289519,52.509419,13.322156,52.522063,38460
13.324854,52.44867,13.324997,52.46126,38460
13.403715,52.503373,13.441621,52.510035,38463
13.163784,52.518668,13.178081,52.509584,38467
13.614936,52.536196,13.5773,52.486635,38467
13.38101,52.511037,13.379566,52.514766,38469
13.271005,52.539537,13.260381,52.545295,38474
13.292426,52.519147,13.32482,52.530778,38496
13.299216,52.435195,13.365846,52.4272,38498
13.50727,52.571894,13.555424,52.54794,38498
13.293939,52.537006,13.281311,52.512824,38510
13.303195,52.490764,13.296805,52.446734,38510
13.726469,52.425798,13.709843,52.433059,38510
13.588383,52.520045,13.591692,52.529249,38510
13.328467,52.479761,13.332569,52.456699,38511
13.283917,52.529961,13.335151,52.525449,38513
13.378502,52.48503,13.332707,52.474438,38513
13.2948,52.591764,13.313818,52.594106,38514
13.302769,52.618143,13.323093,52.583093,38520
13.434207,52.465998,13.390658,52.469052,38522
13.569301,52.534015,13.615424,52.531812,38532
13.279252,52.447043,13.292874,52.424004,38537
13.584299,52.441738,13.567863,52.447314,38537
13.333802,52.438621,13.359544,52.438363,38539
13.505583,52.536002,13.390713,52.535162,38542
13.265406,52.533989,13.245036,52.509419,38542
13.46038,52.492522,13.47299,52.467156,38542
13.552205,52.547802,13.483076,52.578356,38545
13.268893,52.404402,13.264951,52.435576,38547
13.423253,52.50686,13.420367,52.542017,38555
13.443655,52.464238,13.440835,52.471148,38555
13.4733,52.423123,13.510473,52.419535,38557
13.32529,52.502849,13.309576,52.478579,38559
13.313435,52.52456,13.312753,52.512084,38564
13.362001,52.456031,13.358868,52.446019,38571
13.443295,52.581742,13.490849,52.570493,38571
13.454987,52.528475,13.434234,52.529241,38584
13.403425,52.493814,13.419705,52.496397,38592
13.379314,52.57722,13.378804,52.625334,38598
13.256696,52.485992,13.19933,52.427156,38598
13.444097,52.488975,13.377391,52.491883,38598
13.328308,52.531116,13.271535,52.517091,38613
13.414232,52.386844,13.418847,52.411639,38615
13.450619,52.508622,13.444159,52.523629,38615
13.471559,52.436177,13.456084,52.484136,38617
13.58241,52.394381,13.418847,52.411639,38618
13.464035,52.496602,13.450759,52.501709,38618
13.197808,52.519469,13.182832,52.525228,38621
13.250346,52.453652,13.2667,52.455554,38622
13.358885,52.474266,13.345677,52.464909,38622
13.356683,52.494539,13.39244,52.506832,38623
13.385753,52.470773,13.414412,52.451677,38624
13.408981,52.393989,13.409764,52.389072,38626
13.300596,52.488007,13.30632,52.467552,38629
13.333053,52.490719,13.288753,52.522494,38633
13.533173,52.482263,13.516162,52.476892,38636
13.444483,52.500752,13.428895,52.537726,38637
13.418709,52.542702,13.422063,52.520167,38638
13.45385,52.45526,13.408979,52.420681,38643
13.423138,52.607105,13.378711,52.625191,38644
13.316337,52.469849,13.33625,52.467496,38648
13.30784,52.492493,13.327631,52.4867,38649
13.322862,52.508781,13.331006,52.493169,38650
13.39701,52.488857,13.422054,52.492963,38651
13.360204,52.420633,13.366839,52.432231,38654
13.287432,52.503043,13.344617,52.506361,38659
13.391208,52.423516,13.288473,52.49382,38659
13.331345,52.49658,13.310121,52.493447,38660
13.462124,52.531281,13.429849,52.574311,38662
13.355018,52.540438,13.32482,52.530778,38666
13.466087,52.436119,13.449947,52.445728,38668
13.386245,52.531323,13.389147,52.52755,38669
13.267244,52.496485,13.401562,52.435706,38673
13.518144,52.483994,13.520904,52.485908,38674
13.412979,52.491436,13.417821,52.514709,38677
13.594925,52.509487,13.511935,52.508977,38678
13.357624,52.50117,13.511591,52.440174,38684
13.405388,52.390041,13.390884,52.41695,38686
13.329335,52.481684,13.327243,52.478715,38687
13.282069,52.47259,13.290482,52.475437,38688
13.379574,52.50656,13.420275,52.620818,38689
13.368288,52.591242,13.360706,52.570875,38694
13.419731,52.454695,13.385753,52.470773,38694
13.307799,52.50299,13.323081,52.573863,38703
13.412585,52.545247,13.417446,52.522748,38706
13.575613,52.423789,13.555986,52.435032,38723
13.281321,52.533935,13.247906,52.548824,38724
13.609354,52.529459,13.612194,52.512039,38726
13.436728,52.548758,13.402639,52.585583,38729
13.277679,52.484141,13.433345,52.444915,38741
13.283282,52.655085,13.235071,52.622427,38745
13.40407,52.429934,13.387492,52.439512,38751
13.429574,52.554524,13.427198,52.544469,38753
13.404644,52.539859,13.475392,52.501979,38754
13.458828,52.511433,13.428339,52.531945,38757
13.469568,52.502223,13.500832,52.477528,38762
13.534524,52.439897,13.336286,52.453143,38766
13.260564,52.50388,13.290738,52.515346,38770
13.330991,52.467313,13.328584,52.492899,38775
13.467264,52.517925,13.467513,52.554995,38783
13.443201,52.524989,13.401271,52.529753,38784
13.315804,52.443136,13.262871,52.496477,38786
13.440325,52.499248,13.408777,52.511995,38789
13.334358,52.589662,13.347702,52.574412,38790
13.328467,52.479761,13.348737,52.548535,38794
13.415088,52.421857,13.401553,52.414092,38796
13.555488,52.527268,13.613165,52.526477,38796
13.342306,52.562431,13.349503,52.542272,38798
13.295076,52.537596,13.307534,52.574378,38799
13.356725,52.523136,13.345406,52.531237,38800
13.254415,52.506714,13.289238,52.510393,38805
13.328668,52.527427,13.342022,52.517876,38818
13.432176,52.546593,13.438745,52.542352,38818
13.278805,52.477766,13.310844,52.481612,38819
13.484063,52.566103,13.509299,52.577719,38823
13.37605,52.420153,13.356812,52.424581,38833
13.379566,52.514766,13.37872,52.505168,38836
13.3899,52.510349,13.430295,52.49555,38839
13.436811,52.638287,13.491331,52.612035,38843
13.368916,52.526177,13.358402,52.537847,38844
13.606462,52.537821,13.58414,52.549518,38845
13.196523,52.537789,13.186554,52.504781,38851
13.296083,52.511738,13.229672,52.507783,38855
13.300861,52.53684,13.296037,52.517679,38856
13.320497,52.48642,13.307052,52.464434,38858
13.351824,52.530975,13.366799,52.542927,38859
13.200654,52.52335,13.154508,52.532904,38862
13.302056,52.569225,13.280634,52.516912,38866
13.426035,52.491333,13.454634,52.474574,38867
13.574372,52.413318,13.636024,52.391332,38877
13.481047,52.55319,13.513607,52.566583,38881
13.535037,52.428422,13.518704,52.422494,38884
13.338948,52.441987,13.389714,52.443755,38885
13.417421,52.504126,13.420791,52.439189,38886
13.28883,52.587982,13.329814,52.569213,38887
13.241213,52.545174,13.28006,52.53163,38889
13.583393,52.413619,13.530102,52.414564,38891
13.56483,52.531378,13.534091,52.521733,38892
13.359849,52.533157,13.408957,52.537858,38893
13.53734,52.476403,13.553815,52.458995,38895
13.261377,52.495217,13.346084,52.550004,38897
13.229741,52.431634,13.262805,52.439221,38903
13.265568,52.535524,13.284089,52.518681,38906
13.585366,52.448941,13.552724,52.468967,38908
13.296182,52.497591,13.315109,52.481483,38908
13.281034,52.489649,13.27096,52.453792,38913
13.508318,52.510039,13.640081,52.385856,38919
13.336911,52.445605,13.319992,52.456292,38920
13.391149,52.431902,13.334442,52.417943,38930
13.284733,52.655169,13.289791,52.633221,38932
13.475035,52.55331,13.519485,52.546358,38933
13.327243,52.478715,13.278791,52.476795,38934
13.525869,52.525542,13.579289,52.508852,38940
13.295396,52.43779,13.289235,52.440355,38943
13.419428,52.591449,13.442502,52.590828,38949
13.329814,52.569213,13.33625,52.467496,38950
13.31089,52.472265,13.330732,52.483591,38951
13.157263,52.54128,13.166414,52.52398,38956
13.555412,52.513428,13.540113,52.532583,38956
13.496137,52.561179,13.485263,52.533958,38958
13.531317,52.452152,13.555132,52.440427,38963
13.336106,52.514222,13.326713,52.52318,38964
13.566193,52.560964,13.566297,52.497242,38983
13.485752,52.521837,13.495103,52.518224,38985
13.354838,52.448905,13.368019,52.445608,38996
13.367164,52.505842,13.381492,52.515139,38998
13.617003,52.504603,13.581004,52.469635,39009
13.283011,52.494841,13.31726,52.452485,39009
13.280517,52.477424,13.280411,52.492029,39010
13.247539,52.544694,13.281551,52.51097,39011
13.345179,52.476076,13.363837,52.497333,39013
13.584919,52.515499,13.555241,52.43852,39016
13.509256,52.501732,13.450796,52.531888,39020
13.367377,52.566736,13.291346,52.578689,39021
13.370403,52.46839,13.349095,52.470334,39024
13.393673,52.541112,13.38219,52.531262,39025
13.581836,52.441565,13.56081,52.446284,39028
13.318482,52.49729,13.293803,52.516849,39029
13.500182,52.507303,13.50795,52.512201,39029
13.43299,52.605935,13.433816,52.585578,39038
13.455325,52.478097,13.513367,52.404462,39042
13.287918,52.41286,13.273709,52.435895,39047
13.455055,52.474371,13.447959,52.482834,39060
13.320032,52.453182,13.270753,52.43076,39061
13.267889,52.494842,13.300596,52.488007,39061
13.268942,52.505858,13.323886,52.456122,39062
13.379566,52.514766,13.347288,52.514239,39062
13.575482,52.494667,13.562943,52.566193,39062
13.311194,52.468621,13.266519,52.518897,39065
13.545526,52.407596,13.265405,52.503703,39065
13.277095,52.441611,13.328835,52.485123,39066
13.243575,52.510369,13.24146,52.509538,39066
13.421436,52.520363,13.467372,52.509682,39069
13.295485,52.503449,13.312674,52.511914,39073
13.439206,52.492917,13.428046,52.526566,39074
13.277431,52.50298,13.276517,52.51515,39076
13.336255,52.524924,13.289519,52.509419,39078
13.440275,52.548571,13.323951,52.525413,39078
13.608765,52.531894,13.621136,52.536839,39079
13.253761,52.444925,13.273902,52.489951,39082
13.32183,52.564162,13.357033,52.559881,39082
13.305246,52.483956,13.299667,52.469495,39086
13.42653,52.542959,13.454574,52.57037,39087
13.280162,52.500165,13.291604,52.510708,39089
13.464726,52.435003,13.400951,52.425234,39090
13.293752,52.548188,13.272947,52.548575,39092
13.40019,52.541647,13.361027,52.540738,39096
13.311925,52.518393,13.297944,52.584809,39099
13.472288,52.436878,13.459356,52.452254,39107
13.356956,52.61562,13.314435,52.602907,39107
13.547121,52.426709,13.574372,52.413318,39111
13.572706,52.544332,13.59806,52.547551,39113
13.373556,52.468983,13.413482,52.464441,39115
13.428115,52.48011,13.408068,52.489346,39123
13.645157,52.524931,13.6257,52.515566,39125
13.337454,52.434418,13.327337,52.453477,39126
13.525203,52.491884,13.523903,52.482814,39132
13.45348,52.480627,13.460508,52.515897,39133
13.275358,52.512781,13.268607,52.509025,39134
13.566547,52.54276,13.553413,52.563209,39144
13.456084,52.484136,13.432054,52.464523,39144
13.292716,52.554086,13.292008,52.549564,39147
13.401562,52.539824,13.39279,52.54257,39156
13.341876,52.492318,13.298905,52.498559,39157
13.310788,52.430727,13.303824,52.470707,39158
13.447537,52.535846,13.454211,52.515705,39159
13.434343,52.566033,13.409907,52.517356,39159
13.552815,52.503289,13.54653,52.506328,39159
13.332569,52.456699,13.535084,52.451753,39164
13.468748,52.504587,13.446699,52.486597,39164
13.397478,52.48922,13.352616,52.499232,39165
13.398228,52.540196,13.417345,52.505889,39166
13.566664,52.412288,13.538983,52.450929,39166
13.376896,52.501945,13.395915,52.496105,39170
13.363481,52.48152,13.333122,52.487672,39170
13.395879,52.489392,13.383425,52.511467,39170
13.547086,52.506213,13.582691,52.508851,39176
13.261369,52.483624,13.234843,52.446356,39177
13.409865,52.455326,13.375318,52.466023,39179
13.524883,52.417948,13.548654,52.4092,39182
13.418206,52.576455,13.339599,52.523952,39190
13.526761,52.563133,13.509977,52.578142,39192
13.245834,52.522514,13.249632,52.509434,39199
13.342445,52.458807,13.348345,52.481891,39200
13.428327,52.556085,13.455013,52.523487,39206
13.400271,52.535849,13.367465,52.551556,39212
13.313891,52.464313,13.320497,52.48642,39221
13.599157,52.505943,13.426796,52.504831,39221
13.108724,52.40844,13.204479,52.420786,39222
13.332822,52.609046,13.268253,52.507474,39224
13.329152,52.436067,13.401332,52.430317,39230
13.336982,52.485813,13.351261,52.508828,39230
13.485437,52.528654,13.464724,52.524409,39234
13.280933,52.443106,13.311817,52.45002,39239
13.362772,52.56661,13.349969,52.52626,39247
13.293891,52.537878,13.319613,52.536992,39251
13.309874,52.525731,13.325958,52.518659,39253
13.407883,52.489088,13.377458,52.480827,39256
13.535246,52.482209,13.516049,52.488146,39273
13.441552,52.458422,13.45717,52.453323,39274
13.309678,52.431449,13.268893,52.404402,39274
13.709843,52.433059,13.71132,52.437792,39279
13.541841,52.525532,13.54859,52.531385,39279
13.452857,52.48494,13.413629,52.493342,39283
13.277587,52.444904,13.277881,52.415422,39284
13.383438,52.551271,13.375511,52.542457,39285
13.394422,52.510826,13.39487,52.52449,39285
13.509781,52.472795,13.477687,52.446588,39292
13.269549,52.437477,13.259859,52.429258,39298
13.294728,52.491729,13.353938,52.524013,39300
13.30074,52.470417,13.337715,52.467291,39301
13.5254,52.399292,13.451404,52.479727,39302
13.569456,52.475154,13.277667,52.431898,39302
13.266357,52.509157,13.324912,52.521583,39303
13.388157,52.437294,13.389506,52.407736,39304
13.276347,52.448305,13.311162,52.453694,39306
13.292401,52.5193,13.293752,52.548188,39308
13.240989,52.443685,13.279484,52.50472,39311
13.266111,52.448334,13.266657,52.436097,39312
13.428877,52.557139,13.45516,52.543518,39312
13.331242,52.503879,13.317019,52.512369,39317
13.345797,52.562796,13.364189,52.563807,39320
13.346964,52.589771,13.325862,52.585857,39330
13.5123,52.562905,13.528197,52.556931,39331
13.330467,52.562529,13.360706,52.570875,39333
13.349548,52.52454,13.349651,52.535107,39339
13.36412,52.475554,13.347295,52.480294,39348
13.586557,52.472248,13.579619,52.458922,39351
13.366893,52.463883,13.369256,52.455156,39353
13.376914,52.516172,13.260475,52.489448,39355
13.607188,52.538323,13.588842,52.526636,39356
13.336847,52.490568,13.3271,52.494974,39357
13.524101,52.462994,13.516925,52.48622,39359
13.276238,52.486736,13.303411,52.505016,39365
13.141681,52.546878,13.183828,52.515674,39365
13.414905,52.494558,13.247099,52.521386,39372
13.283632,52.530288,13.281697,52.509908,39378
13.354274,52.564622,13.355784,52.600167,39379
13.452355,52.546509,13.415016,52.511318,39381
13.289926,52.473538,13.302366,52.470184,39386
13.467464,52.573832,13.508358,52.548585,39387
13.423172,52.486577,13.448881,52.52429,39387
13.481145,52.497009,13.437858,52.520183,39394
13.476576,52.50964,13.468499,52.551864,39395
13.51078,52.464154,13.483328,52.47437,39396
13.360801,52.545369,13.399075,52.541336,39396
13.405236,52.555625,13.414631,52.55616,39405
13.197693,52.540689,13.165114,52.533312,39412
13.281795,52.521375,13.273057,52.513183,39413
13.367017,52.465508,13.348033,52.451491,39417
13.237696,52.42118,13.232663,52.43412,39419
13.328006,52.47716,13.326028,52.479888,39420
13.600754,52.410042,13.533105,52.414274,39426
13.366827,52.585535,13.314401,52.574661,39430
13.439013,52.541109,13.429551,52.532982,39432
13.353389,52.506656,13.315449,52.518013,39432
13.315404,52.569222,13.344602,52.570978,39433
13.316337,52.469849,13.317536,52.470573,39443
13.520949,52.572052,13.512986,52.57041,39445
13.273474,52.468018,13.267889,52.494842,39445
13.335203,52.471309,13.318201,52.49626,39454
13.457111,52.44351,13.443985,52.445998,39455
13.365445,52.528743,13.403021,52.510257,39459
13.263277,52.453649,13.265405,52.503703,39464
13.366695,52.532,13.328458,52.534628,39472
13.477687,52.446588,13.200343,52.469808,39477
13.562713,52.487538,13.529065,52.510258,39484
13.309302,52.506487,13.293814,52.508725,39485
13.196601,52.535227,13.189612,52.55035,39487
13.395124,52.532971,13.381658,52.527,39487
13.26075,52.508821,13.292236,52.470007,39489
13.430338,52.501886,13.439969,52.489232,39495
13.547889,52.565492,13.560693,52.538146,39495
13.366132,52.592615,13.331932,52.561721,39496
13.288477,52.588508,13.2296,52.585332,39498
13.308516,52.484019,13.315569,52.486529,39499
13.377033,52.520915,13.397561,52.529428,39503
13.418303,52.462451,13.39569,52.500637,39507
13.413174,52.441509,13.58994,52.397866,39508
13.350231,52.509334,13.346096,52.494517,39509
13.488514,52.495029,13.477946,52.492511,39513
13.31782,52.457934,13.451789,52.477997,39522
13.291148,52.513239,13.249632,52.509434,39523
13.322569,52.48531,13.313314,52.49582,39523
13.307534,52.574378,13.295185,52.550814,39524
13.434887,52.471534,13.347906,52.485347,39525
13.238341,52.544728,13.227776,52.618235,39526
13.376933,52.572808,13.368155,52.550038,39533
13.455852,52.559956,13.320459,52.575951,39533
13.277679,52.484141,13.323316,52.492024,39539
13.333122,52.487672,13.638162,52.387968,39541
13.146299,52.523853,13.180752,52.536114,39547
13.454643,52.521191,13.450978,52.515511,39549
13.485222,52.417869,13.487318,52.410275,39558
13.296612,52.418139,13.30676,52.482367,39564
13.393687,52.519219,13.412555,52.53608,39567
13.431981,52.505757,13.424162,52.513554,39581
13.468129,52.427654,13.45125,52.462087,39584
13.487685,52.537595,13.431677,52.549385,39592
13.434918,52.430866,13.430091,52.457509,39595
13.424589,52.469826,13.439122,52.480434,39595
13.322801,52.541558,13.313548,52.56438,39596
13.28705,52.472329,13.306518,52.480671,39596
13.386077,52.433795,13.344329,52.443372,39608
13.293884,52.479004,13.376907,52.50891,39610
13.262357,52.519652,13.284089,52.518681,39611
13.427222,52.500243,13.40101,52.518324,39611
13.348974,52.503417,13.345934,52.516205,39621
13.44973,52.456111,13.478833,52.446107,39621
13.496663,52.542838,13.584042,52.524696,39621
13.335315,52.481796,13.250015,52.521877,39622
13.35179,52.502558,13.328028,52.525754,39631
13.208007,52.543774,13.177039,52.525133,39632
13.347512,52.467638,13.369101,52.471021,39633
13.341003,52.447643,13.354819,52.45881,39634
13.54507,52.517195,13.566386,52.541144,39634
13.389102,52.580728,13.360706,52.570875,39635
13.438745,52.542352,13.442647,52.547185,39636
13.310135,52.539452,13.309829,52.508872,39638
13.381326,52.457236,13.328686,52.490921,39645
13.616458,52.541909,13.540109,52.565288,39646
13.186121,52.517673,13.144467,52.52876,39651
13.398099,52.396931,13.39831,52.41103,39656
13.349353,52.508572,13.341808,52.497325,39665
13.415652,52.460991,13.423295,52.482154,39666
13.418413,52.498785,13.452259,52.527547,39670
13.502421,52.565116,13.493009,52.568498,39671
13.327243,52.478715,13.314499,52.47289,39672
13.337113,52.494502,13.328487,52.483823,39683
13.297944,52.567338,13.307652,52.577378,39683
13.32816,52.601343,13.439754,52.605134,39692
13.424636,52.514069,13.447612,52.517529,39695
13.49721,52.518224,13.522378,52.491075,39696
13.315404,52.569222,13.19541,52.549951,39703
13.291812,52.490179,13.288494,52.4774,39705
13.326667,52.530955,13.389572,52.618405,39705
13.29931,52.447866,13.321525,52.491729,39706
13.236788,52.492134,13.1942,52.430992,39715
13.303811,52.416002,13.300204,52.439786,39717
13.179649,52.421827,13.219123,52.423035,39718
13.195508,52.545986,13.230957,52.550548,39721
13.311497,52.466452,13.343191,52.474104,39723
13.40334,52.448133,13.412803,52.464377,39724
13.520904,52.485908,13.513631,52.490612,39730
13.226497,52.426554,13.301732,52.581685,39733
13.579501,52.515599,13.528064,52.489896,39737
13.647755,52.410061,13.661574,52.417588,39738
13.356601,52.405764,13.371276,52.417916,39741
13.295932,52.441046,13.306735,52.437845,39744
13.445387,52.525591,13.470728,52.514036,39746
13.294806,52.470833,13.300751,52.503203,39749
13.357331,52.506467,13.430022,52.503489,39756
13.30596,52.531868,13.296394,52.541805,39757
13.380582,52.442874,13.320311,52.478738,39757
13.409719,52.547375,13.396538,52.537592,39760
13.551408,52.434463,13.493131,52.434423,39761
13.288193,52.438911,13.275041,52.597883,39761
13.514809,52.47992,13.535246,52.482209,39763
13.313818,52.594106,13.335871,52.597194,39765
13.388331,52.533923,13.445467,52.520386,39768
13.473208,52.50934,13.458087,52.554868,39775
13.294245,52.469752,13.320918,52.488653,39776
13.368867,52.56059,13.388727,52.591265,39779
13.283011,52.494841,13.257274,52.50831,39790
13.408235,52.529113,13.41362,52.547643,39794
13.71132,52.437792,13.5803,52.432741,39796
13.439419,52.552131,13.409722,52.533679,39806
13.342277,52.547486,13.317784,52.538423,39814
13.552138,52.434732,13.409668,52.446404,39817
13.447286,52.49821,13.439716,52.51395,39820
13.354456,52.538467,13.382037,52.501526,39824
13.352608,52.539702,13.448347,52.610538,39826
13.530737,52.427804,13.473076,52.437569,39827
13.435281,52.629013,13.494645,52.644302,39832
13.379731,52.516283,13.344786,52.56589,39832
13.337,52.492211,13.321669,52.481815,39834
13.321298,52.573937,13.327782,52.593259,39836
13.366911,52.546538,13.348904,52.562158,39836
13.363874,52.450949,13.506388,52.422158,39837
13.342028,52.490537,13.36412,52.475554,39842
13.343356,52.592921,13.347702,52.574412,39842
13.275577,52.482708,13.31179,52.479768,39844
13.272992,52.629512,13.325253,52.606264,39848
13.3082,52.496164,13.240129,52.507233,39853
13.354584,52.497143,13.372678,52.503162,39853
13.604592,52.538682,13.512139,52.538067,39856
13.287862,52.486511,13.339448,52.595895,39870
13.247539,52.544694,13.265406,52.533989,39873
13.524652,52.564841,13.517112,52.5643,39876
13.391508,52.551419,13.43163,52.601799,39884
13.366541,52.495235,13.298668,52.474538,39898
13.359544,52.438363,13.333628,52.445022,39904
13.337674,52.600651,13.3226,52.603939,39905
13.450759,52.501709,13.446765,52.489077,39905
13.335454,52.526695,13.306,52.525765,39906
13.249679,52.507977,13.280653,52.548447,39921
13.430019,52.554618,13.427198,52.544469,39927
13.295348,52.507279,13.323951,52.525413,39927
13.278912,52.430734,13.273348,52.426948,39928
13.447956,52.519484,13.483696,52.584046,39936
13.303411,52.505016,13.322621,52.497837,39937
13.349866,52.530081,13.371367,52.501758,39940
13.300058,52.437325,13.361876,52.447225,39943
13.297565,52.542035,13.355751,52.464236,39945
13.537437,52.540347,13.434112,52.529557,39949
13.17327,52.552329,13.231832,52.507059,39951
13.382478,52.630378,13.410318,52.604149,39951
13.351732,52.505453,13.326028,52.479888,39953
13.57859,52.566156,13.604592,52.538682,39956
13.319237,52.447744,13.335312,52.474418,39961
13.582694,52.519978,13.592492,52.519595,39962
13.556226,52.487705,13.553181,52.469383,39964
13.399558,52.494453,13.341174,52.463908,39967
13.402382,52.573381,13.395891,52.557605,39969
13.492025,52.541701,13.501971,52.57224,39970
13.315485,52.495553,13.306314,52.470329,39970
13.431977,52.515149,13.457109,52.517799,39971
13.35917,52.546484,13.383576,52.538786,39976
13.472781,52.431353,13.472288,52.436878,39977
13.53352,52.452052,13.497744,52.464607,39979
13.407185,52.48613,13.506007,52.449763,39990
13.3198,52.613425,13.336282,52.595661,39998
13.319494,52.450932,13.324501,52.445753,39999
13.56081,52.446284,13.581836,52.441565,40001
13.459277,52.434289,13.468177,52.427789,40005
13.403066,52.59479,13.398767,52.570575,40007
13.464563,52.570444,13.524652,52.564841,40011
13.412697,52.41005,13.336998,52.488284,40015
13.510172,52.476465,13.293049,52.467608,40022
13.431401,52.467514,13.394003,52.459891,40025
13.190753,52.540229,13.284297,52.516737,40027
13.337633,52.519849,13.430267,52.551802,40031
13.351726,52.508607,13.349958,52.526359,40031
13.452143,52.481147,13.57829,52.515902,40032
13.33508,52.456572,13.322044,52.497251,40034
13.371445,52.463094,13.334583,52.49604,40038
13.441594,52.536629,13.428173,52.525009,40040
13.346376,52.612461,13.339789,52.60078,40041
13.271552,52.479947,13.271376,52.489637,40044
13.424954,52.50205,13.438935,52.495005,40046
13.374516,52.456344,13.375318,52.466023,40047
13.331182,52.48728,13.352164,52.489783,40049
13.314605,52.465078,13.316182,52.467128,40049
13.500473,52.447533,13.500473,52.447533,40059
13.591061,52.521969,13.591881,52.532014,40064
13.496454,52.618963,13.356424,52.595073,40064
13.303846,52.499322,13.306044,52.501446,40067
13.577287,52.550805,13.604592,52.538682,40073
13.187668,52.530239,13.207472,52.538765,40073
13.236184,52.448534,13.264792,52.430563,40075
13.32286,52.482736,13.295633,52.479416,40091
13.468358,52.472103,13.444284,52.463691,40092
13.394592,52.465483,13.455083,52.479241,40092
13.547121,52.426709,13.538662,52.451005,40099
13.35999,52.561537,13.398112,52.5486,40110
13.484713,52.526416,13.464724,52.524409,40111
13.513631,52.490612,13.52865,52.481324,40112
13.332827,52.506629,13.352571,52.48675,40121
13.458664,52.538496,13.484947,52.544693,40128
13.49306,52.521826,13.511691,52.532338,40128
13.242278,52.560935,13.379276,52.461331,40128
13.437377,52.42512,13.358495,52.43629,40131
13.464031,52.511108,13.421869,52.509591,40132
13.504415,52.450547,13.505919,52.484249,40133
13.413678,52.511406,13.392062,52.445471,40133
13.322801,52.541558,13.293891,52.537878,40134
13.289466,52.456818,13.278805,52.477766,40137
13.382231,52.489858,13.421101,52.480311,40139
13.354589,52.481972,13.356373,52.490202,40142
13.276517,52.51515,13.328238,52.493658,40144
13.436527,52.47173,13.439791,52.634135,40148
13.424623,52.388409,13.468067,52.430225,40150
13.312004,52.513647,13.497057,52.531042,40154
13.299995,52.518525,13.296549,52.513575,40158
13.309572,52.474454,13.524936,52.406713,40159
13.361482,52.485928,13.374412,52.483227,40164
13.314384,52.51984,13.341645,52.526283,40171
13.434343,52.566033,13.471282,52.572014,40172
13.196601,52.535227,13.176045,52.513316,40177
13.477686,52.530854,13.463043,52.532339,40177
13.291677,52.592463,13.360438,52.596977,40179
13.271836,52.497945,13.381195,52.485008,40184
13.451772,52.545384,13.393971,52.547741,40187
13.528992,52.517889,13.47181,52.547688,40192
13.231334,52.509805,13.273682,52.528158,40198
13.370923,52.492677,13.330786,52.498537,40203
13.479739,52.523081,13.466133,52.514497,40209
13.417993,52.515461,13.426829,52.525843,40209
13.338324,52.522223,13.374941,52.503019,40209
13.537786,52.49297,13.439587,52.452775,40213
13.283344,52.458771,13.284854,52.469683,40216
13.389714,52.443755,13.338948,52.441987,40226
13.302154,52.521269,13.298955,52.490775,40228
13.330002,52.513069,13.320859,52.520568,40231
13.324532,52.487436,13.328144,52.477815,40233
13.560998,52.525155,13.525019,52.569051,40233
13.553413,52.563209,13.484947,52.544693,40233
13.577265,52.45934,13.598501,52.45093,40234
13.432739,52.517288,13.427389,52.482212,40240
13.449947,52.445728,13.467231,52.441776,40242
13.43699,52.52972,13.439013,52.541109,40242
13.297088,52.642731,13.306941,52.592134,40243
13.511691,52.522893,13.595571,52.507797,40248
13.471515,52.431773,13.510268,52.414379,40257
13.521006,52.567719,13.628283,52.540381,40259
13.393354,52.423958,13.405295,52.406974,40263
13.409748,52.391337,13.649398,52.375328,40275
13.364863,52.508097,13.407631,52.511613,40275
13.332675,52.464589,13.362001,52.456031,40283
13.486555,52.552141,13.528881,52.553714,40286
13.513472,52.405791,13.435477,52.469757,40287
13.330732,52.483591,13.31089,52.472265,40292
13.166414,52.52398,13.157263,52.54128,40293
13.483264,52.508783,13.468256,52.53267,40293
13.36412,52.475554,13.331115,52.478743,40296
13.427663,52.474309,13.400452,52.494317,40297
13.481872,52.514247,13.527806,52.490529,40297
13.272947,52.548575,13.292386,52.534821,40301
13.454634,52.474574,13.426035,52.491333,40304
13.370708,52.499968,13.322621,52.497837,40304
13.444689,52.542028,13.427916,52.545692,40305
13.383521,52.484999,13.306349,52.476458,40307
13.446345,52.531412,13.421168,52.50977,40310
13.194248,52.55548,13.210208,52.561627,40311
13.498771,52.544573,13.515949,52.512188,40313
13.327456,52.524358,13.306,52.525765,40315
13.21013,52.553953,13.161806,52.523549,40315
13.280476,52.503388,13.531273,52.405112,40316
13.518903,52.416731,13.49644,52.415786,40323
13.419689,52.478521,13.456079,52.473747,40329
13.651657,52.409072,13.391801,52.461427,40331
13.338284,52.547567,13.300854,52.547086,40331
13.19976,52.53541,13.19122,52.519392,40333
13.281186,52.51359,13.267489,52.512173,40334
13.392265,52.507804,13.354456,52.538467,40343
13.313984,52.50693,13.306853,52.428919,40346
13.171933,52.540866,13.186983,52.54911,40350
13.431401,52.467514,13.41408,52.458313,40361
13.508988,52.560072,13.414107,52.498594,40363
13.318201,52.49626,13.288878,52.481485,40366
13.540202,52.441611,13.519971,52.449908,40371
13.593619,52.420043,13.590631,52.41869,40381
13.342301,52.477259,13.339292,52.458636,40386
13.417699,52.37679,13.403227,52.384423,40391
13.50901,52.570155,13.571899,52.568357,40394
13.528197,52.556931,13.494918,52.540532,40395
13.349651,52.535107,13.352321,52.524139,40396
13.469372,52.569576,13.547977,52.573004,40403
13.370506,52.520919,13.404962,52.539199,40409
13.282888,52.501232,13.324368,52.512835,40411
13.500473,52.447533,13.475711,52.444681,40413
13.455535,52.47955,13.354908,52.527309,40414
13.329592,52.451187,13.335339,52.459274,40416
13.612194,52.512039,13.615535,52.532017,40424
13.546744,52.431469,13.587284,52.411877,40425
13.430295,52.49555,13.3899,52.510349,40427
13.566572,52.510351,13.5812,52.548533,40432
13.591692,52.529249,13.596716,52.521488,40433
13.265657,52.517109,13.274703,52.536936,40438
13.48504,52.402826,13.332882,52.44858,40440
13.291604,52.510708,13.321518,52.499845,40441
13.277431,52.50298,13.325862,52.585857,40445
13.343262,52.446485,13.332742,52.463914,40447
13.19573,52.519436,13.292098,52.598731,40457
13.399418,52.398677,13.404932,52.444546,40460
13.532666,52.521859,13.561867,52.535102,40462
13.309329,52.511861,13.335353,52.557342,40463
13.324601,52.522512,13.342521,52.524107,40464
13.422161,52.55509,13.424516,52.58454,40467
13.335151,52.525449,13.283917,52.529961,40467
13.401832,52.401129,13.382712,52.423068,40472
13.221664,52.511119,13.250015,52.521877,40475
13.644724,52.378763,13.65115,52.375061,40475
13.456155,52.430598,13.391801,52.461427,40477
13.274618,52.445457,13.347644,52.417074,40478
13.164239,52.46679,13.196021,52.550753,40480
13.558627,52.406965,13.638987,52.386042,40489
13.508381,52.575484,13.466134,52.610013,40490
13.330798,52.514039,13.360307,52.509839,40494
13.564469,52.492224,13.482694,52.556135,40494
13.31733,52.513911,13.328308,52.508181,40501
13.399266,52.532068,13.387437,52.549032,40502
13.444159,52.523629,13.450503,52.529258,40503
13.599843,52.546314,13.577239,52.553169,40505
13.361876,52.447225,13.34733,52.426514,40511
13.198487,52.531406,13.230591,52.513767,40513
13.333586,52.427083,13.398359,52.400945,40514
13.329414,52.44577,13.328329,52.464925,40517
13.249632,52.509434,13.254538,52.517209,40519
13.293259,52.596085,13.294804,52.576405,40522
13.509977,52.578142,13.526761,52.563133,40523
13.395315,52.516208,13.395016,52.503054,40523
13.325155,52.54385,13.321298,52.573937,40524
13.417446,52.522748,13.412585,52.545247,40528
13.479336,52.452338,13.337436,52.428478,40536
13.45592,52.574029,13.414761,52.526752,40547
13.437291,52.554709,13.451742,52.514099,40552
13.321274,52.444073,13.309204,52.46752,40553
13.377618,52.475586,13.321518,52.499845,40562
13.335218,52.485904,13.313745,52.518166,40566
13.36751,52.455779,13.365785,52.471814,40569
13.465789,52.572271,13.485452,52.587547,40572
13.527359,52.516275,13.521705,52.532129,40572
13.429316,52.525732,13.519485,52.546358,40573
13.197672,52.559409,13.151839,52.55369,40574
13.347597,52.42563,13.429522,52.467654,40575
13.445812,52.461371,13.471961,52.458371,40577
13.448218,52.472792,13.500446,52.43549,40578
13.428173,52.525009,13.389736,52.53174,40581
13.334268,52.513353,13.281224,52.504296,40582
13.447245,52.530565,13.480859,52.490245,40587
13.581004,52.469635,13.636767,52.523978,40588
13.429429,52.555065,13.414314,52.527503,40588
13.473916,52.445548,13.457333,52.452899,40589
13.445355,52.516083,13.416464,52.511004,40591
13.478905,52.48512,13.421077,52.481866,40596
13.3271,52.494974,13.322597,52.487718,40598
13.353699,52.489909,13.341735,52.501199,40600
13.298579,52.446023,13.352356,52.448053,40600
13.298616,52.457778,13.265405,52.503703,40601
13.470728,52.514036,13.445387,52.525591,40602
13.299708,52.495341,13.433532,52.531209,40602
13.393893,52.556424,13.273356,52.513836,40604
13.341808,52.497325,13.344617,52.506361,40612
13.280247,52.446852,13.286737,52.452533,40612
13.555132,52.440427,13.537612,52.403987,40612
13.481191,52.538665,13.477479,52.551896,40615
13.457926,52.550467,13.491787,52.577276,40618
13.151479,52.560173,13.19348,52.548928,40618
13.230892,52.548769,13.264976,52.495457,40624
13.312753,52.512084,13.309826,52.524618,40629
13.608405,52.538972,13.587451,52.516679,40635
13.274842,52.589006,13.302173,52.555762,40636
13.302529,52.602095,13.317378,52.601113,40649
13.235071,52.622427,13.214871,52.610244,40652
13.411007,52.530554,13.408174,52.551141,40653
13.317019,52.512369,13.331242,52.503879,40657
13.402019,52.43757,13.59669,52.441958,40660
13.409708,52.526318,13.351824,52.530975,40666
13.306301,52.470356,13.326773,52.491437,40667
13.553815,52.458995,13.53734,52.476403,40670
13.204423,52.536181,13.189215,52.548773,40676
13.351343,52.488462,13.333765,52.446152,40682
13.412272,52.464329,13.315556,52.504324,40683
13.31479,52.512223,13.326028,52.479888,40687
13.328458,52.534628,13.313424,52.530132,40688
13.328458,52.534628,13.314646,52.529606,40688
13.350526,52.513178,13.358402,52.537847,40690
13.531197,52.44233,13.474808,52.463431,40693
13.291161,52.506633,13.424014,52.560855,40693
13.267379,52.44229,13.217807,52.429681,40694
13.31726,52.452485,13.271376,52.489637,40701
13.548654,52.4092,13.497423,52.416142,40703
13.601798,52.538459,13.584492,52.540445,40704
13.481918,52.528734,13.489151,52.512124,40705
13.552265,52.566612,13.548462,52.550781,40709
13.386643,52.450891,13.380582,52.442874,40711
13.50795,52.512201,13.452488,52.518404,40713
13.385594,52.631788,13.400153,52.606202,40714
13.306458,52.535251,13.31768,52.466554,40722
13.331424,52.42656,13.314381,52.423973,40724
13.392693,52.564167,13.271304,52.497349,40727
13.368916,52.526177,13.373082,52.543034,40728
13.477939,52.502846,13.424162,52.513554,40729
13.349784,52.501961,13.313361,52.468777,40731
13.44211,52.488523,13.470179,52.523164,40732
13.555132,52.440427,13.531317,52.452152,40737
13.632593,52.448774,13.628279,52.445464,40737
13.391508,52.551419,13.370417,52.53982,40740
13.362001,52.456031,13.393354,52.423958,40747
13.317046,52.472915,13.300596,52.488007,40751
13.483271,52.576269,13.476332,52.5331,40751
13.490244,52.400271,13.432912,52.464656,40756
13.318507,52.56499,13.273546,52.541775,40769
13.462124,52.531281,13.556315,52.563539,40771
13.427998,52.540074,13.425196,52.550479,40779
13.328138,52.431225,13.416955,52.438345,40783
13.361126,52.545374,13.379039,52.544492,40783
13.307967,52.496751,13.307858,52.488619,40785
13.274841,52.581367,13.315927,52.621134,40793
13.519189,52.513459,13.513631,52.490612,40798
13.234843,52.446356,13.261369,52.483624,40803
13.431565,52.53507,13.475351,52.544274,40803
13.322832,52.481802,13.215847,52.527176,40813
13.274369,52.527962,13.284089,52.518681,40815
13.545431,52.425473,13.519971,52.449908,40815
13.419428,52.591449,13.351205,52.558321,40816
13.44078,52.517199,13.467514,52.55592,40820
13.375511,52.542457,13.381404,52.555968,40823
13.202976,52.542549,13.31873,52.546393,40826
13.337207,52.495166,13.335203,52.471309,40826
13.621136,52.536839,13.489107,52.536939,40829
13.333436,52.439155,13.249892,52.510276,40831
13.300587,52.469233,13.309572,52.474454,40835
13.340965,52.485606,13.442844,52.465075,40835
13.175296,52.546476,13.20825,52.538128,40836
13.293752,52.548188,13.285134,52.524205,40838
13.59796,52.487579,13.596833,52.478023,40838
13.529065,52.510258,13.517977,52.540257,40844
13.317311,52.458128,13.33967,52.446391,40845
13.355996,52.470776,13.360657,52.48636,40851
13.20264,52.542652,13.217291,52.53782,40855
13.518505,52.494918,13.555243,52.532008,40856
13.4782,52.436004,13.462596,52.437717,40856
13.380396,52.437879,13.397586,52.408567,40857
13.422139,52.457758,13.432414,52.470144,40866
13.337436,52.428478,13.330398,52.453497,40875
13.550162,52.506164,13.608308,52.53953,40877
13.315449,52.518013,13.353389,52.506656,40879
13.245938,52.434538,13.303132,52.475199,40884
13.335219,52.505353,13.440898,52.492456,40885
13.297034,52.53601,13.32605,52.538834,40890
13.435462,52.521731,13.351947,52.506232,40893
13.382835,52.548034,13.327934,52.522142,40896
13.511691,52.532338,13.490106,52.53379,40902
13.562054,52.566501,13.525676,52.55567,40903
13.334224,52.450147,13.252232,52.435091,40904
13.45954,52.508036,13.476154,52.487815,40911
13.52865,52.481324,13.515017,52.488554,40916
13.300596,52.501946,13.350764,52.547335,40920
13.570848,52.493964,13.58408,52.486023,40920
13.199583,52.424556,13.26301,52.439183,40931
13.345177,52.485666,13.376775,52.491467,40933
13.289235,52.440355,13.304227,52.426629,40944
13.295485,52.503449,13.402391,52.459459,40944
13.314232,52.436755,13.317847,52.447517,40947
13.297116,52.478806,13.318495,52.526247,40949
13.347702,52.574412,13.345996,52.589512,40950
13.352277,52.495866,13.36935,52.50223,40954
13.429088,52.556355,13.393623,52.564668,40958
13.271355,52.453706,13.313205,52.502067,40958
13.299995,52.518525,13.339525,52.606157,40958
13.443985,52.445998,13.457111,52.44351,40965
13.441621,52.510035,13.332925,52.495259,40971
13.28006,52.53163,13.245419,52.544303,40975
13.530102,52.414564,13.435906,52.468466,40981
13.257469,52.416055,13.260228,52.452486,40984
13.320108,52.477851,13.301657,52.486539,40988
13.354205,52.499169,13.373673,52.550621,40988
13.221487,52.527055,13.214211,52.509542,40991
13.408979,52.420681,13.408631,52.379802,40993
13.439716,52.51395,13.445818,52.496979,40997
13.512986,52.57041,13.523705,52.565599,41003
13.311023,52.476244,13.349751,52.494637,41004
13.433313,52.533548,13.38633,52.490061,41004
13.338905,52.465282,13.320454,52.491849,41004
13.393147,52.395956,13.382302,52.431116,41004
13.316399,52.453699,13.301636,52.451418,41006
13.540315,52.435157,13.518081,52.421909,41010
13.265005,52.50209,13.296425,52.501857,41015
13.50329,52.575854,13.411689,52.577027,41015
13.28883,52.535192,13.303296,52.524501,41026
13.54859,52.531385,13.543629,52.530704,41029
13.264745,52.505337,13.299718,52.523102,41030
13.32193,52.422748,13.302354,52.419945,41033
13.309572,52.474454,13.27367,52.481416,41034
13.424265,52.539041,13.403637,52.52311,41035
13.480779,52.621811,13.373327,52.573066,41043
13.424162,52.513554,13.429073,52.502368,41045
13.219702,52.526426,13.280855,52.490083,41054
13.351575,52.415825,13.331386,52.416521,41057
13.521705,52.532129,13.544939,52.514716,41058
13.416768,52.459998,13.370146,52.465319,41059
13.580536,52.549332,13.611872,52.53142,41060
13.47696,52.444207,13.448255,52.45914,41061
13.368001,52.58012,13.418446,52.554218,41062
13.603252,52.484919,13.601995,52.473828,41082
13.576105,52.403786,13.461552,52.421741,41082
13.384047,52.495175,13.39213,52.508678,41085
13.494487,52.569027,13.513607,52.566583,41088
13.493426,52.465309,13.543588,52.398813,41096
13.367887,52.5087,13.32529,52.502849,41096
13.296433,52.61158,13.31721,52.568959,41105
13.579619,52.458922,13.588109,52.445453,41109
13.292874,52.424004,13.445863,52.488504,41112
13.32308,52.474367,13.327413,52.448677,41112
13.354819,52.45881,13.332021,52.468299,41113
13.538662,52.451005,13.524056,52.428474,41114
13.272303,52.518682,13.306533,52.528833,41130
13.297205,52.511824,13.29325,52.512092,41130
13.457926,52.550467,13.61671,52.540755,41131
13.513266,52.505284,13.519647,52.509229,41134
13.612194,52.512039,13.616087,52.490092,41144
13.425196,52.550479,13.42653,52.542959,41146
13.604592,52.538682,13.577287,52.550805,41147
13.327782,52.593259,13.324604,52.582797,41148
13.499842,52.511153,13.511297,52.493842,41154
13.472288,52.436878,13.482598,52.433846,41161
13.409581,52.585357,13.427855,52.590125,41162
13.37829,52.491899,13.406252,52.493349,41162
13.297828,52.422503,13.351981,52.440634,41165
13.333312,52.526997,13.354126,52.528226,41168
13.247099,52.521386,13.277328,52.433915,41168
13.555891,52.507392,13.426153,52.542271,41169
13.290597,52.51905,13.307509,52.511576,41170
13.312554,52.569622,13.304127,52.581353,41170
13.446765,52.489077,13.21831,52.427151,41170
13.336155,52.530389,13.321298,52.573937,41175
13.334231,52.557319,13.337856,52.549477,41176
13.327897,52.473036,13.200268,52.562106,41182
13.390884,52.41695,13.405388,52.390041,41187
13.162745,52.418508,13.226497,52.426554,41188
13.46692,52.548711,13.454987,52.528475,41193
13.608308,52.53953,13.582154,52.539784,41193
13.232663,52.43412,13.25402,52.450926,41193
13.428046,52.526566,13.437291,52.554709,41194
13.231309,52.509949,13.245565,52.423937,41204
13.269611,52.499416,13.268935,52.537268,41209
13.354038,52.444394,13.342391,52.448302,41209
13.5945,52.546952,13.568367,52.544623,41211
13.353775,52.505313,13.361146,52.495522,41212
13.459054,52.499162,13.445909,52.495738,41213
13.468474,52.562136,13.267599,52.498584,41216
13.339789,52.60078,13.304621,52.490695,41217
13.431695,52.54135,13.421476,52.510207,41218
13.442891,52.502039,13.426796,52.504831,41220
13.385692,52.592801,13.363378,52.586141,41220
13.426163,52.477554,13.419822,52.459808,41221
13.493238,52.514472,13.44887,52.573172,41234
13.350239,52.461064,13.19451,52.539616,41235
13.505399,52.402623,13.49644,52.415786,41237
13.445863,52.488504,13.481013,52.503167,41250
13.373702,52.472729,13.376817,52.483405,41258
13.422139,52.457758,13.392714,52.46564,41269
13.515949,52.512188,13.513788,52.510185,41274
13.574372,52.413318,13.57336,52.394394,41277
13.574372,52.413318,13.580677,52.391115,41277
13.490155,52.493463,13.444097,52.488975,41278
13.281551,52.51097,13.443908,52.461179,41278
13.428754,52.424416,13.447527,52.43695,41279
13.487047,52.434095,13.436106,52.458362,41288
13.557226,52.546802,13.547785,52.524026,41292
13.387444,52.492241,13.408068,52.489346,41295
13.577428,52.547765,13.548462,52.550781,41296
13.519726,52.494012,13.51727,52.503076,41299
13.318691,52.574065,13.301996,52.571707,41309
13.277476,52.514187,13.402391,52.459459,41309
13.351261,52.508828,13.340193,52.483449,41316
13.329841,52.482379,13.324997,52.46126,41318
13.369838,52.424134,13.327659,52.42848,41328
13.469346,52.494676,13.442273,52.49846,41333
13.310022,52.451487,13.337623,52.416711,41334
13.331006,52.493169,13.322862,52.508781,41335
13.457109,52.517799,13.431977,52.515149,41335
13.5221,52.402454,13.587337,52.416622,41342
13.397561,52.529428,13.406334,52.524947,41349
13.19451,52.539616,13.24194,52.507726,41353
13.313314,52.49582,13.322569,52.48531,41355
13.431453,52.524394,13.417032,52.516282,41358
13.396723,52.487225,13.340905,52.460415,41359
13.61579,52.487211,13.575946,52.466485,41367
13.379039,52.544492,13.358228,52.547016,41368
13.416412,52.54051,13.40019,52.541647,41369
13.396311,52.517436,13.362537,52.5362,41370
13.3947,52.455874,13.399233,52.465671,41370
13.357884,52.532542,13.341645,52.526283,41372
13.271917,52.481857,13.281029,52.479854,41372
13.342028,52.490537,13.304898,52.547742,41377
13.445676,52.534844,13.50829,52.505779,41378
13.336282,52.595661,13.352353,52.613345,41386
13.327702,52.438725,13.282107,52.416185,41390
13.28334,52.589983,13.275041,52.597883,41392
13.409907,52.517356,13.434343,52.566033,41393
13.351756,52.439998,13.354819,52.45881,41395
13.596833,52.478023,13.596778,52.482589,41397
13.40101,52.518324,13.369061,52.488205,41397
13.365207,52.502548,13.345251,52.47408,41398
13.218475,52.425666,13.09189,52.413468,41409
13.492283,52.420216,13.47715,52.481062,41410
13.259221,52.518688,13.314646,52.552271,41412
13.331825,52.52412,13.373082,52.543034,41415
13.320134,52.484115,13.346673,52.492209,41424
13.26696,52.514246,13.284089,52.518681,41425
13.346212,52.477116,13.36412,52.475554,41430
13.399671,52.509119,13.380789,52.512433,41431
13.406458,52.50255,13.402617,52.502182,41433
13.463753,52.466408,13.424856,52.48218,41433
13.509781,52.472795,13.526439,52.481245,41437
13.309572,52.474454,13.359934,52.506347,41440
13.334845,52.427402,13.362083,52.422453,41445
13.605743,52.509655,13.57615,52.492348,41450
13.567119,52.532345,13.430119,52.551354,41452
13.335318,52.469295,13.309204,52.46752,41455
13.313335,52.523186,13.296311,52.541995,41457
13.553104,52.548644,13.547632,52.521754,41458
13.384648,52.529292,13.407883,52.489088,41459
13.234259,52.540574,13.283917,52.529961,41463
13.300751,52.503203,13.294806,52.470833,41464
13.244231,52.514784,13.253853,52.510243,41464
13.296069,52.482754,13.218061,52.508667,41465
13.260902,52.60818,13.30025,52.607386,41470
13.348105,52.462985,13.396454,52.44018,41472
13.317046,52.574308,13.365943,52.562834,41476
13.622656,52.528909,13.628279,52.445464,41478
13.3109,52.605112,13.307441,52.616339,41482
13.554845,52.432693,13.531464,52.406377,41496
13.471496,52.535227,13.468879,52.534541,41497
13.405295,52.406974,13.405484,52.427724,41500
13.27096,52.453792,13.303861,52.584834,41500
13.232966,52.529155,13.207854,52.528525,41510
13.443652,52.514935,13.41869,52.499159,41512
13.323392,52.570004,13.352139,52.573813,41513
13.49306,52.521826,13.462985,52.567363,41518
13.339292,52.458636,13.340315,52.470515,41519
13.481556,52.438712,13.299477,52.454542,41524
13.439013,52.541109,13.459058,52.538814,41531
13.362791,52.499682,13.31461,52.547608,41531
13.379313,52.592229,13.400482,52.580405,41532
13.332706,52.455889,13.288494,52.4774,41532
13.327338,52.563426,13.334841,52.575457,41533
13.598501,52.45093,13.596862,52.456453,41534
13.582983,52.443185,13.540315,52.435157,41536
13.542446,52.502418,13.567119,52.532345,41541
13.347702,52.574412,13.343722,52.583166,41550
13.453651,52.525517,13.431981,52.505757,41550
13.412149,52.531214,13.421973,52.535617,41550
13.33846,52.484052,13.347647,52.45908,41554
13.317246,52.504224,13.265663,52.502972,41559
13.389685,52.555305,13.38219,52.531262,41563
13.351732,52.505453,13.334358,52.508535,41569
13.642862,52.373316,13.356621,52.477231,41569
13.374516,52.456344,13.385837,52.474852,41575
13.425074,52.487102,13.430274,52.499442,41579
13.345934,52.516205,13.369208,52.515677,41591
13.218377,52.508906,13.20733,52.528764,41592
13.325836,52.578155,13.295861,52.481184,41593
13.289376,52.468816,13.333424,52.429988,41603
13.232292,52.437692,13.23819,52.431986,41606
13.43598,52.455389,13.432573,52.443792,41614
13.254538,52.517209,13.187339,52.520222,41616
13.36412,52.475554,13.338494,52.494396,41616
13.308602,52.578041,13.312279,52.581632,41621
13.437846,52.54461,13.49027,52.628612,41628
13.576922,52.472376,13.507801,52.477727,41629
13.521542,52.491176,13.496104,52.443616,41631
13.405803,52.418328,13.35179,52.502558,41639
13.319979,52.50893,13.367964,52.486078,41640
13.314058,52.436361,13.343218,52.439718,41641
13.264812,52.483066,13.287564,52.47581,41643
13.356561,52.447529,13.346287,52.449686,41644
13.254134,52.450799,13.297517,52.525409,41646
13.137735,52.535125,13.18183,52.526316,41650
13.450978,52.515511,13.433226,52.499667,41651
13.413791,52.497924,13.283295,52.473268,41655
13.314256,52.472128,13.330025,52.619044,41656
13.425269,52.473107,13.312992,52.48059,41658
13.241253,52.509504,13.324777,52.532279,41668
13.487318,52.410275,13.503627,52.401935,41670
13.344893,52.461377,13.419303,52.474311,41677
13.348737,52.548535,13.302631,52.516492,41677
13.455149,52.551202,13.470764,52.555197,41688
13.455502,52.524451,13.544458,52.566912,41693
13.395016,52.503054,13.39828,52.507068,41694
13.18926,52.517183,13.143664,52.544908,41695
13.324288,52.481767,13.324804,52.494038,41696
13.427033,52.591618,13.402225,52.586477,41696
13.342642,52.48556,13.324735,52.470178,41696
13.215915,52.52695,13.260785,52.503869,41697
13.293803,52.516849,13.294861,52.519282,41697
13.457285,52.558248,13.418389,52.557463,41707
13.256747,52.450088,13.311462,52.437576,41709
13.478168,52.506582,13.466133,52.514497,41717
13.447719,52.555256,13.467634,52.546698,41729
13.325958,52.518659,13.309874,52.525731,41731
13.156823,52.423635,13.179649,52.421827,41736
13.269615,52.488829,13.284669,52.489592,41738
13.247728,52.534743,13.264085,52.536727,41738
13.369101,52.471021,13.354669,52.458721,41740
13.468434,52.558731,13.463076,52.548848,41743
13.468621,52.506944,13.449011,52.51123,41744
13.577108,52.455765,13.575551,52.469824,41749
13.299114,52.490648,13.246085,52.537628,41758
13.543029,52.536706,13.528881,52.553714,41759
13.540315,52.435157,13.5803,52.432741,41760
13.58408,52.486023,13.570848,52.493964,41774
13.4605,52.468156,13.464031,52.511108,41780
13.473208,52.50934,13.49306,52.521826,41781
13.412507,52.434911,13.420791,52.439189,41785
13.262725,52.452343,13.324897,52.500068,41793
13.445467,52.520386,13.388331,52.533923,41795
13.36844,52.505665,13.406558,52.498316,41798
13.363194,52.550275,13.314606,52.547491,41799
13.217168,52.612152,13.252462,52.609348,41801
13.329012,52.436311,13.360607,52.404154,41802
13.351141,52.490523,13.369348,52.490799,41809
13.65115,52.375061,13.646832,52.343475,41809
13.587842,52.536886,13.580268,52.539827,41818
13.443488,52.533289,13.460053,52.535486,41820
13.396538,52.537592,13.409719,52.547375,41821
13.574372,52.413318,13.57344,52.404055,41823
13.433104,52.5529,13.441286,52.543436,41825
13.316297,52.592623,13.294804,52.576405,41826
13.33625,52.467496,13.328843,52.454135,41830
13.402031,52.492564,13.4108,52.503873,41834
13.579501,52.515599,13.516026,52.511028,41837
13.335339,52.459274,13.348348,52.507478,41838
13.331136,52.572452,13.314364,52.596095,41841
13.280634,52.516912,13.285134,52.524205,41842
13.314143,52.507809,13.303866,52.501991,41848
13.312305,52.483231,13.313145,52.500549,41848
13.51842,52.536845,13.516816,52.537791,41849
13.278805,52.477766,13.289466,52.456818,41855
13.468057,52.427718,13.446688,52.436924,41857
13.451789,52.477997,13.31782,52.457934,41865
13.342146,52.461543,13.484947,52.544693,41865
13.406334,52.524947,13.419642,52.534162,41869
13.670441,52.421957,13.431762,52.452357,41870
13.472667,52.535446,13.549509,52.56876,41870
13.288389,52.51308,13.282307,52.483821,41873
13.393819,52.528529,13.37796,52.509599,41876
13.574372,52.413318,13.647186,52.380212,41877
13.574372,52.413318,13.565629,52.395126,41877
13.428968,52.524541,13.436081,52.509536,41878
13.574678,52.425195,13.578653,52.419579,41881
13.566297,52.497242,13.499729,52.534207,41882
13.36412,52.475554,13.33919,52.481456,41886
13.399928,52.544517,13.402711,52.531497,41886
13.428895,52.537726,13.44834,52.497551,41895
13.41362,52.547643,13.408673,52.532676,41901
13.638065,52.529559,13.59952,52.505003,41902
13.260475,52.489448,13.308935,52.464404,41904
13.455535,52.47955,13.473767,52.474984,41908
13.23225,52.539345,13.216801,52.566457,41917
13.418789,52.599545,13.442502,52.590828,41922
13.314529,52.464998,13.328064,52.464425,41922
13.319992,52.456292,13.321274,52.444073,41926
13.401451,52.417365,13.34665,52.450024,41926
13.291933,52.477227,13.282888,52.501232,41930
13.191397,52.547699,13.295633,52.479416,41935
13.310526,52.46001,13.320497,52.48642,41939
13.311496,52.479762,13.319273,52.487306,41945
13.446353,52.486368,13.413041,52.491543,41946
13.326334,52.461227,13.2442,52.436524,41949
13.297715,52.418648,13.298239,52.438972,41951
13.328542,52.533001,13.30377,52.525583,41957
13.509032,52.402738,13.56959,52.452863,41958
13.351838,52.565953,13.311919,52.57157,41958
13.309829,52.508872,13.338659,52.505143,41964
13.231761,52.527685,13.297602,52.498303,41972
13.204535,52.545634,13.217291,52.53782,41974
13.402398,52.46477,13.36412,52.475554,41974
13.372678,52.503162,13.350524,52.503507,41978
13.563096,52.391196,13.574372,52.413318,41979
13.301636,52.451418,13.309204,52.46752,41985
13.361027,52.540738,13.392997,52.545362,41989
13.372756,52.432899,13.395422,52.422882,41999
13.269611,52.499416,13.279529,52.510822,41999
13.324601,52.522512,13.261368,52.485664,42000
13.357051,52.545187,13.395334,52.582766,42004
13.427288,52.631203,13.471038,52.615354,42008
13.362791,52.499682,13.441286,52.543436,42008
13.491809,52.511857,13.458065,52.519549,42009
13.3637,52.565152,13.401583,52.51226,42012
13.423906,52.567552,13.446574,52.521361,42014
13.195508,52.545986,13.217291,52.53782,42019
13.264792,52.430563,13.256057,52.435671,42019
13.217807,52.429681,13.304769,52.598008,42021
13.574372,52.413318,13.634376,52.386888,42027
13.516925,52.48622,13.534819,52.457265,42027
13.433345,52.444915,13.348282,52.462992,42032
13.365725,52.562936,13.368391,52.522094,42036
13.467513,52.554995,13.476647,52.555654,42038
13.440972,52.556354,13.483271,52.576269,42038
13.475515,52.513553,13.470872,52.539036,42043
13.294614,52.464293,13.278595,52.471063,42045
13.595464,52.521496,13.587759,52.521519,42046
13.180752,52.536114,13.208939,52.532648,42051
13.270753,52.43076,13.37828,52.477933,42054
13.23425,52.420946,13.263082,52.430401,42054
13.339005,52.492314,13.369348,52.490799,42055
13.247906,52.548824,13.281321,52.533935,42055
13.566193,52.560964,13.537414,52.550638,42055
13.563731,52.393803,13.506515,52.405188,42058
13.481738,52.479171,13.462232,52.506618,42060
13.532565,52.510923,13.513698,52.505441,42065
13.461438,52.436509,13.38948,52.420436,42065
13.712438,52.397978,13.544486,52.452664,42066
13.285757,52.46988,13.281029,52.479854,42068
13.464613,52.501583,13.470035,52.495485,42068
13.402639,52.585583,13.432111,52.5437,42079
13.313548,52.56438,13.322801,52.541558,42080
13.312279,52.581632,13.240732,52.558947,42089
13.588109,52.445453,13.509123,52.491398,42096
13.348033,52.451491,13.329861,52.459605,42098
13.298616,52.457778,13.257999,52.439308,42098
13.457696,52.605318,13.443716,52.590481,42099
13.340105,52.448112,13.328329,52.464925,42103
13.366839,52.432231,13.382221,52.430883,42107
13.41768,52.513533,13.433874,52.522729,42110
13.365437,52.585928,13.270264,52.51439,42114
13.328668,52.527427,13.219814,52.567118,42116
13.204479,52.420786,13.108724,52.40844,42117
13.433593,52.445298,13.384564,52.422129,42118
13.290512,52.51667,13.267521,52.496383,42120
13.408957,52.537858,13.359849,52.533157,42128
13.439013,52.541109,13.452923,52.554788,42131
13.24116,52.435613,13.256017,52.435824,42133
13.553413,52.563209,13.555533,52.543534,42141
13.299371,52.520338,13.299708,52.495341,42141
13.306551,52.500658,13.292771,52.506795,42147
13.572706,52.544332,13.545846,52.569464,42148
13.360268,52.481404,13.337396,52.462585,42149
13.359688,52.525097,13.370417,52.53982,42152
13.259286,52.430828,13.262683,52.411829,42156
13.451086,52.518331,13.434429,52.535673,42157
13.417032,52.516282,13.430185,52.524356,42166
13.318935,52.481441,13.302181,52.488322,42173
13.289519,52.509419,13.274104,52.484719,42176
13.478384,52.528383,13.519169,52.512453,42180
13.59294,52.478642,13.618072,52.495233,42180
13.466342,52.536702,13.456491,52.536967,42183
13.584492,52.540445,13.628197,52.455198,42191
13.364751,52.56194,13.406312,52.576345,42191
13.332925,52.495259,13.290351,52.49157,42194
13.259621,52.412158,13.249252,52.425399,42200
13.39569,52.500637,13.418303,52.462451,42206
13.339018,52.573576,13.320924,52.608101,42207
13.588788,52.486777,13.620625,52.504976,42207
13.403918,52.551309,13.466316,52.550498,42207
13.491331,52.612035,13.484216,52.618631,42209
13.379257,52.472457,13.325033,52.458069,42214
13.512179,52.457324,13.50895,52.476481,42218
13.439122,52.480434,13.431321,52.467327,42218
13.216891,52.527102,13.175667,52.553195,42218
13.331415,52.503751,13.304196,52.49673,42220
13.332827,52.506629,13.338607,52.494719,42221
13.300854,52.547086,13.338284,52.547567,42222
13.437957,52.600284,13.442574,52.558429,42244
13.322597,52.487718,13.337144,52.49407,42245
13.457333,52.452899,13.473916,52.445548,42249
13.455749,52.469113,13.469383,52.460488,42249
13.414314,52.527503,13.392768,52.492053,42249
13.454211,52.515705,13.441642,52.501236,42252
13.298904,52.53697,13.300861,52.53684,42259
13.430787,52.602214,13.373133,52.56214,42261
13.575613,52.423789,13.398015,52.435146,42262
13.380724,52.454924,13.394498,52.462968,42262
13.346084,52.550004,13.34204,52.552269,42264
13.346598,52.59709,13.32445,52.587481,42265
13.447692,52.523981,13.447941,52.521704,42267
13.366835,52.449657,13.376304,52.466991,42269
13.484947,52.544693,13.512696,52.532416,42276
13.448255,52.45914,13.484226,52.447711,42283
13.634807,52.448591,13.616992,52.453752,42285
13.341735,52.501199,13.356373,52.490202,42285
13.549123,52.553226,13.502654,52.555542,42286
13.354945,52.473457,13.320497,52.48642,42288
13.436042,52.565671,13.534147,52.53941,42289
13.354908,52.527309,13.298591,52.52635,42289
13.415575,52.601021,13.425709,52.594914,42293
13.532666,52.521859,13.575579,52.481732,42294
13.25071,52.437938,13.158641,52.419492,42295
13.352321,52.524139,13.371471,52.523523,42299
13.372025,52.452895,13.339575,52.478611,42301
13.397472,52.420755,13.502349,52.423117,42305
13.322044,52.497251,13.322621,52.497837,42313
13.468879,52.534541,13.463043,52.532339,42313
13.323081,52.573863,13.331345,52.573501,42315
13.319273,52.487306,13.308487,52.482033,42318
13.588781,52.512706,13.601418,52.530466,42323
13.330174,52.477289,13.342406,52.462843,42326
13.446016,52.516021,13.417993,52.515461,42326
13.320156,52.473545,13.341096,52.476347,42326
13.20036,52.51149,13.196684,52.527452,42328
13.423935,52.593013,13.474592,52.532609,42331
13.418425,52.551279,13.432533,52.557544,42331
13.364057,52.436397,13.383098,52.434001,42345
13.393971,52.547741,13.451772,52.545384,42348
13.587743,52.418504,13.601603,52.443995,42353
13.406758,52.494898,13.421482,52.487128,42353
13.57028,52.542045,13.577417,52.551145,42355
13.45348,52.480627,13.457089,52.459786,42358
13.509149,52.41735,13.465539,52.442659,42359
13.273694,52.542294,13.270042,52.509243,42360
13.482598,52.433846,13.48283,52.407905,42361
13.322688,52.568161,13.34464,52.555808,42362
13.318201,52.49626,13.315485,52.495553,42363
13.649567,52.342826,13.574372,52.413318,42364
13.556933,52.512294,13.538435,52.569695,42367
13.209443,52.419549,13.306084,52.624316,42371
13.51727,52.503076,13.501851,52.498357,42378
13.479581,52.491223,13.470035,52.495485,42389
13.489717,52.403388,13.28396,52.496583,42393
13.39279,52.54257,13.353026,52.553313,42395
13.308602,52.578041,13.306273,52.592015,42403
13.451108,52.473862,13.422558,52.50038,42404
13.412337,52.567376,13.391,52.583806,42404
13.40019,52.541647,13.416412,52.54051,42405
13.502105,52.482051,13.642862,52.373316,42415
13.475711,52.444681,13.489259,52.467393,42421
13.513788,52.510185,13.479527,52.513288,42422
13.422908,52.522152,13.426382,52.520223,42425
13.330108,52.539463,13.370417,52.53982,42428
13.230591,52.513767,13.149209,52.527501,42428
13.308542,52.520066,13.269697,52.490149,42432
13.396629,52.588224,13.43299,52.605935,42437
13.429449,52.521219,13.555443,52.558895,42442
13.582154,52.539784,13.60585,52.541649,42442
13.402617,52.502182,13.292931,52.452043,42445
13.285396,52.506444,13.383007,52.512254,42453
13.158499,52.531697,13.187476,52.514954,42458
13.477946,52.492511,13.482109,52.477504,42462
13.56748,52.439015,13.51078,52.464154,42462
13.194259,52.558059,13.217291,52.53782,42467
13.511591,52.440174,13.492162,52.491847,42471
13.302815,52.423122,13.381245,52.464516,42477
13.303422,52.509869,13.282628,52.506474,42479
13.326028,52.479888,13.236554,52.510012,42484
13.25699,52.550957,13.310452,52.563929,42488
13.286402,52.51968,13.225785,52.437445,42494
13.25402,52.450926,13.275391,52.639893,42494
13.321298,52.573937,13.301203,52.519024,42497
13.475515,52.513553,13.471631,52.537957,42499
13.421526,52.588332,13.429518,52.576391,42500
13.309132,52.500288,13.32967,52.45719,42504
13.521705,52.532129,13.527359,52.516275,42504
13.537533,52.540543,13.549872,52.568189,42510
13.541565,52.542891,13.566547,52.54276,42528
13.484216,52.618631,13.490409,52.645308,42531
13.469531,52.520971,13.418906,52.521391,42532
13.382302,52.431116,13.348531,52.459097,42536
13.393971,52.547741,13.404829,52.535507,42536
13.326912,52.448144,13.474667,52.44118,42543
13.371786,52.57472,13.243464,52.602847,42544
13.269011,52.481151,13.328571,52.449994,42545
13.347865,52.507097,13.338816,52.605662,42548
13.324912,52.521583,13.266357,52.509157,42554
13.328064,52.464425,13.320765,52.464399,42557
13.429518,52.576391,13.442402,52.5532,42558
13.435462,52.521731,13.452405,52.55785,42558
13.408631,52.379802,13.402708,52.431487,42559
13.599993,52.442605,13.562712,52.446007,42560
13.509579,52.425631,13.491093,52.435896,42561
13.54549,52.558936,13.558717,52.426162,42561
13.425703,52.492442,13.44211,52.488523,42561
13.285677,52.479237,13.296518,52.47698,42570
13.320078,52.46996,13.307596,52.503621,42571
13.431677,52.549385,13.376722,52.516156,42574
13.433382,52.547882,13.411965,52.541102,42575
13.392647,52.398263,13.413047,52.382868,42575
13.414113,52.488259,13.385913,52.478194,42575
13.357202,52.504671,13.342022,52.517876,42581
13.491787,52.577276,13.457926,52.550467,42584
13.30676,52.482367,13.319992,52.456292,42588
13.455275,52.435551,13.381272,52.443764,42588
13.452488,52.518404,13.405659,52.519509,42590
13.411917,52.505172,13.431729,52.536497,42604
13.327784,52.522063,13.450486,52.517997,42606
13.502478,52.43168,13.457283,52.459847,42609
13.182762,52.512737,13.190493,52.51593,42614
13.214211,52.509542,13.307869,52.447826,42620
13.321669,52.481815,13.324804,52.494038,42621
13.323798,52.502201,13.338659,52.505143,42621
13.516376,52.493813,13.524255,52.513403,42636
13.337609,52.467193,13.351908,52.472809,42637
13.397561,52.529428,13.367215,52.500368,42638
13.430699,52.475342,13.411231,52.496615,42644
13.374797,52.460188,13.342301,52.477259,42646
13.350158,52.549697,13.355302,52.526685,42648
13.351824,52.530975,13.409708,52.526318,42648
13.383574,52.551369,13.362083,52.552013,42653
13.605405,52.487847,13.598266,52.477339,42660
13.478616,52.528685,13.411241,52.537372,42662
13.581004,52.469635,13.527286,52.449166,42676
13.288494,52.4774,13.291812,52.490179,42678
13.210361,52.523772,13.148775,52.539682,42682
13.380789,52.512433,13.399671,52.509119,42684
13.31179,52.479768,13.301046,52.471322,42685
13.424954,52.556198,13.401577,52.568969,42689
13.317375,52.566593,13.435711,52.551008,42689
13.30193,52.499765,13.478005,52.443789,42699
13.497114,52.554803,13.457285,52.558248,42708
13.26663,52.424935,13.241213,52.545174,42711
13.336106,52.514222,13.306944,52.51488,42714
13.285134,52.524205,13.343465,52.430935,42715
13.550163,52.542985,13.556732,52.557009,42716
13.291466,52.473368,13.314701,52.489999,42717
13.322509,52.514698,13.322516,52.497272,42717
13.629388,52.393032,13.574372,52.413318,42718
13.399111,52.508191,13.367686,52.526434,42720
13.613165,52.526477,13.551954,52.519819,42723
13.320454,52.491849,13.26396,52.516489,42725
13.344979,52.48592,13.341876,52.492318,42727
13.326028,52.479888,13.36995,52.485076,42728
13.342667,52.48156,13.295953,52.490817,42728
13.310121,52.493447,13.296559,52.470365,42734
13.473208,52.50934,13.454064,52.515284,42734
13.267883,52.509976,13.285407,52.512879,42738
13.368155,52.550038,13.381436,52.561666,42741
13.59806,52.547551,13.572706,52.544332,42744
13.472777,52.4612,13.456941,52.469099,42745
13.362297,52.459883,13.313671,52.484115,42745
13.519189,52.513459,13.511691,52.532338,42748
13.57829,52.515902,13.574923,52.487286,42752
13.277314,52.510648,13.318714,52.57286,42753
13.320497,52.48642,13.309572,52.474454,42758
13.493131,52.434423,13.551408,52.434463,42764
13.387437,52.549032,13.358142,52.556615,42768
13.432061,52.497335,13.533328,52.474469,42774
13.326713,52.52318,13.379501,52.481217,42777
13.468177,52.427789,13.502734,52.401596,42794
13.346003,52.504026,13.363837,52.497333,42800
13.349083,52.593907,13.293814,52.508725,42801
13.6156,52.474793,13.409346,52.516877,42802
13.375318,52.466023,13.376628,52.454244,42802
13.535246,52.482209,13.514809,52.47992,42806
13.422924,52.537214,13.359159,52.574245,42808
13.646832,52.343475,13.575078,52.416607,42810
13.470764,52.555197,13.455149,52.551202,42815
13.278143,52.506702,13.265433,52.493412,42825
13.562125,52.445188,13.58668,52.440888,42825
13.319992,52.456292,13.318431,52.430642,42826
13.245036,52.509419,13.15726,52.55743,42827
13.382302,52.431116,13.392644,52.429889,42831
13.490106,52.53379,13.519015,52.516517,42840
13.475711,52.444681,13.482209,52.445894,42842
13.438553,52.528847,13.43777,52.540054,42843
13.18183,52.526316,13.137735,52.535125,42845
13.615535,52.532017,13.62808,52.503436,42848
13.577904,52.515413,13.604235,52.491719,42850
13.509412,52.536789,13.395276,52.494531,42853
13.406161,52.482664,13.295281,52.567053,42855
13.411007,52.530554,13.429514,52.530017,42859
13.409894,52.399128,13.395661,52.40299,42860
13.36935,52.50223,13.352277,52.495866,42863
13.328308,52.508181,13.31733,52.513911,42871
13.252528,52.428402,13.302497,52.471135,42878
13.239645,52.542863,13.344774,52.446863,42883
13.611872,52.53142,13.622656,52.528909,42884
13.449412,52.464788,13.273682,52.528158,42884
13.279529,52.510822,13.272803,52.49931,42885
13.462596,52.437717,13.485466,52.424256,42891
13.437858,52.520183,13.426248,52.523828,42892
13.341174,52.463908,13.399558,52.494453,42894
13.345021,52.459784,13.314499,52.47289,42897
13.543808,52.409721,13.239181,52.438455,42902
13.456084,52.484136,13.428553,52.514939,42905
13.438935,52.495005,13.426796,52.504831,42907
13.295533,52.469504,13.306387,52.481733,42916
13.405848,52.530507,13.416555,52.544948,42918
13.165536,52.521418,13.19976,52.53541,42919
13.301657,52.486539,13.320108,52.477851,42924
13.322569,52.48531,13.288785,52.479329,42926
13.385753,52.470773,13.371291,52.460498,42926
13.584272,52.429525,13.580536,52.452079,42929
13.299718,52.523102,13.2434,52.540667,42930
13.409717,52.538568,13.38219,52.531262,42935
13.562293,52.535878,13.574998,52.560164,42938
13.233847,52.432292,13.315044,52.500995,42940
13.355751,52.464236,13.379534,52.58376,42942
13.349003,52.43941,13.348426,52.434977,42944
13.350524,52.503507,13.363837,52.497333,42946
13.291346,52.578689,13.283495,52.44422,42947
13.323374,52.437587,13.306177,52.447314,42949
13.329584,52.456265,13.3138,52.481013,42950
13.429316,52.525732,13.464724,52.524409,42951
13.337612,52.499304,13.32177,52.493021,42954
13.355144,52.596633,13.364751,52.56194,42956
13.540315,52.435157,13.513976,52.427381,42960
13.340845,52.427451,13.344916,52.446233,42976
13.355751,52.464236,13.436965,52.452654,42981
13.362136,52.499914,13.386447,52.51997,42982
13.309708,52.539448,13.3898,52.533294,42983
13.405684,52.551198,13.403687,52.526048,42990
13.294468,52.513427,13.329841,52.482379,43001
13.389147,52.52755,13.405905,52.537364,43003
13.424516,52.58454,13.422161,52.55509,43009
13.323951,52.525413,13.336106,52.514222,43014
13.275322,52.536939,13.225864,52.551391,43015
13.378804,52.625334,13.379314,52.57722,43016
13.574372,52.413318,13.558375,52.399383,43023
13.444284,52.463691,13.37948,52.49229,43024
13.334358,52.508535,13.351732,52.505453,43025
13.499108,52.441546,13.515823,52.452918,43027
13.262871,52.496477,13.315124,52.438075,43035
13.333831,52.595626,13.347937,52.575811,43041
13.604465,52.452341,13.583286,52.443441,43048
13.294861,52.519282,13.296037,52.517679,43049
13.476154,52.487815,13.45954,52.508036,43049
13.36755,52.43002,13.35152,52.422683,43057
13.361146,52.495522,13.432414,52.470144,43059
13.400153,52.606202,13.385594,52.631788,43061
13.278791,52.476795,13.275934,52.495052,43062
13.439969,52.489232,13.430338,52.501886,43066
13.335353,52.557342,13.28705,52.472329,43069
13.38045,52.518072,13.398261,52.514825,43072
13.499653,52.536725,13.486697,52.534983,43073
13.299218,52.515163,13.30596,52.531868,43074
13.30377,52.525583,13.155668,52.566396,43077
13.406252,52.493349,13.369348,52.490799,43077
13.476125,52.444298,13.520033,52.503778,43079
13.280754,52.576684,13.373455,52.574781,43085
13.366513,52.4597,13.524837,52.439177,43086
13.373498,52.594579,13.350394,52.614922,43090
13.566386,52.541144,13.54507,52.517195,43093
13.323316,52.492024,13.284439,52.486755,43094
13.483366,52.577337,13.510356,52.575423,43094
13.465539,52.442659,13.345031,52.496767,43095
13.58994,52.397866,13.581138,52.398649,43096
13.425983,52.491531,13.438999,52.486152,43097
13.483698,52.619896,13.498391,52.612126,43101
13.271304,52.497349,13.282628,52.506474,43102
13.348516,52.546156,13.30493,52.591023,43102
13.267453,52.484314,13.292504,52.481652,43103
13.307441,52.616339,13.3109,52.605112,43106
13.351079,52.529762,13.348231,52.545998,43107
13.321233,52.568357,13.380877,52.511964,43110
13.458924,52.457876,13.423295,52.482154,43125
13.5812,52.548533,13.546876,52.553489,43126
13.561686,52.504259,13.547785,52.524026,43129
13.216341,52.526398,13.23225,52.539345,43135
13.303481,52.426736,13.297337,52.421295,43135
13.322621,52.497837,13.280653,52.548447,43137
13.574898,52.558206,13.55409,52.564,43143
13.334238,52.425782,13.344329,52.443372,43144
13.219821,52.508415,13.180326,52.509265,43146
13.330002,52.513069,13.27086,52.515642,43149
13.306509,52.518085,13.32536,52.589277,43150
13.188907,52.521581,13.127,52.47275,43157
13.374501,52.423298,13.399477,52.433934,43160
13.489861,52.407223,13.506847,52.417514,43165
13.415016,52.511318,13.452355,52.546509,43168
13.393354,52.423958,13.393657,52.41867,43172
13.270042,52.509243,13.279409,52.538108,43177
13.336282,52.595661,13.353403,52.615795,43186
13.369061,52.488205,13.438394,52.53478,43186
13.389506,52.407736,13.382798,52.439441,43187
13.247575,52.467503,13.274824,52.495864,43192
13.452367,52.512492,13.413082,52.550633,43192
13.449011,52.51123,13.394352,52.483946,43196
13.328559,52.53114,13.309391,52.578779,43197
13.265405,52.503703,13.346673,52.492209,43204
13.288494,52.4774,13.328373,52.471278,43205
13.560157,52.48439,13.583772,52.469265,43206
13.506388,52.422158,13.471961,52.458371,43208
13.608058,52.508105,13.574206,52.493156,43215
13.298668,52.474538,13.342276,52.46049,43216
13.530881,52.519689,13.549521,52.543595,43217
13.469085,52.510272,13.421436,52.520363,43222
13.491774,52.533886,13.454987,52.528475,43226
13.334674,52.573365,13.23425,52.420946,43230
13.514328,52.477491,13.531805,52.495852,43230
13.527578,52.523839,13.544113,52.513019,43236
13.404625,52.587267,13.420313,52.611048,43240
13.477647,52.53276,13.499632,52.534829,43241
13.519971,52.538658,13.5056,52.536514,43247
13.207854,52.528525,13.200268,52.562106,43247
13.410705,52.552369,13.396089,52.53828,43248
13.387128,52.559784,13.40598,52.545694,43257
13.370407,52.545195,13.373173,52.56577,43257
13.43163,52.601799,13.442209,52.609301,43258
13.447941,52.521704,13.46768,52.521569,43266
13.294242,52.497738,13.315777,52.441708,43267
13.304436,52.488405,13.307153,52.500094,43271
13.405484,52.427724,13.393354,52.423958,43272
13.304419,52.51818,13.331415,52.503751,43275
13.554534,52.557811,13.542434,52.568502,43275
13.432414,52.470144,13.330682,52.493163,43276
13.387377,52.526106,13.40306,52.533659,43276
13.420319,52.53277,13.360489,52.505739,43276
13.361855,52.549401,13.379039,52.544492,43277
13.516162,52.476892,13.47272,52.481522,43277
13.323049,52.586526,13.301996,52.571707,43278
13.596411,52.485461,13.543848,52.440746,43279
13.587451,52.516679,13.490813,52.549877,43282
13.196021,52.550753,13.196601,52.535227,43285
13.700717,52.443131,13.588496,52.44108,43287
13.129227,52.548705,13.12922,52.52719,43288
13.49915,52.539697,13.451253,52.539935,43291
13.431236,52.518187,13.420189,52.507742,43296
13.301331,52.411661,13.299359,52.44055,43296
13.453398,52.460739,13.439587,52.452775,43299
13.339258,52.503042,13.322216,52.495604,43300
13.445909,52.495738,13.432061,52.497335,43302
13.314143,52.507809,13.341645,52.526283,43307
13.424856,52.48218,13.427872,52.476221,43312
13.376628,52.487712,13.335697,52.518217,43313
13.598266,52.477339,13.605405,52.487847,43316
13.330092,52.513598,13.342353,52.459644,43320
13.54057,52.407481,13.555133,52.417077,43321
13.270166,52.536527,13.272695,52.519496,43324
13.453702,52.485568,13.47761,52.55184,43329
13.503627,52.401935,13.509032,52.402738,43330
13.489107,52.536939,13.438377,52.530197,43332
13.31721,52.568959,13.296433,52.61158,43335
13.302181,52.488322,13.318935,52.481441,43338
13.371532,52.569429,13.33447,52.603536,43339
13.30025,52.607386,13.260902,52.60818,43340
13.523667,52.552586,13.511946,52.542761,43346
13.446688,52.436924,13.468057,52.427718,43349
13.363378,52.586141,13.373978,52.597638,43351
13.189215,52.548773,13.206889,52.562092,43351
13.482694,52.556135,13.403416,52.552204,43355
13.523713,52.4969,13.497622,52.486574,43357
13.616992,52.453752,13.601955,52.451261,43358
13.490296,52.512002,13.601615,52.505109,43359
13.305506,52.569691,13.314433,52.586083,43361
13.324997,52.46126,13.312649,52.439397,43366
13.445355,52.516083,13.430401,52.499279,43369
13.590859,52.504967,13.457132,52.469096,43374
13.439754,52.605134,13.401657,52.578414,43380
13.397651,52.53597,13.422063,52.520167,43384
13.254538,52.517209,13.250015,52.521877,43386
13.413482,52.464441,13.444537,52.470042,43388
13.327631,52.4867,13.301034,52.490878,43391
13.291286,52.512428,13.272226,52.509894,43410
13.433593,52.445298,13.431401,52.467514,43412
13.403227,52.384423,13.417699,52.37679,43412
13.469662,52.552676,13.427198,52.544469,43426
13.253588,52.451775,13.310617,52.451714,43426
13.337396,52.462585,13.360268,52.481404,43429
13.244783,52.524412,13.246336,52.511113,43429
13.437053,52.619537,13.461237,52.572022,43433
13.332547,52.477909,13.430674,52.479126,43435
13.473767,52.474984,13.295861,52.481184,43436
13.420617,52.384403,13.371726,52.414415,43438
13.429522,52.467654,13.448294,52.468387,43445
13.347647,52.45908,13.33846,52.484052,43447
13.34851,52.574286,13.392201,52.600768,43449
13.467728,52.546427,13.48263,52.572133,43455
13.514867,52.56893,13.491191,52.536239,43458
13.384047,52.495175,13.414113,52.488259,43460
13.330092,52.513598,13.309527,52.513567,43465
13.186983,52.54911,13.2574,52.518905,43465
13.288785,52.479329,13.298453,52.486709,43467
13.534524,52.439897,13.461093,52.446507,43469
13.348759,52.606412,13.40306,52.533659,43475
13.317079,52.503067,13.36081,52.49132,43476
13.537255,52.535541,13.53634,52.525802,43483
13.395422,52.422882,13.386077,52.433795,43494
13.424162,52.513554,13.426758,52.549993,43495
13.475515,52.513553,13.482844,52.526466,43495
13.301765,52.642985,13.306376,52.632653,43500
13.345246,52.492244,13.36413,52.493951,43511
13.304898,52.547742,13.311481,52.567279,43515
13.33114,52.512211,13.295342,52.477037,43517
13.41869,52.499159,13.355,52.490074,43525
13.401291,52.514196,13.391833,52.510461,43530
13.557795,52.424196,13.565522,52.43647,43535
13.329691,52.510061,13.382231,52.489858,43538
13.486294,52.493359,13.467317,52.502727,43539
13.524652,52.564841,13.321172,52.507434,43539
13.418389,52.557463,13.422466,52.530812,43540
13.228414,52.430992,13.237065,52.436959,43540
13.306941,52.592134,13.286092,52.474802,43547
13.362537,52.5362,13.368916,52.526177,43553
13.477479,52.551896,13.469662,52.552676,43558
13.314364,52.596095,13.288389,52.51308,43559
13.288767,52.443955,13.341661,52.452848,43570
13.314606,52.547491,13.363194,52.550275,43570
13.274104,52.484719,13.280638,52.492233,43571
13.296566,52.447097,13.253317,52.52141,43571
13.277881,52.415422,13.257837,52.424858,43573
13.256057,52.435671,13.269852,52.409146,43579
13.457283,52.459847,13.444284,52.463691,43583
13.378256,52.520919,13.379039,52.544492,43584
13.632432,52.453962,13.65115,52.375061,43586
13.363916,52.543607,13.364168,52.527032,43590
13.452923,52.554788,13.427198,52.544469,43590
13.412407,52.517218,13.44378,52.533654,43593
13.58646,52.549667,13.511305,52.560555,43596
13.379721,52.495756,13.394374,52.506962,43598
13.464724,52.524409,13.493115,52.523021,43604
13.33508,52.456572,13.329861,52.459605,43605
13.490849,52.570493,13.500074,52.56635,43606
13.472528,52.415853,13.398873,52.4659,43616
13.241437,52.473194,13.32114,52.465626,43618
13.360738,52.523791,13.361027,52.540738,43624
13.603265,52.477585,13.599938,52.474736,43624
13.296549,52.513575,13.285938,52.510357,43627
13.475351,52.544274,13.431565,52.53507,43634
13.39828,52.507068,13.340746,52.518537,43635
13.296425,52.501857,13.368201,52.50556,43638
13.340078,52.42736,13.359966,52.447292,43639
13.52842,52.522219,13.568405,52.529973,43641
13.468067,52.430225,13.424623,52.388409,43641
13.283476,52.47643,13.268531,52.482388,43648
13.317422,52.566674,13.357686,52.532786,43651
13.331002,52.585062,13.333574,52.560939,43652
13.31733,52.513911,13.237059,52.529032,43653
13.380449,52.499261,13.38101,52.511037,43656
13.529485,52.39844,13.548968,52.402221,43664
13.227776,52.618235,13.270094,52.575864,43664
13.584348,52.451705,13.600214,52.453145,43665
13.322832,52.481802,13.270332,52.535123,43666
13.316384,52.440371,13.341003,52.447643,43666
13.561686,52.504259,13.577628,52.504012,43669
13.421101,52.480311,13.38101,52.511037,43670
13.25827,52.508102,13.236788,52.492134,43673
13.443716,52.590481,13.470515,52.609006,43675
13.360441,52.519427,13.375191,52.462897,43680
13.354908,52.527309,13.343651,52.537935,43688
13.592492,52.519595,13.628146,52.524349,43688
13.424069,52.513411,13.519576,52.578414,43690
13.402391,52.459459,13.386377,52.501385,43692
13.358868,52.446019,13.362001,52.456031,43695
13.594877,52.461782,13.480427,52.476527,43695
13.535366,52.511426,13.509479,52.505665,43708
13.425074,52.487102,13.442665,52.486161,43709
13.416955,52.438345,13.322693,52.429084,43722
13.352347,52.536487,13.318167,52.51578,43726
13.511297,52.493842,13.497178,52.498227,43727
13.582537,52.466037,13.601995,52.473828,43728
13.413786,52.511557,13.444487,52.534086,43731
13.336535,52.517659,13.44098,52.482335,43737
13.2962,52.483696,13.316296,52.459604,43739
13.282107,52.416185,13.326653,52.435142,43741
13.429514,52.530017,13.455207,52.528463,43745
13.347288,52.514239,13.384509,52.51176,43747
13.56081,52.446284,13.579619,52.458922,43748
13.491093,52.435896,13.487971,52.426175,43753
13.310184,52.493572,13.303063,52.503698,43756
13.240149,52.607762,13.320529,52.55031,43760
13.516049,52.488146,13.535246,52.482209,43761
13.442878,52.488145,13.446531,52.500332,43763
13.413751,52.532453,13.397614,52.528754,43765
13.306273,52.592015,13.295352,52.583984,43766
13.350764,52.547335,13.316972,52.574318,43771
13.294806,52.470833,13.308487,52.482033,43772
13.196601,52.535227,13.195915,52.547932,43777
13.320459,52.575951,13.455852,52.559956,43786
13.451742,52.514099,13.396466,52.496764,43789
13.537414,52.550638,13.536906,52.544955,43800
13.44543,52.493695,13.422201,52.492979,43803
13.459356,52.452254,13.502042,52.434427,43806
13.32445,52.587481,13.314277,52.508868,43806
13.427389,52.482212,13.430108,52.510193,43812
13.636707,52.515621,13.612194,52.512039,43813
13.38357,52.4359,13.387608,52.438999,43815
13.52039,52.465469,13.489259,52.467393,43816
13.517977,52.540257,13.562713,52.487538,43820
13.5773,52.486635,13.618588,52.509273,43822
13.296324,52.490426,13.31997,52.505182,43822
13.329706,52.429068,13.326597,52.459687,43823
13.494918,52.540532,13.5123,52.562905,43826
13.658488,52.409003,13.659464,52.4033,43827
13.485452,52.587547,13.483309,52.576529,43827
13.280653,52.548447,13.249679,52.507977,43833
13.50132,52.413621,13.515878,52.40354,43833
13.385837,52.474852,13.374516,52.456344,43835
13.339039,52.56316,13.370174,52.565616,43838
13.282439,52.479766,13.29366,52.588145,43848
13.540113,52.532583,13.555412,52.513428,43858
13.462221,52.584295,13.442502,52.590828,43859
13.34464,52.555808,13.434704,52.553608,43862
13.378929,52.514665,13.38715,52.519827,43867
13.361846,52.436719,13.337772,52.461898,43868
13.391075,52.503262,13.3271,52.494974,43870
13.441642,52.501236,13.480585,52.490429,43875
13.31179,52.479768,13.286092,52.474802,43885
13.334397,52.557434,13.336284,52.542395,43886
13.3854,52.583099,13.419428,52.591449,43886
13.483696,52.584046,13.483271,52.576269,43887
13.361293,52.397783,13.360177,52.441232,43888
13.300861,52.53684,13.297565,52.542035,43897
13.419274,52.501282,13.454211,52.515705,43899
13.632482,52.394068,13.529877,52.428444,43901
13.279409,52.538108,13.293752,52.548188,43922
13.341876,52.492318,13.34383,52.48782,43925
13.208664,52.539777,13.187339,52.520222,43938
13.357865,52.550067,13.374351,52.553912,43940
13.281029,52.479854,13.432316,52.465769,43942
13.465539,52.442659,13.462596,52.437717,43946
13.270264,52.51439,13.432833,52.456317,43948
13.421388,52.478717,13.418709,52.542702,43950
13.316972,52.574318,13.315557,52.577803,43952
13.570848,52.493964,13.547932,52.499282,43953
13.314606,52.520871,13.293939,52.537006,43955
13.360438,52.596977,13.382275,52.579424,43956
13.579527,52.51754,13.605192,52.529291,43958
13.292504,52.481652,13.278805,52.477766,43967
13.322516,52.497272,13.284055,52.513972,43973
13.251795,52.448712,13.233733,52.441901,43977
13.261377,52.495217,13.287031,52.517525,43984
13.464786,52.464257,13.36081,52.49132,43988
13.475114,52.607053,13.442502,52.590828,43989
13.583746,52.502941,13.612194,52.512039,43996
13.480348,52.451822,13.444284,52.463691,43997
13.576859,52.549579,13.541565,52.542891,44001
13.419303,52.474311,13.344893,52.461377,44010
13.338816,52.454094,13.326444,52.537239,44010
13.465557,52.452042,13.478724,52.442873,44018
13.344469,52.464859,13.440358,52.433577,44022
13.414631,52.55616,13.407909,52.54195,44024
13.183828,52.515674,13.141681,52.546878,44025
13.34499,52.4805,13.355088,52.455598,44028
13.567759,52.538313,13.53634,52.525802,44029
13.416555,52.544948,13.412712,52.533598,44033
13.29445,52.455694,13.28309,52.453076,44034
13.346196,52.445274,13.335792,52.435866,44034
13.637363,52.386217,13.535997,52.475872,44036
13.361815,52.525747,13.353814,52.528598,44043
13.491093,52.435896,13.440102,52.466726,44046
13.269852,52.409146,13.24258,52.433836,44049
13.331611,52.577407,13.369941,52.589354,44049
13.523705,52.565599,13.515132,52.567183,44049
13.512877,52.51025,13.456337,52.522958,44050
13.484053,52.508576,13.571207,52.527959,44052
13.380979,52.441,13.356297,52.409246,44056
13.515949,52.512188,13.482853,52.526736,44060
13.338183,52.451675,13.331507,52.573508,44066
13.440649,52.597304,13.377344,52.556285,44072
13.628283,52.540381,13.579431,52.5637,44083
13.347455,52.470586,13.319213,52.554126,44083
13.292771,52.506795,13.296229,52.50221,44084
13.52436,52.449645,13.480283,52.46347,44089
13.285938,52.510357,13.298367,52.517779,44090
13.557035,52.525181,13.610095,52.507825,44100
13.298188,52.469727,13.326801,52.527574,44115
13.395021,52.497652,13.386898,52.496409,44116
13.441081,52.566419,13.440241,52.556983,44118
13.413482,52.464441,13.385015,52.439793,44124
13.415088,52.421857,13.403798,52.382061,44136
13.310788,52.575663,13.307967,52.572099,44137
13.364838,52.488271,13.339688,52.489602,44144
13.306387,52.481733,13.295533,52.469504,44150
13.44211,52.488523,13.426035,52.491333,44155
13.19348,52.548928,13.157467,52.554642,44156
13.330041,52.449493,13.354819,52.45881,44161
13.559275,52.444453,13.491058,52.497945,44164
13.464621,52.546088,13.46841,52.558012,44167
13.326773,52.491437,13.324768,52.467859,44174
13.58706,52.443265,13.579619,52.458922,44174
13.339024,52.495855,13.314827,52.499668,44176
13.414524,52.552827,13.422528,52.539556,44182
13.309921,52.504521,13.342589,52.502663,44185
13.445281,52.486911,13.446757,52.483442,44187
13.395381,52.386682,13.417817,52.376348,44190
13.391715,52.488542,13.434573,52.499857,44191
13.442555,52.53135,13.416464,52.511004,44195
13.284297,52.516737,13.291443,52.503727,44200
13.306518,52.480671,13.281385,52.513866,44201
13.38535,52.535189,13.474478,52.504588,44202
13.398261,52.514825,13.429318,52.500856,44204
13.414761,52.526752,13.433472,52.582275,44204
13.30244,52.486117,13.306685,52.477371,44205
13.59745,52.451987,13.618493,52.450955,44208
13.280634,52.516912,13.380118,52.483034,44208
13.418446,52.554218,13.368001,52.58012,44213
13.330916,52.588074,13.454459,52.556648,44217
13.577239,52.553169,13.599843,52.546314,44218
13.414215,52.53039,13.394778,52.539724,44219
13.574372,52.413318,13.638987,52.386042,44223
13.32203,52.522774,13.312004,52.513647,44229
13.578285,52.401474,13.561411,52.423762,44230
13.580268,52.539827,13.566212,52.533786,44232
13.19976,52.53541,13.19122,52.519392,44233
13.300673,52.537975,13.297443,52.5389,44236
13.262189,52.479876,13.225391,52.435957,44238
13.519485,52.546358,13.445676,52.534844,44240
13.454087,52.601525,13.479151,52.621265,44242
13.507013,52.571727,13.54964,52.543639,44245
13.596996,52.52596,13.635328,52.521742,44250
13.399171,52.495249,13.424296,52.524984,44250
13.372678,52.503162,13.365319,52.525644,44255
13.395334,52.582766,13.353374,52.583748,44255
13.519015,52.516517,13.515051,52.535324,44260
13.287564,52.47581,13.264812,52.483066,44266
13.298955,52.490775,13.343895,52.485626,44271
13.382037,52.501526,13.39993,52.515883,44271
13.574372,52.413318,13.630383,52.390538,44277
13.590021,52.482186,13.565054,52.569993,44281
13.643088,52.529508,13.602206,52.535901,44281
13.506007,52.449763,13.461841,52.450902,44285
13.531464,52.406377,13.526101,52.408531,44289
13.26396,52.516489,13.215632,52.509249,44291
13.350845,52.573954,13.293426,52.55415,44302
13.476976,52.563226,13.499581,52.562268,44305
13.459101,52.517451,13.474663,52.511012,44314
13.208182,52.427749,13.179649,52.421827,44329
13.307181,52.505019,13.325398,52.455521,44342
13.484226,52.447711,13.487393,52.450475,44345
13.484996,52.533485,13.411899,52.542721,44348
13.400482,52.580405,13.43299,52.605935,44349
13.494226,52.566137,13.520934,52.552019,44351
13.2434,52.540667,13.215821,52.564598,44357
13.436403,52.533394,13.413791,52.497924,44363
13.228796,52.545501,13.210072,52.565223,44366
13.258318,52.410797,13.255757,52.431828,44369
13.246336,52.511113,13.244783,52.524412,44377
13.401768,52.537503,13.398617,52.526468,44389
13.589451,52.422274,13.596487,52.435112,44391
13.230957,52.550548,13.225704,52.55515,44394
13.495248,52.541975,13.530966,52.51026,44410
13.471961,52.458371,13.444767,52.462696,44411
13.483271,52.576269,13.440972,52.556354,44415
13.520694,52.568514,13.575482,52.494667,44419
13.297557,52.588705,13.323846,52.611501,44427
13.58605,52.488009,13.565353,52.485176,44431
13.439791,52.634135,13.37775,52.604011,44434
13.369348,52.490799,13.352321,52.524139,44439
13.571368,52.394556,13.562409,52.414159,44442
13.335312,52.474418,13.326809,52.463297,44446
13.505919,52.484249,13.406873,52.392396,44454
13.275457,52.490779,13.282888,52.501232,44459
13.375318,52.466023,13.411261,52.459884,44459
13.240129,52.507233,13.343748,52.488989,44460
13.48263,52.572133,13.483696,52.584046,44461
13.448881,52.541294,13.39775,52.501512,44466
13.331616,52.530845,13.355302,52.526685,44468
13.57615,52.492348,13.605743,52.509655,44469
13.424165,52.501799,13.432836,52.517538,44471
13.344602,52.570978,13.354888,52.575921,44471
13.302631,52.516492,13.307546,52.440406,44480
13.424014,52.560855,13.373959,52.530532,44482
13.297565,52.542035,13.300854,52.547086,44483
13.319568,52.587545,13.290089,52.59417,44484
13.4605,52.468156,13.382888,52.485006,44491
13.32177,52.493021,13.337612,52.499304,44491
13.301203,52.519024,13.332314,52.515936,44493
13.500074,52.56635,13.45592,52.574029,44493
13.457405,52.524536,13.438991,52.535474,44494
13.36412,52.475554,13.33625,52.467496,44496
13.348033,52.451491,13.339417,52.460333,44497
13.358402,52.537847,13.352503,52.514719,44501
13.36413,52.493951,13.345246,52.492244,44511
13.288473,52.49382,13.261369,52.483624,44514
13.417927,52.552301,13.374242,52.562217,44515
13.17922,52.530647,13.196389,52.558838,44528
13.414095,52.488133,13.421237,52.473596,44529
13.286868,52.512971,13.300949,52.515396,44531
13.376585,52.509417,13.346644,52.503776,44537
13.674128,52.419559,13.664393,52.410861,44540
13.437291,52.554709,13.442535,52.486235,44544
13.289289,52.506581,13.269611,52.499416,44546
13.456491,52.536967,13.444799,52.541326,44549
13.448294,52.468387,13.319237,52.447744,44551
13.555764,52.43206,13.640384,52.44864,44555
13.284075,52.485366,13.307153,52.500094,44558
13.549521,52.543595,13.530881,52.519689,44560
13.313361,52.468777,13.349784,52.501961,44563
13.48283,52.407905,13.472781,52.431353,44564
13.355978,52.453934,13.503192,52.421111,44565
13.360607,52.404154,13.329012,52.436311,44565
13.533105,52.414274,13.358851,52.563356,44585
13.30377,52.525583,13.297681,52.539472,44592
13.454064,52.515284,13.473208,52.50934,44592
13.414095,52.488133,13.341735,52.501199,44598
13.317847,52.447517,13.377515,52.433194,44598
13.320484,52.499713,13.33445,52.498468,44599
13.453652,52.519315,13.377201,52.535248,44608
13.299975,52.52132,13.350768,52.5393,44625
13.297602,52.498303,13.231761,52.527685,44626
13.303861,52.584834,13.330828,52.576895,44628
13.667153,52.411955,13.679081,52.424944,44634
13.44475,52.468017,13.480008,52.445616,44635
13.632217,52.511737,13.617003,52.504603,44640
13.273356,52.513836,13.253195,52.521259,44641
13.566547,52.54276,13.548462,52.550781,44642
13.392644,52.429889,13.386643,52.450891,44651
13.595803,52.477201,13.615009,52.508073,44657
13.395891,52.557605,13.32939,52.516679,44657
13.354126,52.528226,13.389603,52.51215,44660
13.348348,52.507478,13.324501,52.445753,44661
13.291604,52.510708,13.299218,52.515163,44661
13.390968,52.544613,13.367465,52.551556,44662
13.335262,52.483963,13.292049,52.470162,44664
13.23127,52.436911,13.282088,52.44339,44667
13.577628,52.504012,13.531014,52.450619,44667
13.422558,52.50038,13.445575,52.490934,44669
13.507801,52.477727,13.335045,52.465119,44678
13.395661,52.40299,13.417361,52.394652,44678
13.350239,52.461064,13.353087,52.476211,44679
13.255046,52.449765,13.220231,52.431741,44680
13.591539,52.394933,13.530309,52.399328,44680
13.413041,52.491543,13.511274,52.432197,44681
13.439013,52.541109,13.452291,52.541009,44688
13.331825,52.52412,13.318758,52.520285,44691
13.263521,52.411326,13.259286,52.430828,44699
13.466316,52.550498,13.408136,52.5343,44700
13.237065,52.436959,13.220473,52.441023,44703
13.275934,52.495052,13.376896,52.501945,44708
13.440244,52.42016,13.452081,52.45246,44712
13.459364,52.512505,13.439793,52.475285,44713
13.349003,52.43941,13.31384,52.4868,44713
13.30252,52.62964,13.239746,52.621192,44715
13.620063,52.491709,13.624167,52.446859,44721
13.286695,52.518616,13.322776,52.511316,44722
13.346815,52.568572,13.327338,52.563426,44723
13.563893,52.518305,13.570568,52.531949,44724
13.258399,52.435826,13.2442,52.436524,44732
13.429518,52.576391,13.461587,52.571443,44736
13.470515,52.609006,13.475448,52.614328,44741
13.316182,52.467128,13.483027,52.408972,44745
13.253853,52.510243,13.291604,52.510708,44751
13.298947,52.545902,13.338359,52.558252,44752
13.179649,52.421827,13.137675,52.410205,44755
13.431729,52.536497,13.415987,52.510372,44757
13.208114,52.553578,13.172009,52.552566,44759
13.484042,52.530541,13.464724,52.524409,44768
13.247836,52.518808,13.193967,52.546775,44770
13.518296,52.535831,13.514519,52.541272,44773
13.433958,52.61251,13.471038,52.615354,44775
13.374351,52.553912,13.366242,52.553466,44775
13.391774,52.400879,13.394436,52.426111,44777
13.365079,52.503196,13.384578,52.511624,44783
13.382553,52.415179,13.374334,52.426428,44783
13.269892,52.450918,13.253128,52.425214,44784
13.353636,52.562095,13.364849,52.561319,44784
13.558324,52.569444,13.558323,52.554031,44785
13.439716,52.51395,13.444165,52.503605,44785
13.403687,52.526048,13.449176,52.52878,44785
13.298704,52.535183,13.343806,52.53627,44788
13.401118,52.44256,13.296518,52.47698,44789
13.183285,52.541526,13.217291,52.53782,44795
13.519349,52.484805,13.512864,52.462698,44800
13.355088,52.455598,13.34499,52.4805,44806
13.367964,52.486078,13.316282,52.508908,44806
13.303063,52.503698,13.313314,52.49582,44813
13.329841,52.482379,13.294468,52.513427,44823
13.404829,52.535507,13.439206,52.492917,44826
13.312516,52.567852,13.403771,52.551301,44826
13.574923,52.487286,13.587548,52.4981,44830
13.31189,52.500428,13.331415,52.503751,44831
13.556315,52.563539,13.566913,52.572072,44834
13.44475,52.468017,13.424615,52.469708,44835
13.180326,52.509265,13.215821,52.564598,44840
13.321525,52.491729,13.29931,52.447866,44842
13.173901,52.530664,13.205448,52.519257,44842
13.448881,52.52429,13.423172,52.486577,44842
13.460779,52.532942,13.459058,52.538814,44844
13.467317,52.502727,13.460531,52.493949,44852
13.304833,52.486397,13.354439,52.455057,44855
13.26309,52.412184,13.278097,52.428982,44855
13.391833,52.510461,13.405526,52.509814,44875
13.393166,52.517194,13.325814,52.532474,44878
13.346536,52.480492,13.385842,52.46706,44880
13.370865,52.546618,13.355317,52.546321,44882
13.431981,52.505757,13.468822,52.534613,44884
13.265406,52.533989,13.247539,52.544694,44888
13.509299,52.577719,13.495676,52.5654,44889
13.29918,52.603138,13.241437,52.473194,44894
13.462232,52.506618,13.481738,52.479171,44898
13.457111,52.44351,13.449254,52.452378,44899
13.280855,52.490083,13.219702,52.526426,44903
13.36081,52.49132,13.332994,52.478066,44905
13.327659,52.42848,13.292311,52.441427,44907
13.292098,52.598731,13.294804,52.576405,44914
13.401562,52.539824,13.345347,52.539425,44916
13.285189,52.479665,13.41241,52.446578,44922
13.272519,52.483864,13.268513,52.45158,44924
13.227745,52.441801,13.25469,52.450164,44925
13.619847,52.512249,13.601421,52.516373,44926
13.706003,52.431865,13.528144,52.567717,44930
13.467514,52.55592,13.455852,52.559956,44947
13.391508,52.551419,13.370671,52.548436,44953
13.321518,52.499845,13.377618,52.475586,44953
13.377015,52.556604,13.352124,52.55033,44955
13.413501,52.38972,13.464065,52.425269,44961
13.400744,52.415,13.401666,52.401454,44963
13.689369,52.367968,13.656537,52.37459,44963
13.413047,52.382868,13.392647,52.398263,44966
13.544113,52.513019,13.519189,52.513459,44973
13.426248,52.523828,13.410376,52.550836,44979
13.332827,52.506629,13.315639,52.488371,44981
13.426153,52.542271,13.555891,52.507392,44983
13.599795,52.535251,13.576608,52.545044,44986
13.462596,52.437717,13.571818,52.529802,44988
13.40927,52.557743,13.371417,52.590766,44989
13.500621,52.474367,13.51078,52.464154,44990
13.310452,52.563929,13.25699,52.550957,44993
13.237667,52.584646,13.303796,52.617916,44998
13.5803,52.432741,13.566923,52.455226,45002
13.5056,52.536514,13.519971,52.538658,45003
13.515878,52.40354,13.50132,52.413621,45006
13.393037,52.514994,13.403715,52.503373,45011
13.394374,52.506962,13.406751,52.535709,45015
13.344329,52.443372,13.334238,52.425782,45016
13.31603,52.500993,13.221276,52.526329,45016
13.575078,52.416607,13.621939,52.381415,45018
13.512986,52.57041,13.516082,52.569508,45019
13.338659,52.505143,13.404766,52.548773,45024
13.376722,52.516156,13.240336,52.519309,45025
13.470179,52.523164,13.44211,52.488523,45025
13.429909,52.553954,13.397144,52.554804,45028
13.535084,52.451753,13.441819,52.420213,45028
13.296311,52.541995,13.313335,52.523186,45030
13.458065,52.519549,13.491809,52.511857,45030
13.618646,52.455527,13.572782,52.460694,45046
13.577996,52.483471,13.505583,52.536002,45046
13.552691,52.541523,13.590874,52.530662,45048
13.225704,52.55515,13.230953,52.55833,45051
13.38715,52.519827,13.415899,52.507182,45055
13.476647,52.555654,13.467264,52.517925,45058
13.426382,52.520223,13.422433,52.517035,45058
13.574206,52.493156,13.563441,52.496444,45068
13.320097,52.477959,13.314976,52.514028,45070
13.339181,52.500032,13.324172,52.44555,45072
13.424296,52.524984,13.475087,52.622493,45072
13.257999,52.439308,13.290844,52.444562,45073
13.310617,52.451714,13.392421,52.464313,45077
13.272619,52.539304,13.295727,52.541165,45082
13.432573,52.443792,13.434024,52.451782,45083
13.211877,52.527998,13.187148,52.520251,45084
13.2574,52.518905,13.294415,52.491589,45086
13.397614,52.528754,13.414215,52.53039,45089
13.34501,52.492246,13.353008,52.484651,45089
13.387816,52.493315,13.376584,52.485385,45096
13.481013,52.503167,13.445863,52.488504,45101
13.519189,52.513459,13.542144,52.506421,45106
13.319027,52.531202,13.276292,52.490608,45106
13.339417,52.460333,13.343042,52.452788,45113
13.628279,52.445464,13.579916,52.494715,45114
13.418906,52.521391,13.405304,52.505152,45115
13.370174,52.565616,13.339039,52.56316,45116
13.382231,52.489858,13.389033,52.423074,45116
13.228771,52.52564,13.243989,52.513016,45119
13.290351,52.49157,13.332925,52.495259,45120
13.39213,52.508678,13.429598,52.485412,45122
13.34014,52.418741,13.30867,52.485734,45126
13.366709,52.496392,13.40286,52.521367,45126
13.628197,52.455198,13.601798,52.538459,45129
13.36412,52.475554,13.327477,52.464,45138
13.179649,52.421827,13.157009,52.417234,45139
13.250015,52.521877,13.337186,52.495939,45140
13.346287,52.449686,13.35385,52.44259,45141
13.467634,52.546698,13.447719,52.555256,45146
13.196556,52.547647,13.432314,52.440802,45150
13.375785,52.421099,13.30809,52.429975,45155
13.437575,52.455109,13.311023,52.476244,45157
13.435906,52.468466,13.410664,52.414037,45160
13.349045,52.489387,13.362791,52.499682,45163
13.382275,52.579424,13.291677,52.592463,45166
13.414328,52.44402,13.447527,52.43695,45166
13.422676,52.544596,13.380186,52.560377,45174
13.509032,52.402738,13.468249,52.427725,45174
13.385753,52.470773,13.414134,52.451734,45176
13.280638,52.492233,13.358737,52.526277,45181
13.368201,52.50556,13.324854,52.44867,45182
13.419642,52.534162,13.390346,52.507683,45182
13.511848,52.54633,13.561322,52.519336,45183
13.236554,52.510012,13.267257,52.520471,45186
13.443635,52.557508,13.460235,52.553853,45187
13.362537,52.5362,13.358083,52.591441,45198
13.519647,52.509229,13.534031,52.58974,45199
13.40306,52.533659,13.387377,52.526106,45199
13.517112,52.5643,13.55686,52.548523,45203
13.586996,52.543278,13.575995,52.497886,45203
13.492975,52.636487,13.437094,52.635659,45206
13.127,52.47275,13.125021,52.467269,45208
13.338611,52.437667,13.348267,52.416276,45208
13.348232,52.526307,13.344182,52.529274,45211
13.40306,52.533659,13.393971,52.547741,45212
13.436749,52.512413,13.312677,52.466062,45213
13.431401,52.475217,13.430656,52.492625,45213
13.248815,52.441131,13.385679,52.466091,45215
13.540109,52.565288,13.574522,52.55512,45218
13.405278,52.513573,13.408734,52.512022,45223
13.385753,52.470773,13.346536,52.480492,45224
13.302342,52.488311,13.311715,52.487147,45224
13.371095,52.527051,13.387319,52.552763,45235
13.397144,52.554804,13.383526,52.536711,45238
13.337144,52.49407,13.336106,52.514222,45239
13.368102,52.411779,13.330053,52.418136,45240
13.343725,52.553374,13.327338,52.563426,45241
13.457285,52.558248,13.497114,52.554803,45242
13.525676,52.55567,13.485977,52.564255,45244
13.399671,52.509119,13.406558,52.498316,45249
13.409102,52.426369,13.361735,52.425495,45250
13.439587,52.452775,13.476125,52.444298,45255
13.328686,52.490921,13.289422,52.484481,45256
13.410298,52.521746,13.406751,52.535709,45264
13.516618,52.419978,13.540315,52.435157,45274
13.574196,52.547251,13.541565,52.542891,45278
13.506515,52.405188,13.49644,52.415786,45285
13.303132,52.475199,13.171041,52.446421,45291
13.290547,52.493734,13.241954,52.508238,45295
13.326597,52.459687,13.363485,52.48356,45296
13.383494,52.493519,13.362457,52.49317,45298
13.587337,52.416622,13.4453,52.532359,45307
13.5221,52.402454,13.419191,52.49643,45308
13.302474,52.444938,13.301405,52.436106,45317
13.577287,52.550805,13.548462,52.550781,45319
13.50329,52.575854,13.424079,52.552847,45323
13.555243,52.532008,13.555412,52.513428,45329
13.290089,52.59417,13.293558,52.583168,45336
13.446531,52.500332,13.476663,52.506942,45343
13.439966,52.537332,13.43064,52.528835,45344
13.557301,52.504362,13.521681,52.574864,45345
13.355784,52.600167,13.354274,52.564622,45346
13.547632,52.521754,13.553104,52.548644,45351
13.167126,52.483594,13.155883,52.458451,45352
13.423994,52.385289,13.395381,52.386682,45358
13.30943,52.487514,13.328373,52.471278,45367
13.290952,52.589891,13.322539,52.448975,45376
13.455321,52.473064,13.503644,52.430946,45377
13.243902,52.505234,13.378116,52.456213,45379
13.422466,52.530812,13.453556,52.514158,45381
13.502734,52.401596,13.46156,52.430863,45385
13.480283,52.46347,13.518099,52.452359,45388
13.236788,52.492134,13.240828,52.511126,45393
13.465652,52.506253,13.429857,52.518338,45398
13.526439,52.481245,13.528031,52.494031,45398
13.498391,52.612126,13.468249,52.601296,45405
13.206889,52.562092,13.21026,52.538323,45407
13.56761,52.489037,13.598607,52.451027,45413
13.257274,52.50831,13.298591,52.52635,45417
13.273057,52.513183,13.262819,52.527546,45419
13.437664,52.447478,13.440899,52.425806,45421
13.295185,52.550814,13.307534,52.574378,45422
13.307509,52.511576,13.290597,52.51905,45426
13.448347,52.610538,13.4154,52.526924,45429
13.286737,52.452533,13.283495,52.44422,45436
13.282888,52.501232,13.269328,52.519227,45439
13.348231,52.545998,13.351079,52.529762,45448
13.11686,52.450675,13.176419,52.472718,45448
13.492162,52.491847,13.524837,52.439177,45455
13.403416,52.552204,13.532523,52.510564,45456
13.394397,52.491432,13.382329,52.485004,45464
13.659464,52.4033,13.673383,52.431694,45471
13.457089,52.459786,13.531273,52.405112,45475
13.414097,52.550558,13.447438,52.560607,45477
13.509479,52.505665,13.535366,52.511426,45477
13.494455,52.581961,13.523705,52.565599,45484
13.593739,52.414397,13.52837,52.436714,45485
13.441286,52.543436,13.352217,52.496793,45490
13.442209,52.609301,13.519182,52.538444,45492
13.247815,52.523257,13.314723,52.525777,45493
13.219138,52.508745,13.166674,52.468195,45493
13.433382,52.476397,13.42635,52.490152,45494
13.381084,52.44152,13.385181,52.449282,45503
13.269892,52.450918,13.279543,52.468708,45504
13.308099,52.573553,13.239544,52.50581,45505
13.200963,52.517388,13.308237,52.459748,45505
13.323329,52.44982,13.354027,52.442588,45508
13.338366,52.526527,13.370417,52.53982,45509
13.352554,52.509676,13.411161,52.505459,45510
13.353865,52.443542,13.29802,52.469027,45514
13.275041,52.597883,13.329357,52.575572,45516
13.1866,52.535984,13.26525,52.516251,45520
13.322901,52.444872,13.389742,52.434372,45526
13.618588,52.509273,13.614936,52.536196,45534
13.310953,52.474376,13.320497,52.48642,45535
13.568367,52.544623,13.5945,52.546952,45535
13.444487,52.534086,13.31479,52.512223,45537
13.318986,52.462486,13.287531,52.475703,45539
13.200343,52.469808,13.361815,52.525747,45542
13.268537,52.508145,13.383748,52.5981,45544
13.343651,52.537935,13.357884,52.532542,45544
13.474484,52.408818,13.484894,52.429099,45549
13.406312,52.576345,13.36891,52.583255,45553
13.534091,52.521733,13.530494,52.509826,45563
13.320406,52.485325,13.303714,52.485393,45564
13.459277,52.434289,13.429429,52.415295,45567
13.332291,52.545837,13.357624,52.50117,45568
13.297337,52.421295,13.31967,52.463207,45576
13.286151,52.495984,13.284903,52.484485,45577
13.429514,52.530017,13.405135,52.547852,45583
13.553104,52.548644,13.485383,52.527495,45586
13.434667,52.48287,13.525315,52.421502,45586
13.612137,52.513702,13.52968,52.56989,45594
13.589919,52.480156,13.608525,52.473694,45594
13.32183,52.50189,13.36081,52.49132,45595
13.392495,52.413049,13.392644,52.429889,45604
13.382221,52.430883,13.35292,52.420887,45606
13.475351,52.544274,13.471943,52.537594,45607
13.326809,52.463297,13.335312,52.474418,45608
13.303746,52.47504,13.307852,52.445768,45609
13.353025,52.502949,13.353329,52.504698,45615
13.376628,52.454244,13.382712,52.468606,45626
13.370215,52.466128,13.375318,52.466023,45627
13.419191,52.49643,13.434946,52.481042,45630
13.316296,52.459604,13.2962,52.483696,45636
13.401553,52.414092,13.415088,52.421857,45640
13.271159,52.498977,13.263475,52.482631,45641
13.247906,52.548824,13.240732,52.558947,45646
13.21466,52.42753,13.179649,52.421827,45652
13.265433,52.493412,13.310709,52.481029,45652
13.308614,52.482364,13.307414,52.498959,45655
13.363194,52.550275,13.347296,52.578497,45657
13.249252,52.425399,13.511239,52.418267,45665
13.450809,52.552379,13.439013,52.541109,45666
13.344617,52.506361,13.340005,52.530031,45668
13.324604,52.582797,13.316972,52.574318,45670
13.355317,52.546321,13.360007,52.546843,45670
13.291443,52.503727,13.184402,52.558338,45678
13.348109,52.499194,13.32177,52.493021,45693
13.34474,52.472289,13.332647,52.461255,45694
13.317978,52.592092,13.323139,52.491046,45704
13.298239,52.438972,13.460586,52.471642,45711
13.353814,52.528598,13.352903,52.528222,45712
13.373455,52.574781,13.367465,52.551556,45713
13.359459,52.479993,13.369779,52.460623,45718
13.456337,52.522958,13.512877,52.51025,45718
13.421973,52.535617,13.400328,52.522358,45719
13.36189,52.568615,13.323302,52.575829,45723
13.318167,52.51578,13.337449,52.489564,45726
13.298947,52.545902,13.315125,52.541194,45726
13.439013,52.541109,13.458664,52.538496,45731
13.477687,52.446588,13.434827,52.45658,45731
13.401666,52.401454,13.389506,52.407736,45740
13.414472,52.554427,13.382467,52.527413,45745
13.393277,52.53745,13.4453,52.532359,45748
13.424589,52.469826,13.388839,52.456168,45750
13.486697,52.534983,13.450796,52.531888,45751
13.516816,52.537791,13.485123,52.515851,45751
13.405315,52.496749,13.452488,52.472847,45751
13.475448,52.614328,13.473365,52.612557,45752
13.241437,52.473194,13.21482,52.431761,45755
13.421869,52.509591,13.464031,52.511108,45757
13.638162,52.387968,13.694718,52.373059,45759
13.278009,52.518333,13.305506,52.569691,45761
13.228699,52.614289,13.243721,52.578579,45761
13.616087,52.490092,13.612194,52.512039,45762
13.394498,52.462968,13.41782,52.444662,45768
13.473916,52.445548,13.463878,52.450643,45776
13.346673,52.492209,13.345202,52.490312,45778
13.330682,52.493163,13.432833,52.456317,45779
13.285938,52.510357,13.311611,52.523205,45779
13.381195,52.485008,13.337501,52.516013,45789
13.300854,52.547086,13.332698,52.533996,45791
13.359159,52.574245,13.422924,52.537214,45794
13.312636,52.499252,13.30244,52.486117,45795
13.360738,52.523791,13.231633,52.616217,45799
13.348531,52.459097,13.313481,52.465379,45803
13.420791,52.439189,13.387492,52.439512,45804
13.20733,52.528764,13.23197,52.545136,45812
13.318758,52.520285,13.380235,52.532831,45814
13.307967,52.572099,13.303744,52.551574,45814
13.586953,52.410857,13.577137,52.421594,45816
13.24688,52.602011,13.27753,52.551573,45816
13.447286,52.49821,13.459363,52.525806,45823
13.514519,52.541272,13.534934,52.535346,45825
13.460648,52.471722,13.455966,52.482367,45827
13.31873,52.546393,13.350926,52.52429,45830
13.317698,52.517844,13.344002,52.536888,45832
13.453648,52.544165,13.438862,52.537821,45841
13.555007,52.558676,13.61671,52.540755,45841
13.388157,52.437294,13.356159,52.443058,45849
13.473315,52.53409,13.597823,52.528438,45851
13.269611,52.499416,13.337289,52.469264,45852
13.384564,52.422129,13.332949,52.426929,45858
13.51078,52.464154,13.501069,52.480176,45859
13.262189,52.479876,13.191755,52.419935,45868
13.301461,52.443007,13.290288,52.457734,45869
13.575498,52.533402,13.494065,52.571369,45870
13.297443,52.5389,13.234367,52.53341,45877
13.443344,52.533372,13.37872,52.505168,45880
13.601603,52.443995,13.596487,52.435112,45882
13.314277,52.508868,13.365445,52.528743,45897
13.373959,52.530532,13.313087,52.590906,45898
13.306376,52.632653,13.325034,52.596561,45907
13.297517,52.525409,13.298264,52.524278,45918
13.518704,52.422494,13.494686,52.421273,45921
13.469082,52.434212,13.455969,52.439228,45924
13.306627,52.582566,13.305506,52.569691,45926
13.432414,52.470144,13.441354,52.490635,45929
13.417993,52.515461,13.403854,52.508198,45933
13.429318,52.500856,13.38045,52.518072,45944
13.329909,52.44314,13.318797,52.443373,45945
13.31179,52.479768,13.312752,52.459689,45949
13.566855,52.529086,13.555412,52.513428,45952
13.394352,52.483946,13.376673,52.484458,45958
13.566923,52.455226,13.726469,52.425798,45959
13.455745,52.426612,13.482284,52.424503,45963
13.326586,52.446116,13.349252,52.446615,45964
13.478597,52.471562,13.461906,52.488792,45965
13.565353,52.485176,13.58605,52.488009,45970
13.499911,52.614713,13.437453,52.618696,45972
13.497178,52.498227,13.500291,52.5027,45973
13.280258,52.45938,13.273807,52.469866,45977
13.428501,52.537857,13.521533,52.564639,45978
13.417821,52.514709,13.4624,52.495256,45981
13.370703,52.515884,13.342022,52.517876,45984
13.542434,52.568502,13.554534,52.557811,45986
13.47157,52.493831,13.454554,52.502894,45986
13.444799,52.541326,13.452762,52.512433,45989
13.321525,52.491729,13.307153,52.500094,45994
13.656537,52.37459,13.689369,52.367968,45998
13.307504,52.618477,13.323381,52.625913,45999
13.473767,52.474984,13.375318,52.466023,46000
13.605205,52.536499,13.604788,52.546489,46001
13.412337,52.567376,13.402706,52.600609,46004
13.505343,52.512216,13.481289,52.510048,46005
13.640897,52.528037,13.624294,52.529776,46006
13.296425,52.501857,13.298999,52.504246,46009
13.337643,52.505146,13.345934,52.516205,46009
13.432061,52.497335,13.459054,52.499162,46009
13.252232,52.435091,13.334224,52.450147,46011
13.445289,52.539648,13.454211,52.515705,46012
13.33445,52.498468,13.322621,52.497837,46012
13.471961,52.458371,13.363874,52.450949,46012
13.255937,52.519765,13.368951,52.574627,46017
13.302056,52.569225,13.326548,52.60465,46020
13.483271,52.576269,13.46227,52.570257,46020
13.329433,52.557121,13.338517,52.543574,46022
13.468499,52.551864,13.476576,52.50964,46026
13.460235,52.553853,13.447719,52.555256,46029
13.39487,52.52449,13.428222,52.479767,46030
13.303866,52.501991,13.419453,52.453369,46041
13.500625,52.576877,13.513607,52.566583,46046
13.312677,52.466062,13.230892,52.548769,46047
13.420367,52.542017,13.413878,52.549258,46048
13.458828,52.511433,13.535366,52.511426,46048
13.202501,52.565579,13.23225,52.539345,46049
13.439669,52.63401,13.435505,52.602471,46052
13.311162,52.453694,13.332742,52.463914,46054
13.432111,52.5437,13.48674,52.526651,46068
13.344368,52.548855,13.300384,52.500268,46072
13.352321,52.524139,13.355582,52.444871,46075
13.349742,52.595194,13.388727,52.591265,46077
13.328686,52.490921,13.298712,52.507979,46080
13.293752,52.548188,13.279409,52.538108,46081
13.182832,52.525228,13.221664,52.511119,46085
13.275502,52.499451,13.271052,52.575853,46093
13.300949,52.515396,13.289184,52.510555,46093
13.283306,52.537302,13.357686,52.532786,46097
13.187339,52.520222,13.208664,52.539777,46099
13.345202,52.490312,13.351141,52.490523,46104
13.406248,52.535194,13.431236,52.518187,46105
13.255757,52.431828,13.253298,52.407381,46108
13.138516,52.397759,13.155977,52.420488,46114
13.63269,52.39056,13.415853,52.383346,46118
13.448356,52.432644,13.474667,52.44118,46128
13.438377,52.530197,13.466133,52.514497,46132
13.468497,52.436062,13.474663,52.511012,46135
13.625466,52.456952,13.640384,52.44864,46138
13.432862,52.4948,13.416465,52.497299,46139
13.416303,52.540322,13.393673,52.541112,46144
13.539449,52.403154,13.473974,52.425703,46151
13.56959,52.452863,13.56098,52.409927,46154
13.271376,52.489637,13.333594,52.504212,46156
13.483271,52.576269,13.544235,52.538739,46158
13.299477,52.454542,13.285572,52.471608,46164
13.184077,52.51071,13.221776,52.526297,46171
13.325711,52.505568,13.372671,52.507674,46179
13.460508,52.515897,13.45348,52.480627,46183
13.308212,52.487662,13.314145,52.479274,46191
13.329592,52.451187,13.4363,52.457991,46196
13.296037,52.517679,13.285621,52.482868,46200
13.311462,52.437576,13.329777,52.408972,46204
13.435927,52.48041,13.38936,52.496973,46204
13.362934,52.522867,13.350302,52.551501,46210
13.405304,52.505152,13.397561,52.529428,46211
13.369208,52.515677,13.332621,52.516346,46213
13.370751,52.505135,13.362934,52.522867,46222
13.265005,52.50209,13.261317,52.489026,46227
13.49588,52.505964,13.520152,52.494852,46230
13.344756,52.522482,13.391833,52.536551,46230
13.365319,52.525644,13.372678,52.503162,46235
13.362457,52.49317,13.374866,52.485037,46246
13.515891,52.463432,13.539797,52.458657,46253
13.322216,52.495604,13.339258,52.503042,46259
13.371173,52.413648,13.330268,52.445302,46269
13.355018,52.540438,13.278805,52.477766,46270
13.511935,52.508977,13.508818,52.509161,46271
13.256084,52.442824,13.324453,52.522999,46272
13.555241,52.43852,13.543766,52.437961,46278
13.445281,52.486911,13.467317,52.502727,46281
13.255102,52.411901,13.381059,52.469857,46286
13.388412,52.532762,13.505805,52.484376,46287
13.273572,52.456621,13.25158,52.413646,46287
13.450155,52.468607,13.322069,52.484354,46295
13.262189,52.479876,13.2948,52.591764,46300
13.342151,52.593555,13.270693,52.638362,46302
13.421148,52.466704,13.345096,52.450203,46309
13.425749,52.53434,13.454211,52.515705,46311
13.261368,52.485664,13.324601,52.522512,46312
13.427872,52.476221,13.486224,52.418387,46315
13.501411,52.462116,13.526439,52.481245,46317
13.474808,52.463431,13.433738,52.481893,46317
13.292008,52.549564,13.240732,52.558947,46318
13.426796,52.504831,13.431345,52.502943,46319
13.334583,52.49604,13.350958,52.524398,46319
13.520934,52.552019,13.494226,52.566137,46325
13.461916,52.535229,13.453861,52.542114,46327
13.29515,52.434431,13.352012,52.435879,46335
13.369829,52.55311,13.414737,52.572273,46336
13.348282,52.462992,13.352276,52.453141,46353
13.385842,52.46706,13.346536,52.480492,46357
13.329861,52.459605,13.335397,52.451481,46358
13.343895,52.485626,13.298955,52.490775,46359
13.473365,52.612557,13.457696,52.605318,46364
13.446757,52.483442,13.422051,52.486959,46364
13.312093,52.45336,13.290597,52.51905,46368
13.298453,52.486709,13.297116,52.478806,46369
13.282561,52.451563,13.318302,52.461748,46371
13.287042,52.432722,13.254769,52.442605,46372
13.438394,52.53478,13.370671,52.548436,46373
13.392062,52.445471,13.413678,52.511406,46379
13.52352,52.528781,13.610815,52.535533,46386
13.399611,52.396886,13.209443,52.419549,46390
13.58218,52.44254,13.524611,52.406241,46390
13.352903,52.528222,13.335697,52.518217,46390
13.236093,52.532412,13.273682,52.528158,46394
13.397003,52.505349,13.366046,52.5035,46401
13.477946,52.492511,13.456776,52.502399,46404
13.51902,52.420998,13.526684,52.445382,46406
13.524701,52.536485,13.498035,52.563662,46411
13.440011,52.486921,13.408068,52.489346,46415
13.539449,52.544769,13.579082,52.525679,46415
13.295342,52.477037,13.377751,52.563614,46417
13.533453,52.437861,13.446842,52.460011,46430
13.445281,52.486911,13.422201,52.492979,46434
13.333439,52.423185,13.454686,52.434642,46440
13.15726,52.55743,13.265406,52.533989,46440
13.240201,52.424515,13.232365,52.437664,46449
13.495081,52.564823,13.588135,52.504986,46451
13.50111,52.483106,13.506329,52.458782,46457
13.305708,52.50996,13.286257,52.510209,46461
13.436106,52.458362,13.435092,52.434405,46464
13.401657,52.578414,13.288494,52.4774,46475
13.299815,52.518913,13.260641,52.478248,46476
13.461841,52.450902,13.496104,52.443616,46477
13.426758,52.549993,13.476008,52.507634,46479
13.455207,52.528463,13.4395,52.530741,46482
13.531273,52.405112,13.497045,52.443154,46483
13.337289,52.469264,13.348232,52.526307,46485
13.570483,52.565059,13.617933,52.48942,46494
13.345677,52.464909,13.356362,52.473585,46496
13.330646,52.462697,13.291933,52.477227,46496
13.562409,52.414159,13.571368,52.394556,46498
13.560738,52.571399,13.496137,52.561179,46500
13.333765,52.446152,13.314606,52.520871,46501
13.249125,52.419352,13.32404,52.450459,46503
13.392902,52.527479,13.379501,52.523502,46522
13.421594,52.478732,13.329841,52.482379,46524
13.588924,52.418659,13.433973,52.420803,46529
13.398122,52.509964,13.40286,52.521367,46530
13.417993,52.515461,13.412809,52.507723,46533
13.424856,52.48218,13.36935,52.50223,46533
13.326892,52.564294,13.358068,52.569504,46541
13.295861,52.481184,13.511591,52.440174,46552
13.295633,52.479416,13.33846,52.484052,46556
13.174819,52.513732,13.513486,52.431531,46562
13.488266,52.549972,13.503441,52.550104,46565
13.588054,52.507647,13.441663,52.55897,46570
13.563441,52.496444,13.569417,52.491422,46572
13.469662,52.552676,13.573488,52.558378,46578
13.174835,52.552394,13.17142,52.550945,46581
13.505698,52.506208,13.579464,52.517424,46587
13.367686,52.526434,13.347175,52.530777,46589
13.436765,52.449663,13.387197,52.411871,46597
13.459054,52.499162,13.444165,52.503605,46602
13.312649,52.439397,13.319992,52.456292,46605
13.596929,52.507474,13.620625,52.504976,46612
13.411543,52.512789,13.476647,52.555654,46619
13.480459,52.535295,13.57727,52.553223,46621
13.460531,52.493949,13.447612,52.517529,46629
13.516141,52.541296,13.484042,52.530541,46630
13.310121,52.493447,13.305005,52.469831,46634
13.313301,52.502318,13.359225,52.536804,46636
13.600214,52.453145,13.584348,52.451705,46639
13.309634,52.630964,13.337971,52.581362,46641
13.218561,52.432496,13.171041,52.446421,46641
13.296182,52.497591,13.324804,52.494038,46643
13.371899,52.564185,13.407296,52.562386,46649
13.581138,52.398649,13.413174,52.441509,46652
13.275212,52.460927,13.298062,52.473449,46661
13.392421,52.464313,13.385842,52.46706,46671
13.509123,52.491398,13.485858,52.4966,46673
13.321298,52.573937,13.339381,52.579198,46674
13.304127,52.581353,13.303861,52.584834,46679
13.594877,52.461782,13.539049,52.558597,46680
13.434112,52.529557,13.432934,52.488877,46683
13.386643,52.450891,13.405119,52.431009,46684
13.442555,52.53135,13.500676,52.567565,46691
13.464391,52.514824,13.471334,52.532587,46692
13.342301,52.477259,13.342276,52.46049,46693
13.396466,52.496764,13.400509,52.509999,46696
13.420599,52.469316,13.449719,52.471443,46696
13.450069,52.515621,13.430401,52.499279,46705
13.43777,52.540054,13.44807,52.536379,46708
13.45348,52.480627,13.390658,52.469052,46709
13.530309,52.399328,13.542319,52.401176,46712
13.440899,52.425806,13.449287,52.443983,46717
13.446574,52.521361,13.518881,52.513939,46720
13.579916,52.494715,13.582614,52.49645,46723
13.294257,52.506743,13.304416,52.503656,46723
13.337436,52.428478,13.317755,52.414382,46725
13.420221,52.536123,13.435711,52.551008,46725
13.290228,52.477309,13.308487,52.482033,46727
13.419071,52.444692,13.387492,52.439512,46730
13.328686,52.490921,13.298923,52.473197,46731
13.499632,52.534829,13.477647,52.53276,46736
13.522718,52.506898,13.526014,52.456193,46737
13.4575,52.422789,13.476462,52.418338,46738
13.61448,52.530189,13.614832,52.50484,46739
13.503141,52.48006,13.509367,52.47617,46740
13.483698,52.619896,13.472032,52.611531,46749
13.470872,52.539036,13.363885,52.528338,46749
13.3226,52.603939,13.289353,52.587186,46753
13.347413,52.543832,13.3392,52.527299,46757
13.311817,52.45002,13.301724,52.447426,46757
13.225864,52.551391,13.248566,52.550255,46757
13.239746,52.621192,13.30252,52.62964,46767
13.325779,52.452057,13.328373,52.471278,46768
13.133154,52.411543,13.271052,52.575853,46770
13.461237,52.572022,13.437053,52.619537,46774
13.348493,52.507422,13.356975,52.498751,46774
13.412585,52.545247,13.379731,52.516283,46776
13.442013,52.452718,13.427948,52.464033,46779
13.308048,52.436985,13.359069,52.483584,46780
13.352217,52.496793,13.31997,52.505182,46783
13.38101,52.511037,13.390988,52.503766,46787
13.276292,52.490608,13.318495,52.526247,46792
13.344786,52.56589,13.385522,52.507425,46794
13.35152,52.422683,13.343614,52.415529,46800
13.395381,52.386682,13.423994,52.385289,46807
13.38112,52.482618,13.417859,52.460524,46808
13.461841,52.450902,13.421467,52.465199,46813
13.527286,52.449166,13.607855,52.487203,46819
13.430292,52.59787,13.429518,52.576391,46820
13.572782,52.460694,13.618646,52.455527,46826
13.36116,52.596942,13.347702,52.574412,46827
13.397929,52.567431,13.479233,52.553168,46829
13.459591,52.533119,13.415511,52.512507,46831
13.320765,52.464399,13.32107,52.580096,46836
13.384124,52.485001,13.406558,52.498316,46837
13.370671,52.548436,13.391508,52.551419,46837
13.19541,52.549951,13.32517,52.569769,46841
13.386545,52.442148,13.389714,52.443755,46842
13.313745,52.518166,13.290054,52.497514,46844
13.475515,52.513553,13.47184,52.538018,46846
13.421663,52.480394,13.386889,52.484905,46847
13.427852,52.54554,13.44078,52.517199,46853
13.508818,52.509161,13.500291,52.5027,46853
13.372922,52.549731,13.462883,52.545696,46858
13.293191,52.483999,13.294488,52.505096,46858
13.315746,52.421433,13.347708,52.478879,46860
13.27731,52.422609,13.245738,52.427997,46861
13.629125,52.452049,13.586526,52.440693,46861
13.411689,52.577027,13.428695,52.582368,46865
13.399233,52.465671,13.377886,52.468636,46866
13.321833,52.450951,13.345251,52.47408,46867
13.543848,52.440746,13.485697,52.460823,46867
13.395276,52.494531,13.405304,52.505152,46870
13.162646,52.521321,13.197766,52.550403,46872
13.290632,52.500168,13.262819,52.527546,46874
13.485692,52.405191,13.49644,52.415786,46878
13.506413,52.446585,13.500429,52.402955,46880
13.220231,52.431741,13.213346,52.437492,46883
13.344101,52.478362,13.405315,52.496749,46889
13.512748,52.412136,13.48757,52.419934,46889
13.324768,52.467859,13.302187,52.50795,46890
13.32939,52.516679,13.406312,52.576345,46890
13.317649,52.465503,13.272055,52.452989,46890
13.335792,52.435866,13.352729,52.44919,46897
13.497774,52.503199,13.513698,52.505441,46904
13.285407,52.512879,13.320765,52.464399,46910
13.319979,52.50893,13.315499,52.479754,46912
13.48749,52.429335,13.379721,52.495756,46917
13.578693,52.549312,13.406446,52.536315,46918
13.623856,52.453991,13.592407,52.4386,46918
13.338359,52.558252,13.302559,52.587203,46920
13.536906,52.544955,13.566193,52.560964,46921
13.267889,52.494842,13.263475,52.482631,46925
13.544939,52.514716,13.528767,52.523716,46925
13.263475,52.482631,13.304456,52.488576,46932
13.243989,52.513016,13.231309,52.509949,46933
13.15059,52.559463,13.159604,52.528882,46933
13.267889,52.494842,13.208645,52.539643,46936
13.360494,52.410501,13.387658,52.427476,46948
13.395869,52.582436,13.400655,52.592778,46950
13.366952,52.422083,13.283845,52.485063,46951
13.30493,52.591023,13.352643,52.543242,46951
13.467317,52.502727,13.479174,52.484353,46952
13.320497,52.48642,13.3066,52.482441,46958
13.314235,52.475373,13.366445,52.491659,46959
13.339688,52.489602,13.356572,52.498109,46960
13.17142,52.550945,13.197356,52.50611,46961
13.331386,52.416521,13.338143,52.43193,46973
13.498771,52.544573,13.527868,52.51989,46975
13.415899,52.507182,13.378929,52.514665,46976
13.279836,52.481862,13.289712,52.472273,46977
13.420275,52.620818,13.370509,52.564058,46981
13.583286,52.443441,13.319366,52.489453,46983
13.625581,52.457688,13.613032,52.500344,46989
13.424672,52.452353,13.444284,52.463691,46990
13.404259,52.521818,13.388486,52.519676,46994
13.462379,52.548704,13.54549,52.558936,46995
13.424141,52.539303,13.339886,52.588009,46997
13.569417,52.491422,13.608058,52.508105,47001
13.440189,52.455437,13.34834,52.437952,47002
13.271917,52.481857,13.367373,52.588377,47020
13.168064,52.550583,13.198623,52.555328,47022
13.56965,52.544633,13.574722,52.563592,47022
13.287109,52.417875,13.308959,52.412152,47027
13.30244,52.486117,13.312636,52.499252,47029
13.309204,52.46752,13.2962,52.483696,47031
13.187513,52.508133,13.310461,52.516253,47033
13.624167,52.446859,13.620063,52.491709,47039
13.396207,52.513213,13.426796,52.504831,47044
13.367215,52.500368,13.377033,52.520915,47053
13.606223,52.484852,13.578391,52.484625,47055
13.497744,52.464607,13.51417,52.456606,47055
13.347644,52.417074,13.371183,52.420101,47056
13.327151,52.405703,13.397876,52.429351,47056
13.484894,52.429099,13.295485,52.503449,47059
13.512954,52.576764,13.542434,52.568502,47060
13.464724,52.524409,13.500068,52.531183,47060
13.422372,52.499187,13.382367,52.504523,47072
13.500291,52.5027,13.511297,52.493842,47078
13.265405,52.503703,13.391439,52.447644,47085
13.270094,52.575864,13.169939,52.518571,47089
13.452488,52.472847,13.411231,52.496615,47091
13.313424,52.530132,13.280653,52.548447,47094
13.510473,52.419535,13.457111,52.44351,47096
13.352628,52.52933,13.410117,52.510586,47100
13.302497,52.471135,13.320314,52.478819,47101
13.356159,52.443058,13.388157,52.437294,47102
13.350503,52.45432,13.328329,52.464925,47104
13.298406,52.471647,13.30074,52.470417,47106
13.480008,52.445616,13.449486,52.47913,47120
13.463932,52.513005,13.466076,52.499956,47123
13.347512,52.467638,13.385753,52.470773,47128
13.349387,52.594695,13.297809,52.63166,47131
13.436284,52.636649,13.421526,52.588332,47131
13.21026,52.538323,13.288705,52.522881,47140
13.387005,52.459119,13.3947,52.455874,47140
13.47812,52.533221,13.444158,52.529453,47143
13.462124,52.531281,13.464621,52.546088,47143
13.324172,52.44555,13.297685,52.422639,47145
13.40132,52.444292,13.418944,52.383992,47159
13.346598,52.59709,13.380054,52.576834,47164
13.352238,52.480193,13.367258,52.504591,47170
13.408734,52.512022,13.386898,52.496409,47172
13.355427,52.473802,13.349615,52.487323,47185
13.451411,52.53534,13.435651,52.536099,47186
13.428824,52.484244,13.49237,52.516263,47188
13.39993,52.515883,13.370703,52.515884,47190
13.311395,52.596506,13.296233,52.624802,47193
13.327337,52.453477,13.341573,52.483792,47193
13.421077,52.481866,13.443054,52.482301,47196
13.59952,52.505003,13.621601,52.507084,47205
13.374184,52.586788,13.370553,52.592403,47205
13.442681,52.544605,13.431902,52.544988,47209
13.497068,52.62095,13.483698,52.619896,47210
13.476663,52.506942,13.465621,52.495594,47212
13.493009,52.568498,13.504524,52.563634,47216
13.542319,52.401176,13.53274,52.400366,47218
13.338517,52.543574,13.308117,52.556334,47220
13.314646,52.552271,13.380617,52.539369,47229
13.553803,52.51043,13.527359,52.516275,47231
13.19976,52.53541,13.174598,52.540201,47233
13.319424,52.459426,13.498043,52.457836,47237
13.444165,52.503605,13.439716,52.51395,47241
13.600856,52.527975,13.439072,52.533442,47254
13.4453,52.532359,13.439969,52.489232,47258
13.336896,52.480062,13.305941,52.476588,47261
13.413878,52.549258,13.423253,52.50686,47262
13.438118,52.460495,13.460098,52.431987,47266
13.39738,52.488898,13.419563,52.465024,47266
13.298264,52.524278,13.248535,52.44942,47267
13.149209,52.527501,13.172009,52.552566,47269
13.303411,52.505016,13.315662,52.523151,47275
13.32624,52.486455,13.3343,52.492538,47276
13.346673,52.492209,13.263277,52.453649,47285
13.489259,52.467393,13.469383,52.460488,47289
13.41241,52.446578,13.421482,52.487128,47293
13.404644,52.539859,13.358142,52.556615,47296
13.321518,52.499845,13.357613,52.50703,47309
13.41057,52.527476,13.393769,52.510645,47309
13.283917,52.529961,13.234259,52.540574,47312
13.359966,52.447292,13.340078,52.42736,47316
13.578398,52.509484,13.543096,52.542403,47318
13.337501,52.516013,13.409216,52.501753,47322
13.47272,52.481522,13.647454,52.340464,47323
13.288389,52.51308,13.327456,52.524358,47327
13.354439,52.455057,13.385753,52.470773,47328
13.503644,52.430946,13.476913,52.476634,47335
13.424703,52.415963,13.478794,52.433552,47336
13.419428,52.515202,13.467372,52.511453,47338
13.435631,52.491666,13.380402,52.499154,47344
13.43064,52.528835,13.439966,52.537332,47359
13.496241,52.541702,13.518296,52.535831,47361
13.414134,52.451734,13.444284,52.463691,47364
13.331825,52.52412,13.311061,52.518079,47372
13.306941,52.592134,13.386172,52.558474,47380
13.580536,52.452079,13.584272,52.429525,47383
13.312867,52.564801,13.305508,52.638199,47396
13.273807,52.469866,13.280258,52.45938,47412
13.125021,52.467269,13.124857,52.528867,47422
13.322901,52.444872,13.325587,52.455447,47424
13.582614,52.49645,13.650519,52.409708,47428
13.260772,52.49313,13.279457,52.50277,47433
13.473693,52.567356,13.497114,52.554803,47434
13.271159,52.498977,13.281097,52.482189,47441
13.47181,52.547688,13.409717,52.538568,47444
13.300325,52.450866,13.367404,52.526366,47452
13.598607,52.451027,13.56761,52.489037,47456
13.442844,52.465075,13.340965,52.485606,47457
13.389332,52.440506,13.219643,52.513656,47463
13.429379,52.48821,13.386889,52.484905,47472
13.40334,52.448133,13.386079,52.50643,47472
13.598648,52.534925,13.605192,52.529291,47473
13.604235,52.491719,13.585378,52.52129,47475
13.265663,52.502972,13.317246,52.504224,47477
13.388211,52.487137,13.448793,52.488045,47486
13.361815,52.525747,13.332864,52.520505,47490
13.302899,52.580747,13.306895,52.586122,47490
13.471038,52.615354,13.496993,52.609672,47493
13.34967,52.449702,13.353199,52.441492,47503
13.335697,52.518217,13.360738,52.523791,47508
13.523844,52.407851,13.49644,52.415786,47513
13.561411,52.423762,13.639154,52.392942,47519
13.402385,52.493988,13.4108,52.503873,47521
13.257134,52.453859,13.378652,52.415449,47527
13.356975,52.498751,13.348493,52.507422,47531
13.44807,52.536379,13.440437,52.53596,47532
13.451253,52.539935,13.49915,52.539697,47533
13.406344,52.59209,13.429518,52.576391,47535
13.558717,52.426162,13.55813,52.437026,47545
13.362934,52.522867,13.365725,52.562936,47550
13.43299,52.605935,13.474212,52.610515,47553
13.339021,52.437124,13.319992,52.456292,47554
13.324501,52.445753,13.309204,52.46752,47561
13.442665,52.486161,13.474461,52.479001,47563
13.277328,52.433915,13.247836,52.518808,47567
13.52837,52.436714,13.534775,52.425972,47571
13.427998,52.540074,13.433806,52.549557,47579
13.391455,52.494288,13.405849,52.489957,47580
13.433341,52.476496,13.454982,52.47305,47581
13.376304,52.466991,13.406746,52.494988,47584
13.325033,52.458069,13.199006,52.509365,47588
13.555133,52.417077,13.527202,52.410189,47591
13.268589,52.517626,13.293939,52.537006,47591
13.545591,52.440103,13.446178,52.424941,47595
13.281149,52.513851,13.540635,52.430416,47595
13.262819,52.527546,13.259225,52.541479,47597
13.373673,52.550621,13.354205,52.499169,47603
13.492975,52.636487,13.500154,52.646821,47606
13.54964,52.543639,13.440529,52.518514,47607
13.690141,52.435428,13.559129,52.569685,47608
13.342811,52.463072,13.319153,52.452338,47620
13.287432,52.503043,13.333073,52.489919,47625
13.27367,52.481416,13.365849,52.455816,47631
13.397948,52.538806,13.438553,52.528847,47631
13.484272,52.50327,13.502165,52.481654,47633
13.411161,52.505459,13.433883,52.640452,47638
13.555132,52.440427,13.584042,52.524696,47643
13.465621,52.495594,13.479134,52.459045,47643
13.328107,52.525924,13.649626,52.410188,47655
13.306026,52.469541,13.247906,52.548824,47659
13.325455,52.458397,13.322539,52.448975,47661
13.26525,52.516251,13.1866,52.535984,47663
13.142156,52.537356,13.1243,52.535316,47664
13.142156,52.537356,13.12694,52.517587,47664
13.287031,52.517525,13.326035,52.561778,47664
13.268857,52.590742,13.291016,52.581021,47665
13.53634,52.525802,13.553637,52.527418,47666
13.477479,52.551896,13.483271,52.576269,47666
13.624294,52.529776,13.640897,52.528037,47667
13.274824,52.495864,13.295104,52.485964,47668
13.5221,52.402454,13.49644,52.415786,47670
13.344916,52.446233,13.319992,52.456292,47672
13.272803,52.49931,13.391208,52.423516,47681
13.401271,52.529753,13.43064,52.528835,47684
13.575995,52.497886,13.546105,52.524021,47690
13.553806,52.420312,13.550813,52.438893,47691
13.291604,52.510708,13.352554,52.509676,47692
13.474533,52.445082,13.449254,52.452378,47693
13.266111,52.448334,13.272115,52.442329,47694
13.409713,52.378243,13.421904,52.38286,47705
13.409418,52.511304,13.363481,52.48152,47706
13.403771,52.551301,13.40306,52.533659,47710
13.41782,52.444662,13.382694,52.467106,47718
13.371638,52.504756,13.32183,52.50189,47722
13.4154,52.526924,13.356263,52.555477,47722
13.472032,52.611531,13.460999,52.593675,47725
13.303537,52.59777,13.32344,52.592651,47726
13.156971,52.533006,13.166414,52.52398,47728
13.353087,52.476211,13.340133,52.466949,47728
13.451415,52.560909,13.485308,52.562358,47730
13.360494,52.410501,13.371658,52.423592,47730
13.323951,52.525413,13.303411,52.505016,47734
13.392882,52.524981,13.428173,52.525009,47736
13.643671,52.378095,13.574372,52.413318,47738
13.431345,52.502943,13.424064,52.510517,47750
13.158641,52.419492,13.25071,52.437938,47751
13.343873,52.494533,13.351197,52.504344,47755
13.232365,52.437664,13.216779,52.423877,47757
13.336284,52.542395,13.334397,52.557434,47760
13.449229,52.554537,13.471933,52.570739,47761
13.543766,52.437961,13.553134,52.441747,47766
13.468249,52.427725,13.265908,52.497137,47768
13.346353,52.547709,13.308863,52.553144,47773
13.215632,52.509249,13.18183,52.526316,47778
13.386017,52.629258,13.384523,52.595044,47781
13.523705,52.565599,13.494455,52.581961,47781
13.268876,52.485134,13.262189,52.479876,47782
13.392644,52.429889,13.392495,52.413049,47784
13.289353,52.587186,13.28476,52.576478,47786
13.314447,52.472117,13.336616,52.610019,47795
13.411261,52.459884,13.389356,52.468358,47796
13.444284,52.463691,13.474533,52.445082,47802
13.455969,52.439228,13.469082,52.434212,47808
13.418554,52.389246,13.416039,52.438221,47809
13.379501,52.481217,13.326713,52.52318,47809
13.576608,52.545044,13.542446,52.502418,47812
13.362537,52.5362,13.342541,52.531998,47817
13.188989,52.419307,13.2097,52.426269,47825
13.460584,52.510198,13.479763,52.501889,47832
13.429857,52.518338,13.505698,52.506208,47837
13.390658,52.469052,13.386021,52.481653,47840
13.587759,52.521519,13.607439,52.529881,47842
13.529434,52.417359,13.632785,52.456735,47844
13.400282,52.539453,13.422063,52.520167,47845
13.396454,52.44018,13.348105,52.462985,47848
13.303796,52.617916,13.237667,52.584646,47853
13.454201,52.515858,13.463788,52.51662,47857
13.561686,52.504259,13.559994,52.482685,47869
13.449719,52.471443,13.450189,52.476785,47873
13.41991,52.414987,13.335015,52.478708,47876
13.332698,52.533996,13.337974,52.551408,47876
13.367377,52.566736,13.31715,52.576293,47881
13.383406,52.509949,13.342022,52.517876,47883
13.196601,52.535227,13.182053,52.536263,47887
13.155977,52.420488,13.138516,52.397759,47890
13.423295,52.482154,13.471961,52.458371,47898
13.564054,52.556822,13.548462,52.550781,47902
13.509669,52.472544,13.491397,52.491434,47907
13.431902,52.544988,13.455719,52.549272,47913
13.347131,52.548104,13.348701,52.593013,47920
13.601343,52.535688,13.539049,52.558597,47921
13.304416,52.503656,13.293774,52.505337,47925
13.320529,52.55031,13.319481,52.471639,47933
13.2962,52.483696,13.31997,52.505182,47937
13.282107,52.416185,13.259286,52.430828,47941
13.256084,52.442824,13.272439,52.437239,47958
13.389714,52.443755,13.377791,52.44252,47960
13.388839,52.456168,13.385753,52.470773,47961
13.320314,52.478819,13.252528,52.428402,47962
13.334062,52.413157,13.335724,52.412212,47962
13.368274,52.550064,13.376705,52.564588,47962
13.395609,52.429737,13.381362,52.427379,47963
13.284055,52.513972,13.281134,52.466255,47964
13.34383,52.48782,13.338494,52.494396,47971
13.349376,52.481439,13.342445,52.458807,47973
13.304149,52.60099,13.320186,52.607112,47975
13.297685,52.422639,13.339181,52.500032,47978
13.502667,52.555479,13.51355,52.561514,47980
13.332621,52.516346,13.36288,52.52445,47985
13.576114,52.531668,13.569863,52.475832,47987
13.364168,52.527032,13.342896,52.563395,47998
13.580951,52.564965,13.602685,52.538528,47998
13.408136,52.5343,13.403918,52.551309,47999
13.23197,52.545136,13.20733,52.528764,48000
13.248535,52.44942,13.281206,52.472257,48006
13.401764,52.587319,13.482191,52.583175,48010
13.377201,52.535248,13.453652,52.519315,48011
13.390988,52.503766,13.382231,52.489858,48016
13.55409,52.564,13.574898,52.558206,48031
13.342486,52.506034,13.359902,52.612549,48032
13.176419,52.472718,13.11686,52.450675,48033
13.568404,52.571693,13.556934,52.56061,48034
13.37775,52.604011,13.366252,52.532445,48036
13.272999,52.543758,13.323242,52.464578,48038
13.484825,52.468995,13.464053,52.471896,48040
13.375932,52.498433,13.38662,52.505363,48041
13.198623,52.555328,13.168064,52.550583,48042
13.413791,52.497924,13.432338,52.530297,48045
13.464621,52.546088,13.462124,52.531281,48048
13.329357,52.575572,13.288193,52.438911,48050
13.466076,52.499956,13.463932,52.513005,48056
13.314435,52.602907,13.302258,52.486452,48057
13.529747,52.415782,13.542779,52.450125,48062
13.590785,52.529423,13.610181,52.504921,48063
13.518837,52.487023,13.489259,52.467393,48064
13.283245,52.517522,13.241437,52.473194,48064
13.346366,52.522131,13.33177,52.532524,48066
13.421141,52.480203,13.408068,52.489346,48071
13.355,52.490074,13.366306,52.495273,48071
13.196601,52.535227,13.210361,52.523772,48073
13.423903,52.502341,13.382367,52.504523,48081
13.358068,52.569504,13.320248,52.565986,48092
13.471038,52.615354,13.503233,52.619425,48093
13.439793,52.475285,13.454849,52.539028,48094
13.293637,52.477119,13.288916,52.511457,48098
13.345507,52.419758,13.424383,52.444771,48100
13.509739,52.574217,13.568404,52.571693,48113
13.399477,52.433934,13.403315,52.426087,48115
13.335045,52.465119,13.33535,52.460128,48118
13.308484,52.495334,13.294728,52.491729,48118
13.301249,52.488171,13.320296,52.476761,48122
13.405526,52.509814,13.408068,52.489346,48126
13.273808,52.514694,13.358737,52.526277,48126
13.673383,52.431694,13.592881,52.426461,48127
13.363485,52.48356,13.301358,52.445992,48128
13.362534,52.57417,13.379017,52.568228,48129
13.428173,52.525009,13.368449,52.510671,48129
13.345671,52.416,13.33021,52.434105,48131
13.362001,52.456031,13.332675,52.464589,48138
13.314723,52.525777,13.299957,52.511246,48138
13.314827,52.499668,13.339024,52.495855,48141
13.406751,52.535709,13.400877,52.548406,48142
13.270014,52.479164,13.300596,52.488007,48143
13.482109,52.477504,13.481829,52.473139,48146
13.315557,52.577803,13.346098,52.51916,48153
13.432847,52.557226,13.367601,52.541695,48154
13.259286,52.430828,13.247736,52.417542,48156
13.314143,52.507809,13.339078,52.471445,48157
13.421539,52.539505,13.424484,52.521675,48162
13.613032,52.500344,13.557246,52.53528,48164
13.280021,52.572818,13.31794,52.563801,48167
13.296425,52.501857,13.306338,52.46766,48170
13.56748,52.439015,13.570679,52.398312,48171
13.366087,52.57457,13.430963,52.568671,48175
13.322595,52.487646,13.284612,52.473991,48176
13.621601,52.507084,13.625843,52.507475,48176
13.425313,52.552706,13.429316,52.525732,48177
13.359934,52.506347,13.326028,52.479888,48179
13.286257,52.510209,13.303422,52.509869,48179
13.395609,52.429737,13.34843,52.405264,48179
13.344948,52.486837,13.361446,52.48379,48180
13.123813,52.527799,13.153107,52.522214,48182
13.420663,52.4754,13.413091,52.455458,48189
13.566166,52.566824,13.537883,52.526959,48190
13.382329,52.485004,13.397667,52.495177,48191
13.602206,52.535901,13.606462,52.537821,48192
13.409851,52.416662,13.469028,52.43699,48196
13.552542,52.549847,13.559626,52.519691,48206
13.301724,52.447426,13.307514,52.433342,48215
13.449048,52.508327,13.422222,52.535551,48216
13.329279,52.591022,13.317516,52.605209,48216
13.362772,52.56661,13.201291,52.547743,48220
13.511274,52.432197,13.574489,52.546789,48222
13.443054,52.482301,13.514964,52.482722,48224
13.319992,52.456292,13.280247,52.446852,48226
13.406558,52.498316,13.401469,52.485093,48228
13.458489,52.562098,13.358132,52.593993,48244
13.500373,52.627334,13.580102,52.554066,48246
13.450189,52.476785,13.475711,52.444681,48246
13.335151,52.525449,13.389333,52.513851,48251
13.36615,52.522498,13.362791,52.499682,48255
13.333628,52.445022,13.355533,52.452843,48271
13.342353,52.459644,13.228243,52.507779,48280
13.485263,52.533958,13.451852,52.54736,48286
13.215821,52.564598,13.17327,52.552329,48291
13.298062,52.473449,13.335229,52.457577,48294
13.533153,52.517656,13.507541,52.510579,48295
13.455233,52.510093,13.462741,52.488233,48299
13.56098,52.409927,13.52633,52.415161,48301
13.271766,52.550565,13.37501,52.569344,48311
13.328276,52.478775,13.38619,52.443949,48313
13.405119,52.431009,13.393147,52.395956,48315
13.353374,52.583748,13.339039,52.56316,48315
13.474663,52.511012,13.470179,52.523164,48318
13.423168,52.593462,13.384523,52.595044,48325
13.452081,52.45246,13.440244,52.42016,48327
13.363716,52.535242,13.362083,52.552013,48329
13.411899,52.542721,13.484996,52.533485,48330
13.441286,52.543436,13.405848,52.530507,48345
13.328843,52.454135,13.326335,52.447539,48348
13.512864,52.462698,13.519349,52.484805,48349
13.449254,52.452378,13.416351,52.45159,48349
13.296435,52.517701,13.278375,52.508623,48354
13.373106,52.47296,13.430633,52.48602,48355
13.713687,52.432069,13.755065,52.438364,48359
13.329861,52.459605,13.445837,52.472435,48364
13.506329,52.458782,13.504879,52.465856,48365
13.284854,52.469683,13.283344,52.458771,48371
13.395381,52.386682,13.404447,52.377515,48372
13.196601,52.535227,13.179633,52.516929,48373
13.196601,52.535227,13.165536,52.521418,48373
13.54014,52.410749,13.530764,52.400598,48373
13.401668,52.506157,13.396358,52.49104,48375
13.299708,52.495341,13.301712,52.509816,48375
13.328636,52.527329,13.228771,52.52564,48377
13.374621,52.574813,13.360706,52.570875,48380
13.579431,52.5637,13.537344,52.554539,48385
13.574217,52.486046,13.557771,52.501408,48395
13.280737,52.457658,13.268515,52.451122,48398
13.466916,52.553016,13.460045,52.556992,48403
13.252286,52.406413,13.250718,52.416953,48411
13.509941,52.403086,13.524044,52.428555,48414
13.37788,52.474549,13.313821,52.476312,48425
13.243721,52.578579,13.210181,52.601844,48427
13.310121,52.493447,13.307724,52.468732,48434
13.319924,52.455969,13.418077,52.480114,48435
13.484324,52.512679,13.455828,52.522272,48437
13.614832,52.50484,13.61448,52.530189,48450
13.468177,52.427789,13.454587,52.432091,48454
13.422051,52.486959,13.429595,52.522548,48456
13.29802,52.469027,13.29365,52.486079,48466
13.315639,52.488371,13.341804,52.494287,48472
13.25827,52.508102,13.267257,52.520471,48473
13.303411,52.505016,13.294043,52.515517,48475
13.346321,52.602009,13.322368,52.581555,48478
13.31239,52.488542,13.320167,52.483737,48479
13.526684,52.445382,13.537045,52.485655,48480
13.559163,52.430479,13.511833,52.491417,48482
13.402703,52.601921,13.410958,52.561174,48493
13.284439,52.486755,13.302142,52.501965,48498
13.388486,52.519676,13.41585,52.531745,48499
13.630872,52.51003,13.6156,52.474793,48500
13.31733,52.513911,13.336106,52.514222,48514
13.366835,52.449657,13.387077,52.430054,48514
13.221776,52.526297,13.181419,52.507169,48522
13.294415,52.491589,13.284195,52.482938,48523
13.299359,52.44055,13.301331,52.411661,48525
13.391523,52.484347,13.30821,52.487581,48526
13.285621,52.482868,13.290032,52.489219,48528
13.424414,52.48809,13.414138,52.494064,48530
13.380235,52.532831,13.404962,52.539199,48533
13.374866,52.485037,13.327427,52.502879,48536
13.347619,52.495227,13.329266,52.499407,48539
13.3343,52.492538,13.343717,52.5015,48539
13.241954,52.508238,13.275245,52.475306,48545
13.447692,52.523981,13.450748,52.50809,48547
13.435651,52.536099,13.433382,52.547882,48547
13.377886,52.468636,13.385156,52.455995,48548
13.485858,52.4966,13.588109,52.445453,48550
13.347296,52.578497,13.364251,52.549661,48551
13.601603,52.443995,13.587743,52.418504,48552
13.65115,52.375061,13.718199,52.428992,48555
13.471334,52.532587,13.464391,52.514824,48558
13.517663,52.47131,13.526801,52.486596,48569
13.363836,52.439725,13.381362,52.427379,48571
13.308959,52.412152,13.331105,52.423795,48574
13.390515,52.518151,13.389415,52.508521,48575
13.342589,52.502663,13.352238,52.480193,48583
13.459125,52.550155,13.421692,52.539674,48586
13.548462,52.550781,13.547889,52.565492,48601
13.310916,52.473145,13.28382,52.47967,48606
13.299218,52.515163,13.316932,52.557728,48607
13.625843,52.507475,13.59682,52.507295,48623
13.387319,52.552763,13.445315,52.553884,48628
13.406751,52.535709,13.391247,52.53618,48641
13.271159,52.498977,13.284439,52.486755,48641
13.309527,52.513567,13.420391,52.517671,48648
13.58414,52.549518,13.548136,52.56539,48651
13.289519,52.509419,13.329266,52.499407,48653
13.273057,52.513183,13.326667,52.530955,48660
13.384564,52.422129,13.35314,52.439102,48665
13.501069,52.480176,13.513897,52.461948,48666
13.352356,52.448053,13.270289,52.516277,48667
13.442666,52.464133,13.404932,52.444546,48668
13.246085,52.537628,13.239479,52.471588,48669
13.465838,52.524234,13.55446,52.487737,48672
13.450486,52.517997,13.327784,52.522063,48674
13.33064,52.499554,13.481689,52.546864,48678
13.228771,52.52564,13.324414,52.456566,48680
13.440705,52.487452,13.450155,52.468607,48685
13.24976,52.531046,13.269697,52.490149,48686
13.31967,52.463207,13.303481,52.426736,48687
13.343806,52.53627,13.302214,52.538731,48690
13.510446,52.569032,13.483366,52.577337,48692
13.359549,52.585439,13.395283,52.591844,48697
13.203186,52.519496,13.23271,52.527891,48699
13.321388,52.462594,13.354819,52.45881,48705
13.400509,52.509999,13.437291,52.554709,48707
13.531126,52.448362,13.599901,52.443317,48722
13.488364,52.451353,13.478619,52.458611,48732
13.354888,52.575921,13.341386,52.575293,48734
13.424064,52.510517,13.420677,52.503243,48740
13.586526,52.440693,13.629125,52.452049,48741
13.527359,52.516275,13.553803,52.51043,48743
13.14898,52.452713,13.126462,52.451662,48747
13.4464,52.509321,13.399111,52.508191,48756
13.421495,52.540898,13.38219,52.531262,48757
13.44834,52.497551,13.390444,52.490741,48761
13.595571,52.507797,13.579121,52.513195,48762
13.209443,52.419549,13.179649,52.421827,48781
13.296331,52.515653,13.299113,52.504623,48783
13.208336,52.561655,13.207472,52.538765,48787
13.385842,52.46706,13.369227,52.436193,48789
13.306735,52.437845,13.418303,52.462451,48789
13.315044,52.500995,13.351141,52.490523,48789
13.369247,52.429722,13.331616,52.429541,48790
13.419191,52.49643,13.459277,52.434289,48791
13.365952,52.554566,13.333923,52.556396,48795
13.452722,52.565647,13.490331,52.516522,48795
13.481829,52.473139,13.483996,52.495086,48797
13.172009,52.552566,13.340018,52.464613,48802
13.281224,52.504296,13.281186,52.51359,48805
13.592931,52.548402,13.595275,52.510192,48813
13.36412,52.475554,13.353008,52.484651,48816
13.244739,52.62123,13.356004,52.593909,48820
13.36891,52.583255,13.406312,52.576345,48825
13.428222,52.479767,13.394422,52.510826,48828
13.427948,52.464033,13.442152,52.456527,48829
13.278255,52.534921,13.323139,52.491549,48830
13.289712,52.472273,13.279836,52.481862,48831
13.358759,52.484989,13.273542,52.499895,48832
13.198623,52.555328,13.196601,52.535227,48833
13.305604,52.517394,13.300263,52.569964,48837
13.373485,52.556878,13.36664,52.568165,48839
13.499762,52.541217,13.555635,52.533926,48848
13.315406,52.448039,13.319992,52.456292,48855
13.329777,52.408972,13.310587,52.41652,48863
13.328373,52.471278,13.298321,52.470759,48867
13.330268,52.445302,13.320346,52.48138,48870
13.457859,52.499519,13.479763,52.501889,48873
13.455719,52.549272,13.435651,52.536099,48877
13.366306,52.495273,13.448881,52.52429,48880
13.400273,52.505346,13.376772,52.490901,48882
13.38101,52.511037,13.387377,52.526106,48885
13.428695,52.582368,13.376982,52.577652,48890
13.53352,52.452052,13.577108,52.455765,48893
13.33535,52.460128,13.315152,52.489832,48897
13.567119,52.532345,13.611742,52.512971,48900
13.370671,52.548436,13.376718,52.565936,48903
13.518881,52.513939,13.524234,52.500461,48910
13.342353,52.459644,13.385867,52.476271,48916
13.413082,52.550633,13.395295,52.552273,48916
13.482351,52.405448,13.530434,52.43222,48922
13.142834,52.539623,13.175059,52.540925,48925
13.458211,52.472795,13.51078,52.464154,48934
13.445606,52.444747,13.443985,52.445998,48939
13.423102,52.542281,13.40434,52.533131,48940
13.344756,52.522482,13.273356,52.513836,48940
13.516082,52.569508,13.529544,52.583337,48956
13.417821,52.514709,13.481191,52.538665,48960
13.408951,52.39398,13.414975,52.384813,48962
13.27753,52.551573,13.445504,52.451076,48963
13.337289,52.469264,13.337922,52.473624,48963
13.346489,52.448138,13.29287,52.467529,48964
13.380449,52.499261,13.406678,52.505756,48966
13.384717,52.550672,13.357769,52.583221,48967
13.365263,52.558025,13.404372,52.513809,48969
13.384509,52.51176,13.344857,52.510357,48976
13.333424,52.429988,13.290754,52.438487,48981
13.581894,52.494024,13.595707,52.511148,48982
13.234367,52.53341,13.518968,52.43315,48989
13.342021,52.501915,13.343859,52.501795,48997
13.159604,52.528882,13.155642,52.553069,49009
13.564516,52.448347,13.553547,52.446371,49010
13.324276,52.479889,13.346287,52.449686,49020
13.460999,52.593675,13.458202,52.598769,49023
13.548573,52.496999,13.588054,52.507647,49026
13.343225,52.581886,13.336282,52.595661,49031
13.333977,52.515414,13.328495,52.449914,49034
13.268924,52.442337,13.358495,52.43629,49035
13.525676,52.55567,13.501482,52.559637,49037
13.303195,52.490764,13.282888,52.501232,49042
13.291148,52.513239,13.2949,52.539638,49044
13.221664,52.511119,13.182832,52.525228,49051
13.302559,52.587203,13.31461,52.547608,49054
13.558323,52.554031,13.52462,52.513757,49057
13.210072,52.565223,13.228796,52.545501,49060
13.341573,52.483792,13.349499,52.448418,49060
13.416465,52.497299,13.432862,52.4948,49064
13.28309,52.453076,13.287891,52.46735,49067
13.375191,52.462897,13.385156,52.455995,49067
13.512696,52.532416,13.542216,52.520674,49074
13.46768,52.521569,13.485979,52.496697,49089
13.351947,52.506232,13.339181,52.500032,49093
13.382553,52.415179,13.397914,52.418,49099
13.511747,52.5254,13.522718,52.506898,49104
13.493092,52.611303,13.490378,52.638317,49105
13.499581,52.562268,13.476976,52.563226,49109
13.292771,52.506795,13.370783,52.526991,49111
13.242228,52.4302,13.25469,52.450164,49112
13.457111,52.44351,13.488145,52.426101,49112
13.342276,52.46049,13.36412,52.475554,49119
13.280653,52.548447,13.272619,52.539304,49126
13.350132,52.596367,13.405707,52.615042,49128
13.502927,52.403813,13.473076,52.437569,49131
13.304456,52.488576,13.282888,52.501232,49140
13.481047,52.55319,13.419428,52.515202,49143
13.328835,52.485123,13.330732,52.483591,49152
13.360193,52.478978,13.307003,52.468731,49156
13.467399,52.533921,13.452627,52.561433,49159
13.322334,52.485303,13.354569,52.429127,49166
13.586737,52.505031,13.567336,52.497893,49170
13.330828,52.576895,13.281034,52.489649,49170
13.330546,52.527136,13.402127,52.590828,49173
13.60585,52.541649,13.611753,52.514076,49173
13.443652,52.514935,13.390693,52.517269,49174
13.452768,52.418821,13.49644,52.415786,49180
13.560368,52.522333,13.530087,52.517623,49182
13.471943,52.537594,13.469114,52.543354,49185
13.310184,52.493572,13.342977,52.475769,49186
13.441819,52.420213,13.370664,52.534048,49187
13.344317,52.50427,13.479548,52.520468,49195
13.453702,52.485568,13.386659,52.500986,49196
13.449204,52.48219,13.422823,52.525883,49198
13.47715,52.481062,13.306657,52.469471,49199
13.461906,52.488792,13.48159,52.473025,49200
13.306413,52.483081,13.342301,52.477259,49201
13.485977,52.564255,13.55872,52.570212,49206
13.405304,52.505152,13.509412,52.536789,49207
13.439716,52.51395,13.453282,52.539757,49208
13.303297,52.475287,13.241027,52.504599,49215
13.332314,52.515936,13.457976,52.593308,49216
13.549656,52.456605,13.553181,52.469383,49218
13.444685,52.579136,13.447469,52.548555,49220
13.58257,52.486609,13.597263,52.476471,49221
13.615564,52.534021,13.496187,52.586037,49224
13.292386,52.553901,13.311481,52.567279,49226
13.574372,52.413318,13.644703,52.378197,49227
13.215115,52.553488,13.19976,52.53541,49229
13.422139,52.457758,13.414702,52.42357,49230
13.355582,52.444871,13.320245,52.497639,49234
13.487858,52.537494,13.450503,52.529258,49237
13.339381,52.579198,13.311814,52.596178,49237
13.433561,52.607581,13.462474,52.612242,49238
13.355996,52.470776,13.506206,52.431911,49239
13.182832,52.525228,13.359435,52.550759,49241
13.286092,52.474802,13.328835,52.485123,49243
13.305941,52.476588,13.336896,52.480062,49246
13.209525,52.571601,13.23225,52.539345,49249
13.231633,52.616217,13.228633,52.509088,49250
13.482853,52.526736,13.472321,52.509675,49256
13.417228,52.549829,13.382392,52.537677,49260
13.470179,52.523164,13.473371,52.513769,49265
13.445848,52.472345,13.413678,52.511406,49268
13.338112,52.528354,13.286464,52.51426,49272
13.358737,52.526277,13.371536,52.504802,49274
13.326335,52.447539,13.410117,52.510586,49278
13.260967,52.521545,13.261369,52.483624,49278
13.300596,52.488007,13.282958,52.469273,49279
13.608525,52.473694,13.583103,52.47277,49283
13.403771,52.551301,13.43803,52.566474,49285
13.587674,52.524486,13.604251,52.522069,49286
13.267308,52.539631,13.319473,52.528384,49293
13.272055,52.452989,13.317649,52.465503,49296
13.339039,52.56316,13.370509,52.564058,49304
13.306619,52.475152,13.372206,52.572126,49311
13.337971,52.581362,13.365445,52.528743,49312
13.389249,52.547123,13.410705,52.552369,49315
13.386898,52.496409,13.36615,52.522498,49329
13.410376,52.550836,13.426248,52.523828,49330
13.605192,52.529291,13.600607,52.531654,49332
13.359225,52.536804,13.423283,52.520062,49336
13.345153,52.581253,13.369995,52.570283,49336
13.376585,52.509417,13.361668,52.503829,49337
13.584927,52.516119,13.554759,52.543311,49337
13.362934,52.522867,13.370751,52.505135,49341
13.587759,52.521519,13.606516,52.527997,49342
13.435651,52.536099,13.473384,52.522963,49352
13.221276,52.526329,13.31603,52.500993,49357
13.328835,52.485123,13.36412,52.475554,49362
13.513897,52.461948,13.504879,52.465856,49364
13.369273,52.559417,13.397144,52.554804,49365
13.479655,52.44695,13.341845,52.432301,49368
13.306387,52.481733,13.320097,52.477959,49368
13.282888,52.501232,13.276238,52.486736,49369
13.412809,52.507723,13.436081,52.509536,49371
13.389742,52.434372,13.474667,52.44118,49372
13.354915,52.449003,13.345677,52.464909,49373
13.204535,52.545634,13.217291,52.53782,49377
13.543096,52.542403,13.540113,52.532583,49395
13.231832,52.507059,13.250312,52.51108,49396
13.556732,52.557009,13.550163,52.542985,49397
13.161806,52.523549,13.133191,52.526334,49398
13.463516,52.433967,13.414702,52.42357,49407
13.393603,52.511455,13.411231,52.496615,49416
13.482284,52.424503,13.457398,52.422808,49418
13.394039,52.532202,13.397045,52.508988,49426
13.463788,52.51662,13.470531,52.520464,49433
13.560738,52.571399,13.568768,52.538093,49440
13.346098,52.51916,13.329739,52.523847,49445
13.432095,52.471218,13.412803,52.464377,49446
13.468249,52.601296,13.456298,52.610773,49449
13.342655,52.48502,13.432054,52.464523,49449
13.39775,52.501512,13.39978,52.494019,49468
13.593653,52.445828,13.548128,52.473845,49474
13.340289,52.475485,13.430679,52.475198,49475
13.23425,52.420946,13.314995,52.453975,49481
13.483076,52.578356,13.445947,52.575796,49485
13.351099,52.451671,13.374705,52.427475,49487
13.345928,52.508296,13.380449,52.499261,49493
13.458202,52.598769,13.447952,52.6111,49497
13.387492,52.439512,13.371024,52.432991,49498
13.387128,52.559784,13.352124,52.55033,49505
13.411241,52.537372,13.478616,52.528685,49508
13.444158,52.529453,13.477449,52.530803,49513
13.331441,52.522147,13.306638,52.51749,49514
13.386898,52.496409,13.381195,52.485008,49514
13.373862,52.584042,13.351824,52.530975,49518
13.350958,52.524398,13.316053,52.50768,49518
13.232067,52.426999,13.233631,52.438765,49520
13.524234,52.500461,13.535543,52.511423,49525
13.265405,52.503703,13.300596,52.488007,49530
13.273709,52.435895,13.270019,52.443574,49535
13.5803,52.432741,13.375191,52.462897,49537
13.48757,52.419934,13.475246,52.480034,49540
13.491397,52.491434,13.512864,52.462698,49544
13.617933,52.48942,13.579743,52.567453,49550
13.284742,52.460284,13.312305,52.483231,49554
13.607606,52.542919,13.556147,52.543392,49555
13.398032,52.53495,13.367465,52.551556,49558
13.467362,52.520881,13.499842,52.511153,49559
13.308487,52.482033,13.381685,52.439571,49559
13.342353,52.459644,13.308501,52.461686,49559
13.356975,52.498751,13.342022,52.517876,49561
13.391576,52.410453,13.386565,52.421234,49567
13.296518,52.47698,13.28938,52.48405,49570
13.339377,52.459489,13.342028,52.490537,49570
13.418144,52.5348,13.387377,52.526106,49574
13.381362,52.427379,13.380564,52.436169,49574
13.318715,52.498186,13.31754,52.493868,49576
13.394436,52.426111,13.466147,52.429063,49583
13.283495,52.44422,13.281454,52.448385,49583
13.524611,52.406241,13.604335,52.445126,49587
13.413252,52.441661,13.597766,52.453385,49591
13.38665,52.511924,13.398476,52.492839,49593
13.271535,52.517091,13.280476,52.503388,49594
13.47013,52.439187,13.395519,52.498941,49594
13.604592,52.538682,13.512986,52.57041,49596
13.511239,52.418267,13.510551,52.404606,49602
13.350046,52.506191,13.39155,52.512226,49607
13.469825,52.483454,13.461066,52.492316,49614
13.399184,52.54431,13.442311,52.535137,49617
13.485697,52.460823,13.55282,52.437402,49634
13.422908,52.522152,13.368656,52.510713,49642
13.40801,52.452508,13.154508,52.532904,49648
13.373063,52.503724,13.376584,52.485385,49649
13.371183,52.420101,13.358605,52.434123,49650
13.207381,52.566608,13.23225,52.539345,49660
13.338284,52.547567,13.366799,52.542927,49662
13.459054,52.499162,13.460506,52.500295,49667
13.322539,52.448975,13.267889,52.494842,49668
13.332949,52.426929,13.433593,52.445298,49669
13.484529,52.43836,13.47474,52.412527,49670
13.363515,52.486453,13.267889,52.494842,49670
13.600607,52.531654,13.58728,52.511118,49673
13.306504,52.461816,13.300596,52.488007,49685
13.559104,52.522439,13.561881,52.515159,49685
13.300997,52.587256,13.286695,52.518616,49685
13.321975,52.502787,13.282069,52.47259,49694
13.351197,52.504344,13.330859,52.489279,49695
13.384523,52.595044,13.386017,52.629258,49695
13.527868,52.51989,13.498771,52.544573,49699
13.318852,52.468824,13.334962,52.455575,49701
13.479527,52.513288,13.457912,52.504686,49706
13.560157,52.48439,13.291466,52.473368,49708
13.270264,52.51439,13.29304,52.507942,49716
13.376584,52.485385,13.413403,52.548688,49717
13.51355,52.561514,13.519775,52.555584,49722
13.528001,52.525433,13.466831,52.495211,49722
13.380289,52.449968,13.383007,52.512254,49727
13.371487,52.445532,13.321656,52.479892,49731
13.497114,52.554803,13.473693,52.567356,49735
13.386079,52.50643,13.404472,52.442116,49736
13.456776,52.502399,13.477946,52.492511,49742
13.285572,52.471608,13.285334,52.51288,49745
13.440954,52.524306,13.450978,52.515511,49748
13.297809,52.63166,13.349387,52.594695,49751
13.350394,52.614922,13.363534,52.606836,49752
13.308117,52.556334,13.261377,52.495217,49759
13.154191,52.417414,13.09189,52.413468,49760
13.357613,52.50703,13.321518,52.499845,49762
13.485123,52.515851,13.498384,52.553547,49764
13.326764,52.459838,13.322936,52.462208,49767
13.269877,52.490246,13.300751,52.503203,49770
13.373862,52.584042,13.360706,52.570875,49773
13.443657,52.529899,13.447264,52.562928,49780
13.390968,52.544613,13.389603,52.51215,49784
13.336282,52.595661,13.333206,52.613418,49786
13.579432,52.500923,13.569881,52.494103,49790
13.28334,52.589983,13.301996,52.607502,49792
13.28334,52.589983,13.275766,52.597461,49792
13.353938,52.524013,13.455673,52.52205,49793
13.154508,52.532904,13.200654,52.52335,49808
13.181742,52.474192,13.204678,52.521269,49809
13.32183,52.50189,13.362791,52.499682,49810
13.343717,52.5015,13.355108,52.505064,49811
13.306338,52.46766,13.328373,52.471278,49812
13.424484,52.521675,13.421539,52.539505,49814
13.455673,52.52205,13.473213,52.566679,49822
13.482841,52.526377,13.46692,52.548711,49824
13.385156,52.455995,13.377223,52.462945,49829
13.313145,52.500549,13.325268,52.502589,49833
13.366445,52.491659,13.314235,52.475373,49833
13.376896,52.501945,13.388438,52.496202,49837
13.498429,52.625336,13.504065,52.646259,49838
13.316384,52.440371,13.305213,52.502713,49843
13.403715,52.503373,13.37003,52.492849,49848
13.27367,52.481416,13.290288,52.457734,49849
13.411231,52.496615,13.475711,52.444681,49868
13.531273,52.405112,13.535849,52.40907,49870
13.566913,52.572072,13.549872,52.568189,49870
13.419731,52.454695,13.317719,52.491475,49871
13.313059,52.452675,13.331163,52.459366,49873
13.588135,52.504986,13.570848,52.493964,49876
13.287432,52.503043,13.318758,52.520285,49882
13.311919,52.57157,13.342205,52.582788,49890
13.323068,52.50584,13.293898,52.494542,49890
13.331419,52.457134,13.317725,52.461152,49893
13.414138,52.494064,13.424414,52.48809,49898
13.553637,52.527418,13.555412,52.513428,49900
13.358769,52.48578,13.320497,52.48642,49909
13.403637,52.52311,13.417278,52.536734,49912
13.376772,52.490901,13.400273,52.505346,49914
13.482209,52.445894,13.488364,52.451353,49921
13.444767,52.462696,13.440776,52.460804,49922
13.453572,52.523127,13.470005,52.530761,49927
13.225391,52.435957,13.198357,52.485511,49928
13.395283,52.591844,13.361236,52.589877,49937
13.494514,52.518662,13.525672,52.494358,49942
13.432934,52.488877,13.554485,52.455885,49944
13.298923,52.473197,13.2792,52.485311,49946
13.446842,52.460011,13.539636,52.448152,49947
13.391445,52.43197,13.370804,52.433003,49948
13.31053,52.516081,13.30195,52.525837,49960
13.425836,52.503387,13.422558,52.50038,49962
13.27908,52.431434,13.30091,52.423799,49964
13.400951,52.425234,13.464726,52.435003,49967
13.284612,52.473991,13.305246,52.483956,49969
13.288916,52.511457,13.293637,52.477119,49974
13.454686,52.434642,13.470641,52.429349,49978
13.556934,52.56061,13.568404,52.571693,49979
13.194803,52.513505,13.200134,52.546964,49983
13.352554,52.509676,13.364611,52.499472,49985
13.555097,52.49535,13.572782,52.460694,49987
13.288705,52.522881,13.187513,52.508133,49988
13.291016,52.581021,13.283953,52.578626,49989
13.259225,52.541479,13.341343,52.529908,49999
13.302808,52.51551,13.279008,52.518233,50009
13.380292,52.583015,13.373485,52.556878,50015
13.390348,52.382175,13.581316,52.403626,50015
13.494918,52.540532,13.539049,52.558597,50019
13.331415,52.503751,13.312055,52.498063,50020
13.565054,52.569993,13.562471,52.447916,50032
13.290032,52.489219,13.296668,52.513592,50033
13.400328,52.522358,13.412809,52.507723,50036
13.403854,52.508198,13.408726,52.521908,50037
13.124857,52.528867,13.188907,52.521581,50046
13.298712,52.507979,13.320559,52.454569,50048
13.366799,52.542927,13.346028,52.554911,50051
13.382367,52.504523,13.413333,52.508435,50055
13.456491,52.536967,13.37859,52.544758,50055
13.579121,52.513195,13.700741,52.466265,50055
13.350123,52.434211,13.313671,52.484115,50059
13.263187,52.488008,13.291189,52.539741,50061
13.636079,52.394001,13.643671,52.378095,50065
13.285572,52.471608,13.481556,52.438712,50066
13.432377,52.450454,13.33145,52.443536,50067
13.280653,52.548447,13.355973,52.429345,50070
13.412555,52.53608,13.381375,52.500599,50079
13.19976,52.53541,13.194877,52.527632,50083
13.432624,52.502415,13.452762,52.512433,50086
13.474212,52.610515,13.379313,52.592229,50092
13.585091,52.395001,13.518945,52.44318,50094
13.23425,52.420946,13.477633,52.402784,50109
13.271052,52.575853,13.287028,52.580875,50112
13.437453,52.618696,13.499911,52.614713,50119
13.549405,52.539049,13.557624,52.513912,50125
13.254769,52.442605,13.287042,52.432722,50125
13.425124,52.540989,13.415553,52.544025,50132
13.296649,52.501459,13.200515,52.518265,50142
13.40801,52.452508,13.334273,52.490669,50143
13.419904,52.49617,13.449574,52.505525,50147
13.266924,52.444389,13.273709,52.435895,50149
13.489259,52.467393,13.469587,52.452019,50151
13.518296,52.535831,13.494984,52.542041,50155
13.478494,52.511926,13.570727,52.557039,50158
13.355302,52.526685,13.361074,52.54178,50160
13.342276,52.46049,13.295533,52.469504,50165
13.391247,52.53618,13.398165,52.571122,50167
13.49539,52.610285,13.504536,52.629007,50168
13.383237,52.594511,13.417351,52.549962,50170
13.302258,52.486452,13.328623,52.522026,50170
13.52633,52.415161,13.493342,52.426727,50174
13.429598,52.485412,13.384047,52.495175,50174
13.430185,52.414585,13.417361,52.394652,50178
13.277079,52.479672,13.269615,52.488829,50186
13.334224,52.450147,13.354838,52.448905,50187
13.358495,52.590951,13.347702,52.574412,50190
13.499705,52.534351,13.418425,52.551279,50191
13.319153,52.452338,13.31695,52.468216,50192
13.344937,52.490315,13.320497,52.48642,50194
13.548417,52.438906,13.553811,52.549462,50197
13.357884,52.532542,13.334186,52.530573,50198
13.309634,52.630964,13.307504,52.618477,50204
13.444284,52.463691,13.413482,52.464441,50205
13.39244,52.506832,13.405142,52.513485,50205
13.325034,52.596561,13.301765,52.642985,50205
13.475087,52.622493,13.457471,52.611414,50205
13.376723,52.470033,13.43659,52.439797,50206
13.426035,52.491333,13.440011,52.486921,50210
13.487971,52.426175,13.492962,52.438551,50213
13.227581,52.506735,13.159157,52.521975,50213
13.587548,52.4981,13.452143,52.481147,50215
13.386377,52.501385,13.277476,52.514187,50217
13.342896,52.563395,13.363916,52.543607,50220
13.171041,52.446421,13.16084,52.423209,50221
13.635131,52.391012,13.574372,52.413318,50224
13.175059,52.540925,13.142834,52.539623,50227
13.196601,52.535227,13.18732,52.512988,50233
13.196601,52.535227,13.197447,52.560355,50233
13.551122,52.538425,13.574744,52.55349,50244
13.339181,52.500032,13.326712,52.42974,50247
13.567389,52.448462,13.585219,52.450974,50248
13.369948,52.559777,13.424945,52.564098,50251
13.36755,52.43002,13.4582,52.44444,50257
13.31794,52.563801,13.280021,52.572818,50258
13.429595,52.522548,13.363885,52.528338,50262
13.469028,52.43699,13.409851,52.416662,50266
13.478619,52.458611,13.488364,52.451353,50270
13.287891,52.46735,13.292931,52.452043,50277
13.369227,52.436193,13.398088,52.429996,50284
13.450748,52.50809,13.447692,52.523981,50286
13.33856,52.600165,13.273333,52.486542,50287
13.363716,52.535242,13.382703,52.467842,50289
13.496137,52.561179,13.560738,52.571399,50298
13.230005,52.431074,13.250718,52.416953,50299
13.318307,52.422042,13.34834,52.437952,50302
13.320346,52.48138,13.497208,52.486975,50306
13.55686,52.548523,13.574516,52.503065,50307
13.459363,52.525806,13.447286,52.49821,50308
13.453861,52.542114,13.458295,52.529603,50309
13.455535,52.47955,13.404932,52.444546,50314
13.365445,52.528743,13.324777,52.532279,50321
13.457849,52.428456,13.266519,52.518897,50322
13.518099,52.452359,13.582879,52.447671,50330
13.231423,52.50931,13.291189,52.539741,50333
13.499729,52.534207,13.510804,52.543422,50334
13.322539,52.448975,13.331274,52.458646,50335
13.51557,52.537555,13.591364,52.548675,50335
13.248439,52.547327,13.261149,52.537126,50335
13.18183,52.526316,13.331632,52.461733,50339
13.548136,52.56539,13.606462,52.537821,50341
13.302187,52.50795,13.331288,52.409395,50341
13.329739,52.523847,13.31673,52.530778,50342
13.376673,52.484458,13.36995,52.485076,50344
13.330268,52.445302,13.378221,52.467095,50344
13.597563,52.442926,13.56808,52.427341,50351
13.431623,52.481586,13.393186,52.514103,50356
13.53274,52.400366,13.529485,52.39844,50358
13.427276,52.531428,13.429904,52.550189,50359
13.172416,52.547952,13.273854,52.575805,50364
13.299781,52.47334,13.322216,52.495604,50369
13.400655,52.592778,13.392201,52.600768,50374
13.324897,52.500068,13.33625,52.441289,50379
13.418446,52.554218,13.479444,52.553309,50380
13.592881,52.426461,13.616835,52.448272,50382
13.395082,52.594345,13.394083,52.568456,50383
13.370553,52.592403,13.364119,52.584344,50383
13.350132,52.596367,13.347702,52.574412,50385
13.454318,52.562167,13.447575,52.526238,50386
13.394212,52.507916,13.438884,52.533534,50387
13.451522,52.472131,13.434887,52.476496,50388
13.508694,52.548518,13.57272,52.550084,50389
13.57554,52.546496,13.548462,52.550781,50390
13.301462,52.524773,13.342751,52.525354,50391
13.449486,52.47913,13.433025,52.468115,50392
13.179649,52.421827,13.109325,52.413647,50395
13.475711,52.444681,13.424589,52.469826,50395
13.415511,52.512507,13.359024,52.480699,50397
13.294869,52.430381,13.259066,52.432395,50398
13.525911,52.423031,13.487047,52.434095,50401
13.319126,52.499629,13.256696,52.485992,50401
13.5812,52.548533,13.587254,52.528356,50402
13.331105,52.423795,13.348473,52.42305,50404
13.54185,52.425646,13.552168,52.430148,50409
13.553803,52.51043,13.568381,52.513176,50410
13.608054,52.528569,13.523284,52.502397,50416
13.303824,52.470707,13.455613,52.461862,50417
13.412435,52.508931,13.449011,52.51123,50423
13.290475,52.479221,13.301657,52.486539,50424
13.330813,52.491149,13.330177,52.525658,50425
13.519309,52.450321,13.497744,52.464607,50430
13.254538,52.517209,13.282888,52.501232,50431
13.48354,52.431237,13.478046,52.417788,50432
13.559994,52.482685,13.553181,52.469383,50433
13.543629,52.530704,13.555412,52.513428,50436
13.542615,52.457631,13.571742,52.462901,50436
13.533581,52.519376,13.514981,52.487503,50445
13.478827,52.614286,13.450129,52.546977,50445
13.288785,52.479329,13.312305,52.483231,50446
13.393166,52.49345,13.445863,52.488504,50447
13.266112,52.518066,13.359076,52.521986,50451
13.168141,52.550708,13.207472,52.538765,50454
13.335969,52.49997,13.280638,52.492233,50463
13.595275,52.510192,13.560105,52.449628,50464
13.442633,52.557071,13.429401,52.568259,50468
13.351967,52.546198,13.351205,52.558321,50470
13.440062,52.567258,13.42793,52.584247,50472
13.303331,52.467971,13.334725,52.466219,50474
13.32344,52.592651,13.299278,52.602975,50477
13.300596,52.488007,13.302497,52.471135,50479
13.40306,52.533659,13.44387,52.525169,50479
13.448889,52.497238,13.455485,52.533726,50484
13.607521,52.453028,13.538025,52.476619,50489
13.302559,52.587203,13.223471,52.605221,50491
13.59682,52.507295,13.590078,52.518018,50493
13.281134,52.466255,13.331899,52.524137,50497
13.455233,52.510093,13.418016,52.498817,50500
13.299113,52.504623,13.293662,52.517579,50500
13.290754,52.438487,13.266262,52.502292,50502
13.295406,52.488235,13.31838,52.455007,50504
13.281186,52.51359,13.391801,52.461427,50504
13.529544,52.583337,13.483076,52.578356,50506
13.379731,52.516283,13.412585,52.545247,50509
13.265405,52.503703,13.285134,52.524205,50509
13.537045,52.485655,13.531076,52.442251,50514
13.504524,52.563634,13.469085,52.570721,50515
13.500291,52.5027,13.535543,52.511423,50515
13.535543,52.511423,13.446574,52.521361,50521
13.320924,52.608101,13.336282,52.595661,50522
13.382367,52.504523,13.426694,52.508023,50523
13.155883,52.458451,13.195405,52.54383,50524
13.323846,52.611501,13.291499,52.592447,50530
13.323392,52.570004,13.333574,52.560939,50536
13.351349,52.406031,13.366453,52.410728,50536
13.34834,52.437952,13.363049,52.428985,50537
13.562712,52.446007,13.57594,52.418545,50540
13.393769,52.510645,13.398155,52.514709,50543
13.334806,52.410066,13.387173,52.457922,50549
13.448276,52.427513,13.505645,52.438291,50560
13.335229,52.457577,13.337289,52.469264,50562
13.369944,52.553028,13.35637,52.568975,50562
13.569889,52.394692,13.708277,52.395243,50565
13.454987,52.528475,13.437792,52.513677,50566
13.322936,52.462208,13.44963,52.471436,50567
13.40598,52.545694,13.384648,52.529292,50579
13.302497,52.471135,13.237458,52.546346,50579
13.37696,52.566131,13.362187,52.567731,50585
13.294415,52.448989,13.322597,52.487718,50596
13.632593,52.448774,13.60404,52.457641,50600
13.524044,52.428555,13.509941,52.403086,50602
13.354819,52.45881,13.338816,52.454094,50611
13.329266,52.499407,13.406953,52.485801,50618
13.597263,52.476471,13.58257,52.486609,50618
13.451404,52.479727,13.400218,52.483706,50621
13.345996,52.589512,13.35094,52.569387,50627
13.340855,52.429706,13.283303,52.417404,50629
13.434827,52.45658,13.477687,52.446588,50630
13.397144,52.554804,13.361398,52.555131,50638
13.404829,52.535507,13.512574,52.565302,50638
13.496668,52.410346,13.5254,52.399292,50640
13.306221,52.471148,13.305352,52.502442,50640
13.57727,52.553223,13.528535,52.565375,50642
13.245553,52.612468,13.243308,52.598912,50645
13.41835,52.536604,13.414097,52.550558,50646
13.274369,52.527962,13.283715,52.517984,50653
13.483366,52.577337,13.510446,52.569032,50657
13.26525,52.516251,13.30596,52.531868,50658
13.352117,52.480104,13.362791,52.499682,50660
13.332864,52.520505,13.361815,52.525747,50661
13.309667,52.57421,13.311202,52.564847,50672
13.433382,52.547882,13.461916,52.535229,50676
13.549671,52.494729,13.513489,52.478778,50683
13.330025,52.619044,13.34254,52.601944,50686
13.422095,52.525262,13.426796,52.504831,50695
13.507866,52.444769,13.511645,52.454616,50696
13.373774,52.454259,13.431392,52.48309,50701
13.406552,52.489823,13.421388,52.478717,50706
13.191432,52.523416,13.359649,52.533384,50707
13.376718,52.565936,13.366037,52.592401,50709
13.391089,52.54472,13.442673,52.551103,50711
13.342977,52.475769,13.310184,52.493572,50715
13.320156,52.473545,13.349353,52.508572,50719
13.424891,52.4678,13.436106,52.458362,50720
13.373117,52.452056,13.166414,52.52398,50725
13.313164,52.543624,13.328458,52.534628,50731
13.250205,52.551901,13.324441,52.561733,50735
13.314866,52.469398,13.282456,52.475785,50736
13.369982,52.614787,13.324241,52.478721,50737
13.334962,52.455575,13.425836,52.503387,50741
13.133191,52.526334,13.161806,52.523549,50743
13.310587,52.41652,13.310071,52.420921,50746
13.32404,52.450459,13.306735,52.437845,50752
13.301712,52.509816,13.2947,52.501777,50754
13.381799,52.583527,13.42795,52.591661,50762
13.326069,52.481765,13.32423,52.477391,50762
13.395295,52.552273,13.396883,52.488086,50762
13.286464,52.51426,13.338112,52.528354,50767
13.504542,52.506429,13.475515,52.513553,50774
13.400214,52.42332,13.377768,52.433766,50774
13.300889,52.440075,13.303746,52.47504,50775
13.193666,52.548162,13.207472,52.538765,50776
13.269852,52.409146,13.277341,52.427768,50780
13.423903,52.502341,13.429842,52.523776,50789
13.450155,52.468607,13.467766,52.464049,50789
13.433765,52.443373,13.431555,52.460458,50795
13.45929,52.521385,13.481119,52.531251,50797
13.49202,52.501151,13.530432,52.460567,50799
13.337144,52.49407,13.418303,52.462451,50800
13.348852,52.492221,13.31884,52.492029,50800
13.494686,52.421273,13.502485,52.428409,50801
13.405315,52.496749,13.383007,52.512254,50802
13.272619,52.539304,13.235263,52.539574,50806
13.32255,52.487116,13.338916,52.444306,50809
13.292931,52.452043,13.406458,52.50255,50810
13.331345,52.573501,13.291509,52.442155,50813
13.594701,52.464651,13.57925,52.458469,50832
13.423509,52.46965,13.374572,52.447761,50843
13.457471,52.611414,13.473365,52.612557,50850
13.419428,52.591449,13.224132,52.512459,50853
13.19451,52.539616,13.207044,52.533377,50855
13.378917,52.418753,13.436765,52.449663,50856
13.317699,52.428771,13.297061,52.526942,50861
13.422139,52.457758,13.268657,52.478073,50864
13.295101,52.475341,13.293696,52.471627,50873
13.197193,52.555343,13.19976,52.53541,50882
13.317516,52.605209,13.320214,52.563407,50890
13.587784,52.422117,13.444645,52.443708,50891
13.379721,52.495756,13.406558,52.498316,50892
13.435281,52.629013,13.419428,52.591449,50892
13.47761,52.55184,13.483271,52.576269,50895
13.47761,52.55184,13.492785,52.566694,50896
13.304621,52.490695,13.30958,52.479181,50897
13.50526,52.511067,13.44543,52.493695,50898
13.482191,52.583175,13.401764,52.587319,50902
13.316053,52.50768,13.371445,52.463094,50902
13.335015,52.478708,13.319992,52.456292,50904
13.296229,52.50221,13.323081,52.573863,50904
13.487714,52.518416,13.457912,52.504686,50913
13.350926,52.52429,13.35257,52.564363,50915
13.28087,52.516918,13.282888,52.501232,50919
13.359115,52.50988,13.364811,52.560547,50921
13.338461,52.494271,13.36412,52.475554,50922
13.377223,52.462945,13.308304,52.483824,50925
13.59139,52.507854,13.476154,52.487815,50927
13.310461,52.516253,13.187513,52.508133,50931
13.429025,52.477303,13.441517,52.470411,50932
13.528144,52.567717,13.706003,52.431865,50939
13.435114,52.418345,13.412154,52.419295,50940
13.380564,52.436169,13.4421,52.46574,50945
13.31479,52.512223,13.344943,52.460621,50946
13.391402,52.528036,13.410298,52.521746,50947
13.566193,52.560964,13.516073,52.565814,50950
13.584399,52.435922,13.562712,52.446007,50951
13.627909,52.511581,13.615049,52.506742,50951
13.550813,52.438893,13.544351,52.410559,50963
13.3947,52.455874,13.344774,52.446863,50972
13.429316,52.525732,13.432463,52.557671,50979
13.275245,52.475306,13.278336,52.458071,50981
13.237059,52.529032,13.250015,52.521877,50982
13.405135,52.547852,13.387434,52.552689,50984
13.52462,52.513757,13.558324,52.569444,50988
13.309282,52.568211,13.313164,52.543624,50988
13.260228,52.452486,13.339047,52.463672,50988
13.384523,52.595044,13.37508,52.581943,50995
13.196601,52.535227,13.205048,52.567584,51001
13.490105,52.645501,13.268857,52.590742,51008
13.39775,52.501512,13.371367,52.501758,51011
13.453282,52.539757,13.451796,52.480882,51015
13.301415,52.512722,13.291443,52.503727,51020
13.375318,52.466023,13.455535,52.47955,51022
13.245738,52.427997,13.246289,52.43918,51024
13.483076,52.578356,13.35096,52.596411,51026
13.28129,52.593025,13.329357,52.575572,51031
13.363049,52.428985,13.440189,52.455437,51033
13.271355,52.453706,13.344749,52.461486,51036
13.441819,52.420213,13.466314,52.42658,51041
13.219138,52.508745,13.263491,52.511434,51041
13.420943,52.474498,13.431401,52.467514,51044
13.253317,52.52141,13.254933,52.5161,51045
13.385182,52.498487,13.427212,52.512214,51049
13.272115,52.442329,13.2516,52.441335,51049
13.54457,52.538636,13.549061,52.553137,51053
13.337922,52.473624,13.310374,52.467777,51053
13.476976,52.563226,13.351205,52.558321,51053
13.233631,52.438765,13.228856,52.433656,51055
13.643671,52.378095,13.636079,52.394001,51065
13.423273,52.545263,13.4075,52.529643,51066
13.302142,52.501965,13.305064,52.502661,51067
13.440776,52.460804,13.452081,52.45246,51069
13.511624,52.445413,13.489259,52.467393,51071
13.480859,52.490245,13.469995,52.502217,51074
13.568768,52.538093,13.574501,52.533541,51075
13.294804,52.576405,13.310247,52.601066,51086
13.584556,52.526289,13.563873,52.548808,51089
13.320598,52.499603,13.287891,52.46735,51090
13.207472,52.538765,13.194906,52.554206,51093
13.306458,52.535251,13.297537,52.534585,51095
13.450978,52.515511,13.440954,52.524306,51100
13.321088,52.555201,13.349503,52.542272,51101
13.445947,52.575796,13.593283,52.465731,51102
13.504174,52.567206,13.448721,52.490356,51109
13.516504,52.413634,13.49644,52.415786,51111
13.464065,52.425269,13.413501,52.38972,51112
13.404962,52.539199,13.331825,52.52412,51112
13.348737,52.548535,13.33339,52.544647,51116
13.473974,52.425703,13.468794,52.42335,51123
13.335015,52.478708,13.33508,52.456572,51125
13.439072,52.533442,13.483696,52.584046,51125
13.17327,52.552329,13.279626,52.503514,51131
13.368617,52.490978,13.30688,52.483929,51134
13.489051,52.541379,13.528197,52.556931,51140
13.37686,52.456021,13.278375,52.471066,51142
13.530087,52.517623,13.533538,52.523223,51152
13.429429,52.415295,13.459277,52.434289,51153
13.267599,52.498584,13.311173,52.496113,51158
13.296573,52.446836,13.359289,52.42245,51161
13.480525,52.470226,13.460064,52.4932,51170
13.385467,52.452792,13.419563,52.465024,51170
13.186042,52.543161,13.179811,52.487836,51171
13.561881,52.515159,13.568768,52.538093,51174
13.382326,52.513556,13.388712,52.50071,51178
13.306,52.525765,13.319027,52.531202,51180
13.197447,52.560355,13.207472,52.538765,51181
13.333831,52.595626,13.306424,52.592112,51183
13.267889,52.494842,13.267764,52.445989,51184
13.427026,52.518741,13.468427,52.559836,51189
13.318917,52.539822,13.285678,52.52215,51191
13.321669,52.481815,13.354546,52.47339,51193
13.33021,52.434105,13.300384,52.500268,51193
13.565343,52.489867,13.599698,52.485965,51194
13.410705,52.552369,13.399184,52.54431,51195
13.147235,52.543903,13.210361,52.523772,51197
13.391641,52.522075,13.424059,52.523576,51204
13.321172,52.507434,13.364798,52.485099,51220
13.570848,52.493964,13.578986,52.499994,51226
13.434573,52.499857,13.391715,52.488542,51237
13.594049,52.533693,13.458982,52.515215,51237
13.397144,52.554804,13.382581,52.557752,51238
13.321656,52.479892,13.395572,52.417848,51243
13.402884,52.600642,13.428678,52.557824,51245
13.349292,52.569505,13.426676,52.55384,51249
13.300751,52.503203,13.305801,52.469391,51250
13.33515,52.488035,13.387383,52.446802,51251
13.292669,52.517895,13.273682,52.528158,51255
13.142156,52.537356,13.123914,52.528894,51258
13.394003,52.459891,13.38118,52.46573,51260
13.524837,52.439177,13.506206,52.431911,51260
13.439587,52.452775,13.439764,52.456826,51267
13.569881,52.494103,13.588332,52.502709,51272
13.331163,52.459366,13.381245,52.464516,51280
13.23271,52.527891,13.275,52.597991,51286
13.439013,52.541109,13.445315,52.553884,51288
13.353199,52.441492,13.34967,52.449702,51288
13.368916,52.526177,13.397561,52.529428,51288
13.351756,52.439998,13.324033,52.42622,51290
13.307514,52.433342,13.299563,52.446461,51295
13.620361,52.53782,13.557869,52.54664,51298
13.300772,52.485974,13.324216,52.497011,51307
13.534775,52.425972,13.589391,52.408344,51307
13.574744,52.55349,13.550362,52.533599,51308
13.392201,52.600768,13.390745,52.589273,51310
13.466924,52.528498,13.55214,52.556826,51311
13.354819,52.45881,13.32114,52.465626,51313
13.286695,52.518616,13.287031,52.517525,51315
13.330177,52.525658,13.368916,52.526177,51316
13.398165,52.571122,13.391247,52.53618,51321
13.320765,52.464399,13.30632,52.467552,51329
13.547121,52.426709,13.534274,52.429726,51333
13.273709,52.435895,13.300845,52.426082,51335
13.315794,52.496529,13.301414,52.506718,51339
13.262189,52.479876,13.277079,52.479672,51341
13.32423,52.477391,13.322602,52.486415,51342
13.628283,52.540381,13.5812,52.548533,51346
13.291856,52.488678,13.475711,52.444681,51355
13.250312,52.51108,13.245036,52.509419,51360
13.515372,52.643805,13.497263,52.567393,51363
13.399518,52.498273,13.370923,52.492677,51366
13.341174,52.463908,13.29931,52.447866,51368
13.455048,52.559283,13.448742,52.61801,51368
13.454849,52.539028,13.43299,52.626254,51369
13.444601,52.544717,13.508983,52.495058,51374
13.414975,52.384813,13.478497,52.404904,51388
13.28382,52.47967,13.318715,52.498186,51395
13.399435,52.408949,13.311141,52.478715,51396
13.527398,52.568302,13.471506,52.559762,51399
13.46692,52.548711,13.482841,52.526377,51402
13.402306,52.536804,13.44378,52.533654,51402
13.320167,52.483737,13.311958,52.491333,51404
13.36995,52.485076,13.449011,52.51123,51412
13.375318,52.466023,13.658542,52.375577,51412
13.298904,52.53697,13.268707,52.539598,51413
13.507541,52.510579,13.533153,52.517656,51415
13.312527,52.435291,13.294921,52.443169,51422
13.267257,52.520471,13.309369,52.468129,51424
13.40713,52.533251,13.39369,52.572801,51427
13.355619,52.577611,13.373027,52.574777,51430
13.439013,52.541109,13.468434,52.558731,51431
13.187339,52.520222,13.247956,52.516282,51432
13.282826,52.438412,13.289701,52.438661,51432
13.402706,52.600609,13.412337,52.567376,51437
13.21831,52.427151,13.232365,52.437664,51437
13.588989,52.526607,13.519182,52.538444,51437
13.535543,52.511423,13.519422,52.506976,51442
13.367404,52.526366,13.337186,52.495939,51450
13.28476,52.576478,13.279627,52.590653,51458
13.2097,52.426269,13.188989,52.419307,51458
13.38662,52.505363,13.389415,52.508521,51459
13.332882,52.44858,13.302148,52.423408,51459
13.366023,52.552121,13.366799,52.542927,51460
13.382932,52.44184,13.369462,52.448503,51463
13.399111,52.508191,13.432335,52.550132,51466
13.340299,52.559479,13.417869,52.565585,51467
13.273356,52.513836,13.344756,52.522482,51473
13.237059,52.529032,13.299576,52.528766,51479
13.280411,52.492029,13.377923,52.445322,51485
13.596778,52.482589,13.519112,52.461279,51485
13.288477,52.588508,13.290872,52.576619,51486
13.548053,52.523663,13.591435,52.522943,51486
13.44887,52.573172,13.373959,52.503624,51488
13.295104,52.485964,13.31189,52.500428,51493
13.312073,52.480852,13.331006,52.493169,51495
13.556147,52.543392,13.540109,52.565288,51502
13.440102,52.466726,13.290244,52.47535,51511
13.335151,52.525449,13.368916,52.526177,51512
13.346098,52.51916,13.329739,52.523847,51515
13.248535,52.44942,13.222534,52.424114,51516
13.414847,52.459742,13.340419,52.492325,51520
13.33372,52.556983,13.366799,52.542927,51525
13.281068,52.524241,13.281697,52.509908,51528
13.378416,52.566006,13.406014,52.552749,51533
13.472721,52.527348,13.509585,52.496308,51533
13.411231,52.496615,13.393603,52.511455,51536
13.570411,52.447828,13.553181,52.469383,51537
13.345934,52.516205,13.337643,52.505146,51537
13.405848,52.530507,13.391715,52.488542,51543
13.330732,52.483591,13.270019,52.443574,51550
13.355108,52.505064,13.32624,52.486455,51558
13.339227,52.489436,13.311543,52.555505,51559
13.244278,52.452862,13.279543,52.468708,51562
13.294921,52.443169,13.30183,52.429082,51567
13.455861,52.473839,13.377509,52.508355,51575
13.496104,52.443616,13.507246,52.402051,51578
13.352608,52.539702,13.358142,52.556615,51578
13.476462,52.418338,13.46254,52.471097,51586
13.379017,52.568228,13.378416,52.566006,51592
13.459277,52.434289,13.477928,52.420845,51595
13.574516,52.503065,13.575414,52.48905,51597
13.413333,52.508435,13.406558,52.498316,51598
13.303728,52.436611,13.326586,52.446116,51598
13.153107,52.522214,13.122522,52.528629,51602
13.548128,52.473845,13.593653,52.445828,51605
13.609933,52.53319,13.572703,52.570207,51605
13.363534,52.606836,13.338717,52.615477,51611
13.440529,52.518514,13.54964,52.543639,51614
13.387437,52.549032,13.41585,52.531745,51615
13.267889,52.494842,13.345153,52.581253,51620
13.470641,52.429349,13.454686,52.434642,51621
13.4453,52.532359,13.586487,52.444917,51622
13.370509,52.564058,13.355317,52.546321,51622
13.247906,52.548824,13.368524,52.567568,51623
13.338494,52.494396,13.33932,52.491062,51623
13.41523,52.495516,13.509977,52.421339,51641
13.335724,52.412212,13.385504,52.421642,51644
13.287758,52.515181,13.344575,52.506451,51651
13.414113,52.488259,13.384047,52.495175,51653
13.155713,52.521551,13.209445,52.547283,51660
13.443652,52.514935,13.388599,52.519073,51661
13.159687,52.542667,13.181902,52.537217,51662
13.466147,52.429063,13.391774,52.400879,51663
13.35637,52.568975,13.368274,52.550064,51663
13.457912,52.504686,13.482606,52.511533,51665
13.492705,52.413991,13.454587,52.432091,51668
13.341709,52.502296,13.348912,52.457619,51673
13.316932,52.557728,13.291604,52.510708,51674
13.300596,52.488007,13.292179,52.479112,51679
13.478046,52.417788,13.48354,52.431237,51687
13.546044,52.521856,13.533581,52.519376,51687
13.315152,52.489832,13.360268,52.481404,51692
13.471038,52.615354,13.461485,52.629977,51693
13.476125,52.444298,13.441552,52.458422,51694
13.334186,52.530573,13.354908,52.527309,51702
13.257637,52.50863,13.290155,52.496947,51705
13.298955,52.490775,13.409233,52.429558,51706
13.398013,52.542257,13.327456,52.524358,51711
13.447952,52.6111,13.483698,52.619896,51718
13.412809,52.507723,13.420819,52.533654,51721
13.57925,52.458469,13.594701,52.464651,51723
13.590078,52.518018,13.59682,52.507295,51725
13.430872,52.529174,13.40713,52.533251,51735
13.35601,52.448748,13.38491,52.460816,51736
13.537694,52.435065,13.5221,52.402454,51736
13.473916,52.445548,13.444284,52.463691,51746
13.337436,52.428478,13.344656,52.437689,51751
13.240336,52.519309,13.178775,52.540969,51752
13.510551,52.404606,13.259621,52.412158,51767
13.262929,52.540612,13.284089,52.518681,51767
13.330177,52.525658,13.322776,52.511316,51768
13.539049,52.558597,13.594877,52.461782,51770
13.337856,52.549477,13.347058,52.562539,51771
13.294417,52.538744,13.308602,52.578041,51780
13.284089,52.518681,13.25967,52.513785,51783
13.520097,52.635207,13.492975,52.636487,51784
13.358495,52.43629,13.268924,52.442337,51785
13.573631,52.549991,13.548462,52.550781,51789
13.564747,52.543979,13.555043,52.5376,51793
13.478597,52.471562,13.552199,52.439396,51794
13.359046,52.490477,13.337476,52.499647,51795
13.352554,52.509676,13.303297,52.475287,51808
13.323663,52.60932,13.294557,52.609552,51810
13.333628,52.445022,13.398015,52.435146,51812
13.396089,52.53828,13.412134,52.54314,51813
13.612194,52.512039,13.620545,52.498812,51824
13.36995,52.485076,13.31479,52.512223,51826
13.352503,52.514719,13.422466,52.530812,51826
13.330268,52.445302,13.344774,52.446863,51829
13.285134,52.524205,13.498964,52.436452,51835
13.511371,52.479677,13.489259,52.467393,51835
13.191187,52.514351,13.169946,52.511624,51837
13.39978,52.494019,13.448881,52.541294,51837
13.560833,52.414899,13.586602,52.44035,51838
13.41177,52.378758,13.474684,52.414388,51846
13.511346,52.484108,13.504838,52.468112,51853
13.514981,52.487503,13.533581,52.519376,51855
13.433121,52.548909,13.500058,52.56458,51856
13.42793,52.584247,13.444158,52.529453,51862
13.405505,52.428371,13.387346,52.422717,51864
13.43878,52.414489,13.454244,52.429722,51867
13.406405,52.443234,13.313666,52.496787,51868
13.391104,52.514882,13.43427,52.486506,51872
13.442535,52.486235,13.331138,52.518969,51874
13.351381,52.508396,13.314384,52.51984,51878
13.336282,52.595661,13.35096,52.596411,51886
13.558461,52.492627,13.574876,52.513126,51892
13.34733,52.426514,13.361876,52.447225,51894
13.250718,52.416953,13.230005,52.431074,51895
13.3578,52.48873,13.331006,52.493169,51897
13.280919,52.538855,13.427228,52.590807,51900
13.29304,52.507942,13.266112,52.518066,51901
13.336054,52.495979,13.376775,52.491467,51903
13.400877,52.548406,13.412445,52.532649,51911
13.289626,52.430555,13.289405,52.41847,51912
13.461066,52.492316,13.51183,52.46432,51912
13.360738,52.523791,13.45058,52.550809,51920
13.286092,52.474802,13.328824,52.500392,51920
13.573488,52.558378,13.575498,52.533402,51924
13.378416,52.566006,13.370721,52.572728,51925
13.366046,52.5035,13.312907,52.499977,51927
13.346287,52.449686,13.324276,52.479889,51929
13.403687,52.526048,13.394187,52.532218,51933
13.477809,52.504672,13.521481,52.466389,51934
13.499328,52.423344,13.402227,52.406633,51936
13.522037,52.535747,13.576061,52.486993,51936
13.450503,52.529258,13.420367,52.542017,51937
13.345677,52.464909,13.354915,52.449003,51937
13.331415,52.503751,13.322379,52.521135,51940
13.352012,52.435879,13.331424,52.42656,51945
13.410117,52.510586,13.368368,52.596652,51945
13.312305,52.483231,13.284742,52.460284,51951
13.295032,52.457961,13.331293,52.442208,51956
13.386307,52.553413,13.44414,52.552685,51963
13.267173,52.453572,13.291297,52.458038,51964
13.526014,52.456193,13.491664,52.511508,51965
13.385867,52.476271,13.316458,52.516285,51970
13.395381,52.386682,13.406188,52.379157,51972
13.431188,52.493149,13.448603,52.531079,51973
13.340855,52.429706,13.400742,52.386681,51980
13.231042,52.430299,13.240704,52.442439,51982
13.508514,52.463716,13.507543,52.474917,51983
13.445863,52.488504,13.393166,52.49345,51987
13.421237,52.473596,13.441413,52.500529,51989
13.51417,52.456606,13.500938,52.439564,51992
13.334411,52.446585,13.324997,52.46126,51992
13.502485,52.428409,13.534775,52.425972,51995
13.518175,52.428496,13.511645,52.454616,51997
13.444284,52.463691,13.479336,52.452338,52002
13.298983,52.538137,13.306627,52.582566,52002
13.441663,52.55897,13.480687,52.499145,52003
13.505645,52.438291,13.412507,52.434911,52006
13.388712,52.50071,13.324368,52.512835,52011
13.415553,52.544025,13.423102,52.542281,52012
13.303349,52.557133,13.359459,52.479993,52030
13.389667,52.574331,13.345153,52.566802,52030
13.439013,52.541109,13.459058,52.538814,52031
13.36412,52.475554,13.342757,52.480642,52038
13.572782,52.460694,13.555506,52.499829,52039
13.259066,52.432395,13.294328,52.423952,52046
13.475711,52.444681,13.396397,52.499236,52046
13.305508,52.638199,13.353264,52.600276,52047
13.341808,52.497325,13.384011,52.457006,52050
13.347702,52.574412,13.348701,52.593013,52050
13.391801,52.461427,13.336535,52.517659,52050
13.33508,52.456572,13.340105,52.448112,52053
13.269697,52.490149,13.260142,52.526182,52053
13.539797,52.458657,13.515891,52.463432,52058
13.387437,52.549032,13.407909,52.54195,52059
13.588054,52.507647,13.548573,52.496999,52060
13.308487,52.482033,13.29802,52.469027,52060
13.335697,52.518217,13.269935,52.51372,52064
13.397561,52.529428,13.368916,52.526177,52065
13.26752,52.447205,13.319237,52.447744,52065
13.380186,52.560377,13.422676,52.544596,52067
13.547632,52.521754,13.587759,52.521519,52068
13.324378,52.588012,13.310247,52.601066,52073
13.625079,52.54064,13.489107,52.536939,52073
13.352321,52.524139,13.36593,52.569036,52076
13.537203,52.534481,13.574578,52.541449,52077
13.391247,52.53618,13.35396,52.562091,52079
13.454987,52.528475,13.443344,52.533372,52084
13.338205,52.479535,13.467873,52.437193,52088
13.456298,52.610773,13.477493,52.609737,52091
13.472321,52.509675,13.469531,52.520971,52094
13.599843,52.546314,13.584919,52.515499,52096
13.571742,52.462901,13.542615,52.457631,52099
13.278336,52.458071,13.290547,52.493734,52101
13.19781,52.435053,13.267764,52.445989,52104
13.394424,52.614978,13.429518,52.576391,52105
13.370783,52.526991,13.359567,52.520704,52107
13.31053,52.516081,13.295953,52.490817,52109
13.398155,52.514709,13.405362,52.514354,52109
13.468401,52.545385,13.452367,52.512492,52112
13.414215,52.53039,13.540109,52.565288,52114
13.533538,52.523223,13.560368,52.522333,52114
13.381362,52.427379,13.363836,52.439725,52117
13.332827,52.506629,13.316458,52.516285,52121
13.275041,52.597883,13.21584,52.535974,52122
13.318495,52.526247,13.25286,52.522952,52123
13.290597,52.51905,13.302456,52.547895,52124
13.529958,52.431202,13.49644,52.415786,52125
13.285709,52.515626,13.333462,52.540701,52126
13.397045,52.508988,13.390792,52.505,52129
13.41219,52.498536,13.382329,52.485004,52131
13.323093,52.583093,13.343722,52.583166,52145
13.302497,52.471135,13.342301,52.477259,52155
13.377768,52.433766,13.400214,52.42332,52169
13.377181,52.561437,13.382392,52.537677,52172
13.438,52.500202,13.466133,52.514497,52177
13.472872,52.505004,13.578532,52.495138,52183
13.317719,52.491475,13.413482,52.464441,52184
13.490409,52.645308,13.557438,52.57359,52186
13.447469,52.548555,13.441638,52.568542,52187
13.305246,52.483956,13.281212,52.523116,52191
13.225152,52.421005,13.240704,52.442439,52193
13.566423,52.455656,13.557483,52.445771,52204
13.359606,52.404552,13.373168,52.413985,52206
13.356477,52.509838,13.325268,52.502589,52210
13.4075,52.529643,13.416555,52.544948,52218
13.467766,52.464049,13.455749,52.469113,52219
13.322368,52.581555,13.319906,52.578194,52225
13.521533,52.564639,13.571968,52.547209,52230
13.249929,52.432707,13.315669,52.466199,52230
13.43115,52.499216,13.39738,52.488898,52232
13.525672,52.494358,13.494514,52.518662,52235
13.478702,52.48169,13.598067,52.429626,52240
13.401149,52.484746,13.422201,52.492979,52244
13.320214,52.563407,13.334895,52.576238,52248
13.366453,52.410728,13.351349,52.406031,52248
13.34843,52.405264,13.395609,52.429737,52249
13.323761,52.4495,13.319494,52.450932,52250
13.478005,52.443789,13.535753,52.44858,52250
13.114614,52.42112,13.179649,52.421827,52261
13.175855,52.519959,13.196601,52.535227,52266
13.537883,52.526959,13.566166,52.566824,52269
13.491855,52.433217,13.517171,52.444623,52269
13.283953,52.578626,13.292209,52.619068,52270
13.596411,52.490755,13.58707,52.481579,52272
13.476145,52.448873,13.416351,52.45159,52273
13.207044,52.533377,13.209101,52.532619,52277
13.299957,52.511246,13.451924,52.520505,52278
13.473365,52.612557,13.424296,52.524984,52279
13.351933,52.48993,13.314294,52.454639,52292
13.343042,52.452788,13.38662,52.505363,52295
13.307484,52.511747,13.337925,52.516376,52296
13.31884,52.492029,13.374528,52.454834,52297
13.546348,52.421003,13.526841,52.412917,52298
13.414718,52.545132,13.387437,52.549032,52303
13.572784,52.565469,13.548462,52.550781,52304
13.347708,52.478879,13.358378,52.451139,52304
13.537344,52.554539,13.628283,52.540381,52310
13.311061,52.518079,13.293584,52.599074,52312
13.429518,52.576391,13.467327,52.568424,52314
13.30367,52.49634,13.326085,52.485234,52314
13.236784,52.570582,13.288477,52.588508,52316
13.315499,52.479754,13.319979,52.50893,52317
13.406873,52.392396,13.421739,52.388237,52319
13.331825,52.52412,13.280754,52.576684,52325
13.3688,52.584937,13.360706,52.570875,52327
13.287315,52.451152,13.281823,52.463138,52329
13.380054,52.576834,13.346598,52.59709,52339
13.511591,52.440174,13.345083,52.458948,52343
13.380582,52.442874,13.332955,52.452453,52348
13.381245,52.464516,13.313059,52.452675,52351
13.300858,52.521292,13.272226,52.509894,52354
13.523713,52.4969,13.539275,52.48967,52357
13.279627,52.590653,13.3226,52.603939,52358
13.553181,52.469383,13.563373,52.476673,52358
13.299843,52.471461,13.408969,52.417581,52358
13.315794,52.496529,13.328373,52.471278,52361
13.381059,52.469857,13.53554,52.42598,52365
13.385156,52.455995,13.398525,52.446114,52368
13.246289,52.43918,13.250718,52.416953,52370
13.47184,52.538018,13.472872,52.505004,52371
13.308041,52.472467,13.321274,52.444073,52376
13.504536,52.629007,13.49539,52.610285,52379
13.374705,52.427475,13.386545,52.442148,52383
13.479444,52.553309,13.51122,52.509625,52388
13.568381,52.513176,13.583632,52.499366,52393
13.45717,52.453323,13.293859,52.484189,52395
13.668077,52.420085,13.576343,52.417875,52395
13.604697,52.536703,13.491915,52.546286,52396
13.599799,52.513906,13.566555,52.55128,52400
13.300674,52.420809,13.303395,52.408879,52403
13.417351,52.549962,13.383237,52.594511,52405
13.492975,52.636487,13.51802,52.63793,52406
13.41927,52.52721,13.391104,52.514882,52428
13.273682,52.528158,13.165004,52.534158,52433
13.404209,52.561335,13.424726,52.546899,52434
13.382392,52.537677,13.40434,52.533131,52436
13.447438,52.560607,13.427198,52.544469,52441
13.330923,52.48358,13.29388,52.488413,52441
13.382712,52.468606,13.294567,52.474215,52444
13.579464,52.517424,13.446321,52.494385,52446
13.568456,52.426761,13.577137,52.421594,52446
13.405707,52.615042,13.465138,52.437649,52447
13.30688,52.483929,13.368617,52.490978,52449
13.228856,52.433656,13.275254,52.489344,52454
13.451852,52.54736,13.423017,52.527786,52458
13.254415,52.506714,13.303296,52.524501,52465
13.505863,52.437362,13.487265,52.414374,52473
13.409346,52.516877,13.415083,52.522578,52475
13.423283,52.520062,13.359225,52.536804,52479
13.230591,52.513767,13.271033,52.512477,52487
13.133185,52.388095,13.133154,52.411543,52487
13.344857,52.510357,13.380789,52.512433,52489
13.507506,52.536652,13.628664,52.506879,52493
13.585219,52.450974,13.567389,52.448462,52501
13.475341,52.465716,13.30297,52.425358,52501
13.385015,52.439793,13.346819,52.412679,52502
13.274824,52.495864,13.441419,52.458846,52509
13.352327,52.548297,13.416377,52.547188,52510
13.341386,52.575293,13.323697,52.565939,52511
13.376568,52.553634,13.349503,52.542272,52513
13.42494,52.457913,13.444284,52.463691,52515
13.354546,52.47339,13.359735,52.504193,52519
13.475246,52.480034,13.48757,52.419934,52524
13.491189,52.433504,13.449658,52.48257,52525
13.192358,52.526579,13.205342,52.56218,52526
13.389415,52.508521,13.390515,52.518151,52533
13.470005,52.530761,13.447237,52.50745,52536
13.343859,52.501795,13.340856,52.480089,52537
13.405362,52.514354,13.415,52.511264,52540
13.394083,52.568456,13.395722,52.567115,52548
13.489259,52.467393,13.474979,52.460184,52551
13.264073,52.507078,13.282628,52.506474,52554
13.535366,52.511426,13.530881,52.519689,52561
13.330991,52.467313,13.25153,52.449227,52564
13.370572,52.488025,13.385753,52.470773,52565
13.393186,52.514103,13.431623,52.481586,52565
13.348473,52.42305,13.308884,52.431467,52568
13.387077,52.430054,13.372025,52.452895,52568
13.280517,52.477424,13.320497,52.48642,52571
13.382712,52.468606,13.314863,52.5063,52572
13.43693,52.53194,13.463053,52.520664,52591
13.535246,52.482209,13.557287,52.50731,52593
13.441282,52.532067,13.430295,52.49555,52596
13.301304,52.513451,13.282069,52.47259,52596
13.612574,52.534062,13.567273,52.568095,52597
13.526439,52.481245,13.502703,52.470234,52598
13.329357,52.575572,13.28129,52.593025,52603
13.445998,52.596592,13.50329,52.575854,52603
13.429401,52.568259,13.442633,52.557071,52604
13.484611,52.546082,13.513522,52.464739,52608
13.487047,52.434095,13.525911,52.423031,52611
13.278273,52.468578,13.377165,52.554337,52611
13.321656,52.479892,13.335015,52.478708,52613
13.268657,52.478073,13.267889,52.494842,52613
13.219138,52.508745,13.260641,52.478248,52616
13.247736,52.417542,13.431981,52.505757,52618
13.557246,52.53528,13.625581,52.457688,52626
13.412803,52.464377,13.386083,52.48735,52629
13.417703,52.464849,13.342146,52.461543,52630
13.343717,52.49041,13.335203,52.471309,52630
13.35094,52.569387,13.349622,52.575442,52630
13.340855,52.429706,13.380591,52.447403,52633
13.342335,52.499161,13.370923,52.492677,52636
13.63269,52.39056,13.574372,52.413318,52640
13.601995,52.473828,13.582537,52.466037,52641
13.48568,52.536263,13.642857,52.530032,52642
13.381195,52.485008,13.390709,52.495861,52647
13.308936,52.547697,13.415291,52.515278,52647
13.159513,52.426394,13.219403,52.424129,52648
13.477403,52.500471,13.497472,52.486513,52648
13.316717,52.500797,13.309248,52.488846,52650
13.470034,52.528082,13.469426,52.530633,52661
13.420391,52.517671,13.423102,52.542281,52663
13.616835,52.448272,13.744114,52.438122,52665
13.294557,52.609552,13.231237,52.583707,52665
13.297537,52.534585,13.306458,52.535251,52669
13.433226,52.499667,13.447064,52.513842,52675
13.574372,52.413318,13.579842,52.403107,52677
13.340881,52.495421,13.286693,52.533176,52685
13.383007,52.512254,13.405315,52.496749,52686
13.362187,52.567731,13.37696,52.566131,52689
13.318714,52.57286,13.3421,52.564383,52689
13.20264,52.542652,13.140515,52.530344,52690
13.538025,52.476619,13.551117,52.511957,52692
13.613033,52.530515,13.588781,52.512706,52694
13.289791,52.633221,13.266953,52.63061,52694
13.289791,52.633221,13.272824,52.633396,52694
13.574898,52.558206,13.514659,52.566722,52695
13.424945,52.564098,13.427198,52.544469,52703
13.305352,52.502442,13.313821,52.476312,52711
13.108724,52.40844,13.285474,52.587767,52721
13.499547,52.571219,13.625254,52.541393,52725
13.570933,52.524431,13.555412,52.513428,52731
13.333594,52.504212,13.278655,52.490367,52733
13.391801,52.461427,13.422139,52.457758,52737
13.412183,52.384325,13.425566,52.385773,52739
13.542216,52.520674,13.484947,52.544693,52744
13.528197,52.556931,13.516073,52.565814,52746
13.531076,52.442251,13.524474,52.401839,52746
13.32423,52.477391,13.298567,52.48359,52746
13.228483,52.506357,13.29479,52.582939,52747
13.588496,52.44108,13.579619,52.458922,52755
13.303866,52.501991,13.330639,52.498538,52760
13.468879,52.534541,13.453278,52.547675,52764
13.461117,52.446345,13.408976,52.461565,52769
13.330913,52.480803,13.346296,52.436007,52769
13.451219,52.465143,13.424749,52.502106,52770
13.497744,52.464607,13.497188,52.46687,52773
13.339078,52.471445,13.314143,52.507809,52775
13.414372,52.540786,13.343248,52.601451,52776
13.281385,52.513866,13.379797,52.521692,52776
13.414702,52.42357,13.247044,52.543369,52777
13.568768,52.538093,13.559104,52.522439,52779
13.311023,52.476244,13.307153,52.500094,52780
13.319737,52.591219,13.322368,52.581555,52788
13.282888,52.501232,13.287446,52.482857,52789
13.418944,52.383992,13.389673,52.398549,52792
13.419428,52.515202,13.481047,52.55319,52794
13.369779,52.460623,13.349812,52.473094,52796
13.356372,52.52554,13.371198,52.551638,52796
13.481214,52.609313,13.463226,52.615756,52797
13.548968,52.402221,13.529485,52.39844,52808
13.16084,52.423209,13.161604,52.419831,52811
13.273356,52.513836,13.259904,52.541516,52813
13.45152,52.526136,13.5184,52.508095,52820
13.269892,52.450918,13.277596,52.427945,52824
13.363437,52.478195,13.363837,52.497333,52827
13.572633,52.52705,13.555412,52.513428,52832
13.475671,52.6157,13.437574,52.634539,52832
13.327243,52.478715,13.287162,52.433817,52836
13.464724,52.524409,13.472447,52.547779,52838
13.395315,52.516208,13.412004,52.503283,52841
13.281034,52.489649,13.322597,52.487718,52846
13.483076,52.578356,13.483696,52.584046,52849
13.514887,52.572489,13.57189,52.560691,52849
13.273489,52.57137,13.310788,52.575663,52865
13.314335,52.436277,13.336972,52.43259,52868
13.644703,52.378197,13.574372,52.413318,52876
13.376584,52.485385,13.373063,52.503724,52885
13.314646,52.552271,13.3503,52.56056,52886
13.41233,52.541466,13.456517,52.527081,52890
13.293687,52.44019,13.270912,52.433742,52893
13.31695,52.468216,13.339292,52.458636,52896
13.384907,52.561859,13.568149,52.545111,52897
13.557959,52.515471,13.558113,52.539375,52898
13.544836,52.569675,13.553986,52.569816,52909
13.337401,52.471473,13.320497,52.48642,52911
13.168064,52.550583,13.147254,52.54127,52913
13.32854,52.532929,13.270289,52.516277,52914
13.574678,52.425195,13.574372,52.413318,52921
13.371367,52.501758,13.376647,52.491613,52921
13.448793,52.488045,13.480379,52.537291,52933
13.251737,52.51768,13.330764,52.528509,52936
13.559535,52.563694,13.61448,52.530189,52940
13.492785,52.566694,13.617041,52.451064,52948
13.493092,52.611303,13.514607,52.641343,52948
13.492962,52.438551,13.509579,52.425631,52952
13.320482,52.470199,13.320497,52.48642,52956
13.301405,52.436106,13.273532,52.409879,52958
13.555635,52.533926,13.583299,52.549071,52959
13.341785,52.487376,13.324276,52.479889,52959
13.323316,52.492024,13.522404,52.435137,52960
13.391731,52.497916,13.376792,52.478822,52972
13.505965,52.575559,13.45516,52.543518,52988
13.334725,52.466219,13.36412,52.475554,52991
13.341804,52.494287,13.315639,52.488371,52998
13.31461,52.547608,13.280653,52.548447,52999
13.30994,52.569983,13.334895,52.576238,53004
13.549061,52.553137,13.562527,52.534185,53009
13.252462,52.609348,13.297199,52.537626,53016
13.375191,52.462897,13.588114,52.432511,53019
13.338143,52.43193,13.351575,52.415825,53020
13.423471,52.478952,13.483774,52.474068,53033
13.335138,52.436592,13.440899,52.425806,53038
13.262805,52.439221,13.276172,52.465634,53041
13.45915,52.501165,13.422466,52.530812,53041
13.377042,52.560755,13.370708,52.499968,53041
13.336873,52.552553,13.366799,52.542927,53042
13.376248,52.41048,13.408979,52.420681,53044
13.316458,52.516285,13.336106,52.514222,53045
13.30054,52.580817,13.329279,52.591022,53052
13.305506,52.569691,13.27753,52.551573,53057
13.462741,52.488233,13.517126,52.467704,53058
13.622656,52.528909,13.656172,52.527096,53060
13.287891,52.46735,13.315406,52.448039,53064
13.694718,52.373059,13.647046,52.342519,53065
13.392201,52.600768,13.3632,52.597053,53067
13.339047,52.463672,13.342146,52.461543,53074
13.215821,52.564598,13.228121,52.509201,53079
13.336282,52.595661,13.339548,52.609833,53086
13.376982,52.577652,13.398567,52.572168,53088
13.477493,52.609737,13.481053,52.619848,53090
13.348701,52.593013,13.347702,52.574412,53093
13.237256,52.504585,13.286796,52.53517,53094
13.376304,52.466991,13.337401,52.471473,53095
13.361876,52.447225,13.300058,52.437325,53098
13.284195,52.482938,13.32177,52.493021,53100
13.314277,52.508868,13.366812,52.496849,53100
13.429849,52.574311,13.358402,52.537847,53105
13.474461,52.479001,13.549656,52.456605,53108
13.303395,52.408879,13.349567,52.437192,53112
13.326586,52.446116,13.319992,52.456292,53114
13.518777,52.510489,13.514945,52.494146,53118
13.280644,52.507116,13.307414,52.498959,53119
13.459176,52.444572,13.454244,52.429722,53120
13.216452,52.568213,13.23225,52.539345,53128
13.506677,52.462921,13.471828,52.464969,53130
13.326085,52.485234,13.30367,52.49634,53130
13.562863,52.542386,13.571556,52.545983,53132
13.471506,52.559762,13.494677,52.514328,53140
13.410018,52.507028,13.438991,52.535474,53145
13.353938,52.499604,13.373284,52.482925,53146
13.319473,52.528384,13.267308,52.539631,53146
13.324777,52.532279,13.342541,52.531998,53149
13.493342,52.426727,13.460474,52.44114,53151
13.346489,52.448138,13.354819,52.45881,53152
13.228743,52.52831,13.416097,52.451468,53156
13.446842,52.460011,13.333122,52.487672,53158
13.365214,52.542208,13.36904,52.560453,53161
13.389415,52.508521,13.364211,52.494165,53164
13.472447,52.547779,13.513519,52.536216,53165
13.397476,52.421357,13.367842,52.416177,53168
13.344774,52.446863,13.338687,52.465365,53170
13.344704,52.545849,13.306133,52.523292,53172
13.410664,52.414037,13.397586,52.382099,53177
13.337449,52.489564,13.321656,52.479892,53180
13.34797,52.515337,13.29169,52.595923,53186
13.489259,52.467393,13.512011,52.467437,53187
13.4534,52.453648,13.297265,52.434363,53191
13.415553,52.544025,13.476222,52.607947,53192
13.323951,52.525413,13.295485,52.503449,53193
13.335774,52.615816,13.336282,52.595661,53194
13.320315,52.498016,13.320497,52.48642,53198
13.577417,52.551145,13.541431,52.534435,53198
13.317985,52.476266,13.314863,52.5063,53203
13.555007,52.558676,13.543246,52.530709,53203
13.337289,52.469264,13.275212,52.460927,53204
13.570043,52.425077,13.496104,52.443616,53206
13.538435,52.569695,13.55433,52.557876,53207
13.379497,52.462739,13.383061,52.452533,53209
13.155642,52.553069,13.154245,52.563328,53209
13.301636,52.451418,13.319992,52.456292,53212
13.414749,52.504841,13.419663,52.490052,53214
13.293774,52.505337,13.410686,52.435436,53219
13.386172,52.558474,13.373027,52.574777,53223
13.421739,52.388237,13.424117,52.390482,53223
13.576354,52.422719,13.582391,52.44269,53223
13.306221,52.471148,13.345114,52.448846,53223
13.322156,52.522063,13.355554,52.566414,53230
13.557771,52.501408,13.507249,52.548509,53231
13.334725,52.466219,13.355088,52.455598,53235
13.331697,52.446832,13.38198,52.480469,53240
13.418425,52.551279,13.429937,52.539412,53240
13.54185,52.425646,13.503853,52.405132,53241
13.306657,52.469471,13.298579,52.446023,53242
13.344656,52.437689,13.353633,52.437901,53250
13.263491,52.511434,13.266519,52.518897,53252
13.317512,52.559852,13.355514,52.596656,53253
13.592931,52.548402,13.537541,52.529399,53259
13.461841,52.450902,13.439575,52.457367,53262
13.44921,52.517734,13.483309,52.576529,53265
13.530494,52.509826,13.550362,52.533599,53266
13.694718,52.373059,13.295485,52.503449,53267
13.337144,52.49407,13.352622,52.489832,53271
13.429904,52.550189,13.427276,52.531428,53277
13.322597,52.487718,13.485164,52.427504,53278
13.42708,52.511775,13.54289,52.544518,53283
13.410585,52.545406,13.397144,52.554804,53285
13.590235,52.54887,13.548462,52.550781,53289
13.390792,52.505,13.391953,52.497931,53289
13.526801,52.486596,13.530432,52.460567,53292
13.24258,52.433836,13.253761,52.444925,53293
13.351141,52.490523,13.233847,52.432292,53307
13.497057,52.531042,13.519775,52.555584,53310
13.620625,52.504976,13.490296,52.512002,53310
13.418985,52.530701,13.39461,52.496291,53313
13.479174,52.484353,13.484272,52.50327,53323
13.405849,52.489957,13.391455,52.494288,53323
13.375273,52.528269,13.426193,52.499384,53330
13.596115,52.506154,13.627909,52.511581,53330
13.197356,52.50611,13.187476,52.514954,53337
13.271942,52.517922,13.285396,52.506444,53338
13.568424,52.48669,13.553181,52.469383,53342
13.579548,52.518959,13.700717,52.443131,53352
13.474667,52.44118,13.316195,52.449836,53354
13.386614,52.584172,13.438086,52.601963,53355
13.30632,52.467552,13.317756,52.46711,53355
13.468434,52.558731,13.464257,52.523651,53357
13.316903,52.519353,13.341459,52.520659,53358
13.526439,52.481245,13.547589,52.484915,53372
13.251731,52.411703,13.218634,52.428217,53372
13.200268,52.562106,13.221659,52.573004,53373
13.418303,52.462451,13.295932,52.441046,53382
13.295814,52.451041,13.342995,52.484109,53383
13.354908,52.527309,13.413403,52.548688,53384
13.391439,52.447644,13.377886,52.468636,53387
13.319906,52.578194,13.355606,52.548502,53388
13.387608,52.438999,13.376248,52.41048,53388
13.29552,52.576685,13.293954,52.554045,53389
13.592902,52.409528,13.469383,52.460488,53389
13.33339,52.544647,13.334714,52.573697,53391
13.358851,52.563356,13.345752,52.552182,53399
13.324368,52.512835,13.321426,52.412292,53400
13.405526,52.509814,13.399376,52.51234,53403
13.366037,52.592401,13.355476,52.620283,53410
13.409418,52.511304,13.415987,52.510372,53413
13.361074,52.54178,13.333669,52.521278,53427
13.506206,52.431911,13.326713,52.52318,53444
13.599698,52.485965,13.557438,52.57359,53446
13.559163,52.430479,13.579376,52.445974,53450
13.61976,52.533514,13.536089,52.510176,53452
13.302808,52.51551,13.309132,52.500288,53454
13.258318,52.410797,13.292791,52.432713,53454
13.332136,52.595214,13.303313,52.600657,53455
13.507205,52.438325,13.526697,52.427056,53458
13.420367,52.542017,13.401114,52.546597,53469
13.29931,52.447866,13.30632,52.467552,53471
13.291443,52.503727,13.296214,52.519205,53471
13.315109,52.481483,13.429991,52.46985,53473
13.379312,52.446474,13.385753,52.470773,53475
13.337974,52.551408,13.298904,52.53697,53476
13.293696,52.471627,13.305801,52.469391,53476
13.477928,52.420845,13.453189,52.435182,53477
13.42392,52.538407,13.414039,52.519877,53477
13.278538,52.47518,13.278286,52.465971,53484
13.712456,52.427251,13.721056,52.438918,53485
13.510567,52.419273,13.583537,52.442234,53488
13.45453,52.541836,13.452577,52.516624,53489
13.470316,52.553728,13.41966,52.561204,53494
13.260381,52.545295,13.260228,52.452486,53495
13.306749,52.446769,13.301461,52.443007,53496
13.511645,52.454616,13.542321,52.450068,53498
13.353329,52.504698,13.375951,52.567841,53498
13.387447,52.533475,13.359115,52.50988,53504
13.197356,52.50611,13.351073,52.510367,53506
13.332955,52.452453,13.597827,52.433153,53506
13.472872,52.505004,13.421663,52.480394,53510
13.409216,52.501753,13.407975,52.50441,53510
13.466924,52.528498,13.435434,52.532596,53522
13.434704,52.553608,13.427323,52.552431,53525
13.618588,52.509273,13.546689,52.521757,53526
13.429695,52.500671,13.466133,52.514497,53532
13.172009,52.552566,13.150173,52.539606,53538
13.55813,52.437026,13.519971,52.449908,53545
13.394778,52.539724,13.336106,52.514222,53546
13.31235,52.446158,13.316384,52.440371,53554
13.529485,52.39844,13.560369,52.397191,53554
13.311173,52.496113,13.342537,52.463255,53555
13.371726,52.414415,13.41047,52.37711,53556
13.357769,52.583221,13.384717,52.550672,53560
13.5254,52.399292,13.500697,52.400471,53562
13.391938,52.553364,13.458664,52.538496,53563
13.338034,52.486996,13.36412,52.475554,53568
13.309369,52.468129,13.328843,52.454135,53573
13.399705,52.404956,13.406503,52.393695,53573
13.363885,52.528338,13.381166,52.504744,53573
13.228633,52.509088,13.146554,52.54213,53576
13.40465,52.53728,13.387437,52.549032,53578
13.541172,52.404094,13.51356,52.411371,53579
13.277079,52.479672,13.303422,52.509869,53582
13.446353,52.486368,13.467317,52.502727,53583
13.29802,52.469027,13.310022,52.451487,53583
13.360007,52.546843,13.437817,52.555898,53583
13.09189,52.413468,13.24192,52.444358,53584
13.373027,52.574777,13.367583,52.591358,53584
13.454211,52.515705,13.433504,52.492348,53592
13.524936,52.406713,13.49644,52.415786,53599
13.420105,52.496455,13.384218,52.510011,53599
13.333369,52.507,13.342767,52.477083,53607
13.324216,52.497011,13.306699,52.463459,53611
13.30867,52.485734,13.314482,52.474292,53620
13.355427,52.473802,13.385753,52.470773,53621
13.415693,52.480609,13.422201,52.492979,53631
13.405142,52.513485,13.396358,52.49104,53631
13.414097,52.550558,13.424945,52.564098,53632
13.615009,52.508073,13.625532,52.457545,53636
13.357029,52.574548,13.329357,52.575572,53646
13.45125,52.462087,13.482209,52.445894,53652
13.405476,52.546994,13.406288,52.532273,53653
13.310247,52.601066,13.294804,52.576405,53654
13.418077,52.480114,13.311526,52.461482,53656
13.32752,52.436094,13.322059,52.410371,53656
13.327659,52.42848,13.313693,52.430506,53665
13.312753,52.512084,13.267649,52.626055,53665
13.290808,52.476521,13.320497,52.48642,53670
13.535997,52.475872,13.535864,52.473312,53674
13.412803,52.464377,13.316767,52.491162,53679
13.328944,52.566788,13.454574,52.57037,53680
13.377791,52.44252,13.341987,52.416653,53692
13.406652,52.48513,13.689077,52.425287,53692
13.324804,52.494038,13.332621,52.516346,53695
13.136108,52.538295,13.264309,52.495815,53696
13.387492,52.439512,13.363915,52.422288,53698
13.616445,52.541567,13.533107,52.588198,53698
13.279543,52.468708,13.273848,52.487561,53705
13.476332,52.5331,13.483271,52.576269,53705
13.461552,52.421741,13.578285,52.401474,53710
13.337476,52.499647,13.359046,52.490477,53710
13.604465,52.452341,13.529994,52.488658,53713
13.438394,52.53478,13.454987,52.528475,53713
13.483696,52.584046,13.520949,52.572052,53718
13.382329,52.485004,13.359459,52.479993,53718
13.330806,52.487006,13.314605,52.465078,53721
13.360268,52.481404,13.576922,52.472376,53731
13.411783,52.59234,13.37508,52.581943,53734
13.308289,52.476383,13.268531,52.482388,53736
13.322693,52.429084,13.319863,52.443612,53742
13.427509,52.513199,13.441642,52.501236,53742
13.489259,52.467393,13.478496,52.447459,53751
13.592881,52.426461,13.562712,52.446007,53754
13.427916,52.545692,13.450615,52.522381,53756
13.583299,52.549071,13.55912,52.532846,53758
13.354151,52.534283,13.249892,52.510276,53769
13.310121,52.493447,13.309876,52.502023,53776
13.281551,52.51097,13.28252,52.538164,53777
13.468794,52.42335,13.330639,52.498538,53783
13.364811,52.560547,13.403469,52.582949,53788
13.39738,52.488898,13.43115,52.499216,53791
13.46793,52.546748,13.454987,52.528475,53792
13.288916,52.511457,13.309324,52.511691,53794
13.386545,52.442148,13.392644,52.429889,53795
13.322334,52.485303,13.369961,52.458437,53802
13.351824,52.530975,13.373862,52.584042,53805
13.46156,52.430863,13.636024,52.391332,53816
13.373938,52.571387,13.412337,52.567376,53818
13.457132,52.469096,13.510472,52.429817,53818
13.385508,52.617383,13.364215,52.541851,53823
13.195184,52.527566,13.207472,52.538765,53826
13.229551,52.588308,13.28334,52.589983,53828
13.473916,52.445548,13.308304,52.483824,53830
13.282456,52.475785,13.330564,52.495088,53838
13.412445,52.532649,13.400877,52.548406,53841
13.347058,52.562539,13.337856,52.549477,53846
13.319237,52.447744,13.323106,52.433043,53846
13.345268,52.58934,13.360573,52.596553,53847
13.388157,52.437294,13.387658,52.427476,53848
13.382703,52.467842,13.290095,52.51902,53851
13.340856,52.480089,13.313314,52.49582,53857
13.392714,52.46564,13.171041,52.446421,53863
13.383061,52.452533,13.486298,52.412724,53865
13.343722,52.583166,13.32536,52.589277,53867
13.290872,52.576619,13.288477,52.588508,53872
13.527177,52.541585,13.477809,52.504672,53875
13.574372,52.413318,13.642862,52.373316,53877
13.328044,52.479883,13.36412,52.475554,53883
13.349882,52.405643,13.389039,52.398467,53887
13.602685,52.538528,13.505728,52.55145,53892
13.452464,52.515888,13.607737,52.504945,53901
13.542779,52.450125,13.437009,52.423283,53911
13.335063,52.433636,13.372632,52.421819,53913
13.351205,52.558321,13.280835,52.587054,53913
13.604723,52.536613,13.551607,52.518323,53919
13.364858,52.451369,13.286538,52.452751,53922
13.183267,52.484962,13.218679,52.538983,53923
13.506986,52.57738,13.464868,52.572085,53925
13.311682,52.524579,13.262286,52.481745,53926
13.302148,52.423408,13.33732,52.455243,53928
13.407835,52.500017,13.394164,52.419805,53930
13.341343,52.529908,13.259225,52.541479,53931
13.324276,52.479889,13.310135,52.539452,53935
13.338719,52.620375,13.455738,52.516459,53936
13.519182,52.538444,13.461026,52.511082,53940
13.303296,52.524501,13.358941,52.506143,53942
13.231423,52.50931,13.281272,52.540856,53943
13.530434,52.43222,13.519582,52.428352,53945
13.316972,52.574318,13.350764,52.547335,53947
13.379279,52.489623,13.41844,52.500088,53947
13.351039,52.489598,13.340283,52.464637,53962
13.30243,52.506707,13.310121,52.493447,53966
13.574214,52.540357,13.548462,52.550781,53966
13.368656,52.510713,13.422908,52.522152,53966
13.31865,52.463559,13.278225,52.503466,53967
13.55818,52.570794,13.520505,52.570305,53974
13.28705,52.472329,13.300369,52.517721,53979
13.631219,52.388513,13.654248,52.37464,53982
13.445575,52.490934,13.451108,52.473862,53988
13.495926,52.404073,13.48504,52.402826,53988
13.376326,52.593441,13.390742,52.550503,53989
13.425566,52.385773,13.410606,52.387831,53997
13.246401,52.421798,13.218522,52.428416,54002
13.471933,52.570739,13.449229,52.554537,54009
13.57272,52.550084,13.508694,52.548518,54012
13.557438,52.57359,13.435529,52.547262,54012
13.253195,52.521259,13.249892,52.510276,54014
13.360268,52.544323,13.339222,52.532871,54014
13.297265,52.434363,13.295134,52.444398,54017
13.598156,52.520588,13.574876,52.513126,54027
13.423102,52.542281,13.417834,52.543926,54029
13.144467,52.52876,13.186121,52.517673,54029
13.480417,52.523109,13.506177,52.555947,54030
13.188779,52.423497,13.277921,52.429011,54031
13.228065,52.421604,13.255102,52.411901,54034
13.320245,52.497639,13.339005,52.492314,54045
13.398476,52.492839,13.321525,52.491729,54046
13.450503,52.529258,13.405362,52.514354,54048
13.538435,52.569695,13.543981,52.568032,54049
13.700207,52.441332,13.651027,52.449633,54049
13.209443,52.419549,13.218868,52.424988,54058
13.351981,52.440634,13.297828,52.422503,54062
13.239479,52.471588,13.302497,52.471135,54063
13.413482,52.464441,13.444537,52.470042,54064
13.56809,52.57362,13.576577,52.561437,54065
13.553234,52.447912,13.437336,52.491124,54067
13.241027,52.504599,13.310033,52.466702,54073
13.40453,52.495203,13.382367,52.504523,54078
13.344749,52.461486,13.339605,52.505249,54080
13.372206,52.572126,13.333044,52.578928,54081
13.428712,52.53754,13.396089,52.53828,54083
13.262305,52.513208,13.329739,52.523847,54087
13.4639,52.500504,13.524265,52.489029,54090
13.426394,52.511954,13.471446,52.510827,54092
13.427321,52.548261,13.487685,52.537595,54093
13.548252,52.432105,13.596695,52.44292,54094
13.472777,52.4612,13.45614,52.465783,54096
13.303247,52.458149,13.31179,52.479768,54099
13.321665,52.465458,13.296331,52.515653,54101
13.55282,52.437402,13.542534,52.427129,54101
13.281823,52.463138,13.287315,52.451152,54103
13.588054,52.507647,13.484043,52.511353,54103
13.227768,52.432059,13.271577,52.458863,54103
13.319494,52.450932,13.361876,52.447225,54110
13.584919,52.515499,13.587412,52.522539,54114
13.409616,52.547367,13.445528,52.549163,54115
13.456517,52.527081,13.41233,52.541466,54116
13.523649,52.478881,13.485291,52.547008,54120
13.222419,52.43748,13.306483,52.492894,54124
13.373959,52.503624,13.484628,52.519946,54127
13.363494,52.485294,13.358402,52.537847,54133
13.345083,52.458948,13.317208,52.492595,54140
13.375574,52.581227,13.422495,52.528502,54144
13.530881,52.519689,13.476972,52.513535,54144
13.55813,52.437026,13.536428,52.432897,54145
13.331424,52.42656,13.311162,52.453694,54152
13.58707,52.481579,13.579619,52.458922,54154
13.326548,52.60465,13.302056,52.569225,54160
13.348273,52.497826,13.296225,52.49804,54160
13.36615,52.522498,13.405278,52.513573,54162
13.137735,52.535125,13.206223,52.558253,54165
13.561686,52.504259,13.578532,52.495138,54169
13.515017,52.488554,13.55635,52.57036,54171
13.416159,52.392438,13.536212,52.433026,54175
13.355554,52.566414,13.341766,52.557314,54176
13.381601,52.478236,13.374941,52.503019,54178
13.481191,52.538665,13.398236,52.502432,54180
13.12694,52.517587,13.142156,52.537356,54181
13.339304,52.424134,13.398892,52.418258,54181
13.457109,52.517799,13.416464,52.511004,54186
13.338687,52.465365,13.239645,52.542863,54187
13.328304,52.460171,13.324033,52.42622,54191
13.308304,52.483824,13.373447,52.482977,54193
13.477687,52.446588,13.405698,52.42889,54197
13.155668,52.566396,13.198648,52.544885,54200
13.592407,52.4386,13.623856,52.453991,54203
13.3421,52.564383,13.318714,52.57286,54206
13.398088,52.429996,13.45385,52.45526,54213
13.575498,52.533402,13.481191,52.538665,54214
13.345202,52.490312,13.374734,52.481282,54214
13.421966,52.54997,13.413658,52.585946,54219
13.421482,52.487128,13.380724,52.454924,54220
13.285678,52.52215,13.353307,52.492008,54220
13.385753,52.470773,13.419563,52.465024,54224
13.612194,52.512039,13.631498,52.513419,54224
13.371112,52.615026,13.354155,52.541616,54225
13.398567,52.572168,13.402767,52.56927,54234
13.451309,52.447778,13.529084,52.452253,54234
13.312599,52.462953,13.326809,52.463297,54239
13.441413,52.500529,13.452908,52.533794,54241
13.383749,52.555051,13.426676,52.55384,54241
13.535366,52.511426,13.591061,52.508137,54242
13.594877,52.461782,13.591854,52.466478,54246
13.502508,52.643529,13.497629,52.618346,54248
13.415,52.511264,13.418525,52.525584,54252
13.352273,52.488533,13.342092,52.482474,54256
13.342146,52.461543,13.417703,52.464849,54257
13.580102,52.554066,13.567695,52.564638,54258
13.35551,52.44586,13.456084,52.484136,54260
13.471828,52.464969,13.508997,52.473533,54266
13.32177,52.493021,13.171933,52.540866,54269
13.367858,52.50258,13.33625,52.467496,54271
13.311543,52.555505,13.327338,52.563426,54274
13.444284,52.463691,13.473905,52.467666,54282
13.470764,52.555197,13.565946,52.563978,54286
13.439013,52.541109,13.447821,52.551624,54288
13.313164,52.543624,13.309282,52.568211,54292
13.435711,52.551008,13.432937,52.557297,54292
13.303411,52.505016,13.31754,52.493868,54295
13.378804,52.396313,13.387136,52.400116,54302
13.359567,52.520704,13.292771,52.506795,54303
13.385953,52.538893,13.368916,52.526177,54309
13.373978,52.597638,13.326801,52.527574,54313
13.412348,52.540163,13.459181,52.521216,54318
13.344962,52.48006,13.396204,52.462956,54323
13.540109,52.565288,13.500154,52.646821,54324
13.369227,52.436193,13.400214,52.42332,54327
13.34254,52.601944,13.304769,52.598008,54331
13.25158,52.413646,13.259286,52.430828,54335
13.553815,52.458995,13.520242,52.412076,54347
13.495033,52.537403,13.45011,52.531645,54352
13.274298,52.477149,13.294614,52.464293,54353
13.33752,52.572344,13.364574,52.556739,54356
13.323951,52.525413,13.342022,52.517876,54357
13.316456,52.478269,13.355268,52.507416,54359
13.244893,52.538206,13.358495,52.43629,54369
13.572703,52.570207,13.609933,52.53319,54371
13.377509,52.508355,13.434799,52.504546,54373
13.415083,52.522578,13.399257,52.51324,54377
13.58369,52.514913,13.592869,52.530419,54379
13.433425,52.465036,13.457111,52.44351,54380
13.32203,52.522774,13.336106,52.514222,54383
13.366252,52.532445,13.38662,52.505363,54395
13.268253,52.507474,13.247099,52.521386,54404
13.421526,52.588332,13.637849,52.52337,54412
13.351769,52.506162,13.331006,52.493169,54412
13.293814,52.508725,13.337475,52.472964,54416
13.451523,52.520402,13.351205,52.558321,54421
13.274392,52.500784,13.331611,52.577407,54433
13.452355,52.546509,13.440723,52.553688,54438
13.311023,52.476244,13.284293,52.476178,54448
13.31189,52.500428,13.313433,52.503269,54450
13.297343,52.543511,13.344756,52.522482,54450
13.418947,52.460969,13.385913,52.478194,54453
13.597766,52.453385,13.389059,52.434182,54455
13.304709,52.643132,13.289791,52.633221,54455
13.469541,52.520386,13.492284,52.516327,54458
13.413403,52.548688,13.387816,52.493315,54460
13.209508,52.55173,13.260142,52.526182,54461
13.371536,52.504802,13.289519,52.509419,54463
13.301664,52.511173,13.354151,52.534283,54464
13.579275,52.517489,13.575643,52.490117,54465
13.310788,52.575663,13.314401,52.574661,54468
13.519582,52.428352,13.58706,52.443265,54469
13.569644,52.470505,13.554598,52.45032,54473
13.574372,52.413318,13.593275,52.41008,54477
13.322862,52.508781,13.342716,52.480724,54479
13.372678,52.561741,13.222609,52.625666,54483
13.266519,52.518897,13.259067,52.502512,54483
13.296425,52.501857,13.29633,52.534634,54485
13.342445,52.458807,13.320156,52.473545,54490
13.313555,52.515284,13.339941,52.449507,54496
13.360261,52.517425,13.3082,52.496164,54505
13.181902,52.537217,13.170868,52.547913,54505
13.377642,52.577069,13.412337,52.567376,54508
13.334714,52.573697,13.351706,52.514683,54515
13.357202,52.504671,13.342022,52.517876,54520
13.379566,52.514766,13.410117,52.510586,54521
13.29682,52.472752,13.281698,52.522095,54524
13.363508,52.59509,13.363757,52.581229,54532
13.519775,52.555584,13.515857,52.532618,54533
13.298321,52.470759,13.310121,52.493447,54534
13.308935,52.464404,13.260475,52.489448,54537
13.231237,52.583707,13.292049,52.470162,54538
13.391953,52.497931,13.338376,52.521997,54541
13.560105,52.449628,13.531677,52.476917,54542
13.46227,52.570257,13.296517,52.514465,54543
13.277748,52.428617,13.243581,52.426582,54553
13.305251,52.51143,13.285938,52.510357,54554
13.303295,52.589127,13.311831,52.591828,54555
13.555412,52.513428,13.537203,52.534481,54556
13.333122,52.487672,13.36412,52.475554,54557
13.344774,52.446863,13.371173,52.413648,54557
13.265025,52.410456,13.382302,52.431116,54559
13.385476,52.467109,13.299218,52.515163,54560
13.31715,52.576293,13.32379,52.563628,54561
13.340105,52.448112,13.41991,52.414987,54562
13.310071,52.420921,13.262189,52.479876,54564
13.312636,52.499252,13.336393,52.483375,54566
13.298239,52.438972,13.290288,52.457734,54575
13.611666,52.534245,13.5812,52.548533,54577
13.313314,52.49582,13.420858,52.526203,54578
13.258286,52.454035,13.263086,52.41923,54579
13.332547,52.455019,13.314499,52.47289,54581
13.311554,52.497053,13.31997,52.505182,54583
13.432316,52.465769,13.30658,52.470335,54587
13.469188,52.518629,13.445276,52.538813,54592
13.353121,52.499379,13.37003,52.492849,54602
13.335689,52.50435,13.497834,52.436952,54606
13.474667,52.44118,13.298071,52.629518,54606
13.247539,52.544694,13.271433,52.592053,54609
13.306837,52.586176,13.324378,52.588012,54611
13.250015,52.521877,13.1363,52.51951,54613
13.491664,52.511508,13.524469,52.463843,54613
13.334273,52.490669,13.376536,52.517758,54613
13.310121,52.493447,13.30338,52.468151,54614
13.415693,52.480609,13.394083,52.49033,54616
13.452577,52.516624,13.440504,52.540713,54617
13.544261,52.526031,13.529772,52.522103,54617
13.345845,52.533066,13.355619,52.577611,54621
13.410632,52.516071,13.407452,52.526282,54622
13.337749,52.461116,13.455793,52.423187,54628
13.417703,52.464849,13.38112,52.482618,54630
13.402391,52.459459,13.295485,52.503449,54632
13.376248,52.41048,13.387608,52.438999,54637
13.649966,52.378358,13.574372,52.413318,54641
13.271159,52.498977,13.274155,52.471705,54641
13.324241,52.478721,13.357139,52.486859,54642
13.406558,52.498316,13.396723,52.487225,54648
13.513519,52.536216,13.427588,52.560561,54648
13.316816,52.525798,13.341645,52.526283,54655
13.312033,52.442423,13.283476,52.47643,54655
13.507573,52.463314,13.433593,52.445298,54659
13.585979,52.545719,13.522949,52.501206,54667
13.300751,52.503203,13.317208,52.492595,54674
13.555506,52.499829,13.433974,52.500476,54675
13.290738,52.515346,13.336155,52.530389,54677
13.44921,52.517734,13.426548,52.538528,54681
13.386083,52.48735,13.43179,52.472237,54682
13.51078,52.464154,13.56748,52.439015,54683
13.297116,52.478806,13.324841,52.491342,54684
13.44303,52.428035,13.481556,52.438712,54694
13.304429,52.518009,13.289519,52.509419,54699
13.37508,52.581943,13.423168,52.593462,54702
13.419753,52.495587,13.351385,52.528212,54706
13.199006,52.509365,13.336286,52.453143,54712
13.282321,52.475696,13.310121,52.493447,54716
13.356361,52.454882,13.385753,52.470773,54716
13.483261,52.582973,13.507013,52.571727,54717
13.270019,52.443574,13.329841,52.482379,54730
13.482209,52.445894,13.450019,52.46088,54734
13.444284,52.463691,13.476125,52.444298,54735
13.500938,52.439564,13.504382,52.460353,54743
13.33379,52.521393,13.41891,52.610112,54744
13.624742,52.450491,13.622971,52.459917,54746
13.339154,52.462826,13.333424,52.429988,54748
13.574501,52.533541,13.54457,52.538636,54751
13.578675,52.551703,13.50329,52.575854,54752
13.500641,52.547119,13.630804,52.526478,54752
13.415987,52.510372,13.391833,52.510461,54755
13.25153,52.449227,13.275468,52.478431,54757
13.45929,52.521385,13.482287,52.503385,54759
13.34383,52.48782,13.309572,52.474454,54767
13.165114,52.533312,13.142156,52.537356,54770
13.469995,52.502217,13.470035,52.495485,54772
13.345251,52.47408,13.385679,52.466091,54777
13.349567,52.437192,13.306853,52.428919,54777
13.373806,52.520908,13.334583,52.49604,54778
13.50037,52.434979,13.391252,52.513973,54780
13.414134,52.586084,13.264309,52.495815,54784
13.610095,52.507825,13.489198,52.4621,54785
13.303348,52.468052,13.317114,52.473202,54789
13.553547,52.446371,13.590829,52.418903,54795
13.504439,52.452093,13.484322,52.467167,54798
13.282561,52.451563,13.281206,52.472257,54800
13.297199,52.537626,13.269391,52.437613,54800
13.380192,52.51359,13.440325,52.499248,54815
13.266519,52.518897,13.311194,52.468621,54827
13.432316,52.465769,13.432912,52.464656,54827
13.306434,52.517555,13.336106,52.514222,54829
13.437628,52.463062,13.458088,52.464169,54833
13.167126,52.483594,13.16687,52.516723,54833
13.57512,52.40503,13.574162,52.395848,54834
13.299576,52.528766,13.270264,52.51439,54839
13.349958,52.526359,13.322776,52.511316,54840
13.590108,52.518036,13.633612,52.513614,54850
13.348473,52.42305,13.438143,52.41749,54860
13.485308,52.562358,13.431425,52.538927,54861
13.434854,52.430256,13.416224,52.382084,54863
13.280653,52.548447,13.33248,52.597771,54870
13.587412,52.522539,13.557869,52.54664,54872
13.362763,52.600563,13.354626,52.618109,54872
13.324033,52.42622,13.393987,52.434709,54873
13.535753,52.44858,13.478005,52.443789,54875
13.493115,52.523021,13.542227,52.507121,54879
13.315124,52.438075,13.366541,52.495235,54881
13.291509,52.442155,13.394592,52.465483,54885
13.505485,52.647167,13.471933,52.570739,54886
13.329279,52.591022,13.30054,52.580817,54888
13.427509,52.513199,13.476154,52.487815,54895
13.519189,52.513459,13.510237,52.499418,54898
13.442004,52.561716,13.427198,52.544469,54898
13.208182,52.427749,13.240704,52.442439,54904
13.641726,52.522615,13.598015,52.536569,54909
13.455485,52.533726,13.453834,52.532839,54910
13.307414,52.498959,13.278539,52.507165,54915
13.395081,52.532989,13.352903,52.528222,54917
13.437094,52.635659,13.492975,52.636487,54918
13.534274,52.429726,13.536602,52.435789,54921
13.369518,52.44986,13.329584,52.456265,54923
13.361121,52.561874,13.363008,52.535718,54925
13.435092,52.434405,13.421311,52.42429,54925
13.351141,52.490523,13.326935,52.498778,54926
13.365263,52.41786,13.387492,52.439512,54928
13.279543,52.468708,13.137138,52.409878,54929
13.373959,52.530532,13.387437,52.549032,54934
13.505414,52.63694,13.45288,52.608757,54945
13.329617,52.500302,13.307153,52.500094,54947
13.349812,52.473094,13.364486,52.459786,54948
13.31838,52.455007,13.405861,52.493543,54952
13.431133,52.476029,13.431977,52.515149,54954
13.232365,52.437664,13.207405,52.421367,54957
13.377886,52.468636,13.39627,52.449699,54959
13.627909,52.511581,13.596115,52.506154,54965
13.314499,52.47289,13.372811,52.446011,54973
13.442502,52.590828,13.470256,52.591134,54978
13.438152,52.546323,13.397144,52.554804,54981
13.326452,52.467103,13.295348,52.507279,54982
13.555986,52.435032,13.413482,52.464441,54982
13.312907,52.499977,13.397003,52.505349,54983
13.315395,52.470857,13.287031,52.517525,54983
13.40713,52.533251,13.414469,52.557096,55002
13.321656,52.479892,13.392265,52.507804,55002
13.40801,52.452508,13.384253,52.453463,55006
13.296656,52.588176,13.305508,52.638199,55010
13.591692,52.529249,13.678845,52.468996,55011
13.291289,52.596835,13.294804,52.576405,55014
13.509256,52.501732,13.519189,52.513459,55025
13.308602,52.578041,13.298379,52.544632,55030
13.337289,52.469264,13.306445,52.469761,55037
13.542662,52.491352,13.590208,52.435116,55037
13.519006,52.497473,13.593619,52.420043,55037
13.43803,52.566474,13.312516,52.567852,55040
13.295485,52.503449,13.324777,52.532279,55041
13.467317,52.502727,13.481461,52.485403,55052
13.345153,52.566802,13.383122,52.580088,55052
13.2179,52.610859,13.321867,52.611461,55061
13.421476,52.510207,13.426504,52.505797,55062
13.334895,52.576238,13.30994,52.569983,55063
13.45195,52.418534,13.475619,52.422573,55066
13.318698,52.458751,13.322954,52.47018,55068
13.447575,52.526238,13.44977,52.496724,55074
13.304403,52.574277,13.338707,52.559515,55076
13.446321,52.494385,13.428553,52.514939,55080
13.279252,52.447043,13.286671,52.434101,55084
13.517912,52.502484,13.509032,52.402738,55085
13.196601,52.535227,13.196052,52.552982,55087
13.439969,52.489232,13.357667,52.551759,55105
13.540635,52.430416,13.568492,52.448061,55106
13.542534,52.427129,13.558717,52.426162,55115
13.321274,52.444073,13.309204,52.46752,55118
13.363757,52.581229,13.379055,52.599988,55119
13.319366,52.489453,13.30013,52.488156,55126
13.557323,52.519982,13.512964,52.535063,55132
13.324368,52.512835,13.407975,52.50441,55136
13.434972,52.43615,13.194203,52.558734,55137
13.188215,52.532498,13.127932,52.549957,55137
13.231208,52.505295,13.276583,52.483398,55139
13.358142,52.556615,13.389319,52.538135,55155
13.431128,52.528883,13.432338,52.530297,55160
13.392853,52.417403,13.387492,52.439512,55166
13.363513,52.527767,13.372177,52.546621,55168
13.363915,52.422288,13.394394,52.462007,55169
13.171041,52.446421,13.194647,52.43176,55172
13.290568,52.533646,13.364753,52.571979,55179
13.327151,52.405703,13.361797,52.413685,55181
13.44217,52.531724,13.455753,52.539601,55181
13.277256,52.513695,13.319661,52.570513,55188
13.314863,52.5063,13.325733,52.509243,55199
13.434202,52.545895,13.384741,52.592624,55203
13.370146,52.465319,13.473567,52.469441,55209
13.378221,52.467095,13.330268,52.445302,55209
13.302497,52.471135,13.320497,52.48642,55211
13.327659,52.42848,13.300596,52.429123,55213
13.432912,52.464656,13.427881,52.467431,55220
13.436749,52.512413,13.445436,52.499258,55225
13.574372,52.413318,13.632764,52.387782,55227
13.5271,52.437836,13.511645,52.454616,55229
13.334714,52.573697,13.348737,52.548535,55230
13.311831,52.591828,13.321627,52.605442,55230
13.369061,52.488205,13.432061,52.497335,55232
13.260302,52.412313,13.325209,52.428175,55235
13.539275,52.48967,13.577592,52.470112,55238
13.232136,52.516367,13.291799,52.486225,55242
13.328636,52.527329,13.349537,52.498234,55246
13.314723,52.525777,13.336106,52.514222,55250
13.205342,52.56218,13.192358,52.526579,55255
13.388247,52.509317,13.348345,52.506902,55258
13.156163,52.517934,13.175855,52.519959,55261
13.346098,52.51916,13.328623,52.522026,55265
13.296037,52.517679,13.374948,52.487678,55269
13.428678,52.557824,13.427198,52.544469,55276
13.499784,52.553089,13.517742,52.556509,55276
13.320765,52.464399,13.327373,52.473743,55277
13.429937,52.539412,13.499705,52.534351,55278
13.274957,52.42667,13.283157,52.419958,55283
13.458982,52.515215,13.449176,52.52878,55287
13.609495,52.456335,13.576247,52.457188,55291
13.361334,52.50306,13.378228,52.49935,55292
13.187476,52.514954,13.387771,52.460548,55296
13.195405,52.54383,13.167126,52.483594,55298
13.400214,52.42332,13.390895,52.434574,55300
13.319737,52.591219,13.209508,52.55173,55300
13.289238,52.510393,13.307534,52.574378,55307
13.45233,52.557815,13.457675,52.509092,55308
13.695315,52.464069,13.608224,52.51265,55309
13.373027,52.574777,13.391028,52.563279,55311
13.581316,52.403626,13.55793,52.424276,55314
13.414664,52.54116,13.401271,52.529753,55318
13.583632,52.499366,13.573956,52.551254,55320
13.531464,52.406377,13.49644,52.415786,55326
13.6264,52.508609,13.583733,52.49728,55327
13.328843,52.454135,13.328006,52.47716,55329
13.474533,52.445082,13.439671,52.475611,55330
13.289405,52.41847,13.341285,52.433719,55331
13.470034,52.528082,13.520872,52.537433,55336
13.483271,52.576269,13.47761,52.55184,55340
13.336393,52.483375,13.317935,52.495265,55344
13.424484,52.521675,13.39993,52.515883,55353
13.360738,52.523791,13.403715,52.503373,55358
13.476972,52.513535,13.519144,52.510449,55363
13.287031,52.517525,13.30793,52.523264,55365
13.555043,52.5376,13.519675,52.553132,55367
13.268194,52.637247,13.32376,52.592971,55367
13.254156,52.508451,13.194647,52.43176,55367
13.575482,52.494667,13.520694,52.568514,55368
13.521504,52.479843,13.514337,52.468764,55370
13.443618,52.481081,13.431981,52.505757,55373
13.575414,52.48905,13.499076,52.573409,55376
13.35096,52.596411,13.36571,52.563879,55378
13.31754,52.493868,13.300596,52.488007,55379
13.340283,52.464637,13.354838,52.448905,55381
13.329729,52.458142,13.345103,52.493342,55382
13.493166,52.562708,13.509585,52.496308,55385
13.285334,52.51288,13.286025,52.476016,55387
13.398768,52.431992,13.363766,52.478389,55389
13.340193,52.483449,13.31884,52.492029,55393
13.376584,52.485385,13.31574,52.481908,55394
13.243581,52.426582,13.277748,52.428617,55395
13.311925,52.518393,13.379203,52.59578,55395
13.497629,52.618346,13.490892,52.619114,55395
13.141251,52.52747,13.188046,52.522408,55397
13.296214,52.519205,13.299286,52.513473,55397
13.576577,52.561437,13.500641,52.547119,55400
13.404447,52.377515,13.389673,52.398549,55407
13.521291,52.513342,13.50093,52.496409,55408
13.556934,52.56061,13.486649,52.551871,55408
13.468974,52.495894,13.513636,52.501047,55411
13.384143,52.598931,13.407295,52.546245,55421
13.402896,52.562231,13.426908,52.563238,55422
13.303296,52.524501,13.280634,52.516912,55427
13.320097,52.477959,13.254933,52.5161,55431
13.399467,52.535139,13.468564,52.556015,55437
13.556832,52.568988,13.580748,52.550705,55442
13.262819,52.527546,13.3375,52.473791,55446
13.293954,52.554045,13.289859,52.574805,55446
13.273333,52.486542,13.33856,52.600165,55450
13.300325,52.450866,13.309204,52.46752,55465
13.161604,52.419831,13.243341,52.446761,55465
13.53634,52.525802,13.560998,52.525155,55466
13.393166,52.517194,13.401271,52.529753,55467
13.406288,52.532273,13.405476,52.546994,55468
13.401114,52.546597,13.463597,52.560058,55474
13.355088,52.455598,13.348611,52.474231,55476
13.447821,52.551624,13.357051,52.545187,55477
13.31568,52.52671,13.308099,52.573553,55481
13.345934,52.516205,13.324933,52.517403,55484
13.241437,52.473194,13.283245,52.517522,55485
13.336282,52.595661,13.339548,52.609833,55486
13.397586,52.382099,13.583393,52.413619,55493
13.507,52.552844,13.520694,52.568514,55493
13.379161,52.507041,13.402257,52.496434,55494
13.137735,52.535125,13.150112,52.457752,55496
13.387658,52.427476,13.388157,52.437294,55507
13.398525,52.446114,13.402545,52.443478,55519
13.35396,52.562091,13.438999,52.486152,55529
13.420313,52.611048,13.428916,52.605472,55532
13.248225,52.538234,13.252153,52.550936,55533
13.443922,52.590479,13.474592,52.532609,55537
13.405061,52.385282,13.385485,52.446807,55544
13.314401,52.574661,13.265632,52.416776,55546
13.338948,52.441987,13.319992,52.456292,55552
13.425709,52.594914,13.468375,52.507082,55556
13.407975,52.50441,13.376845,52.517754,55560
13.423017,52.527786,13.451852,52.54736,55569
13.196684,52.527452,13.184987,52.549408,55577
13.330053,52.418136,13.368102,52.411779,55582
13.321274,52.444073,13.315395,52.470857,55584
13.221659,52.573004,13.180935,52.560485,55585
13.305345,52.541437,13.299486,52.586051,55587
13.44378,52.533654,13.402306,52.536804,55589
13.371105,52.425656,13.378804,52.396313,55597
13.316767,52.491162,13.306509,52.518085,55601
13.46029,52.523988,13.432447,52.535464,55602
13.33793,52.4923,13.504589,52.423277,55608
13.241007,52.510711,13.254415,52.506714,55612
13.536602,52.435789,13.529877,52.428444,55614
13.407404,52.414139,13.41626,52.444635,55620
13.290872,52.576619,13.319613,52.536992,55621
13.159414,52.541798,13.196601,52.535227,55629
13.439013,52.541109,13.464796,52.548243,55632
13.311817,52.45002,13.374625,52.46835,55634
13.376585,52.509417,13.357613,52.50703,55637
13.311554,52.497053,13.579263,52.393884,55638
13.337475,52.472964,13.355751,52.464236,55648
13.428824,52.484244,13.423189,52.48664,55648
13.342092,52.482474,13.390115,52.489631,55650
13.5812,52.548533,13.56833,52.53738,55653
13.402225,52.586477,13.412337,52.567376,55656
13.320156,52.473545,13.336442,52.548549,55657
13.293696,52.471627,13.315044,52.500995,55666
13.48504,52.402826,13.493348,52.41561,55674
13.550362,52.533599,13.530494,52.509826,55677
13.572581,52.470745,13.549965,52.532364,55678
13.436616,52.466328,13.409312,52.444925,55681
13.551954,52.519819,13.556343,52.5156,55684
13.421594,52.384652,13.389673,52.398549,55686
13.196601,52.535227,13.173309,52.522842,55687
13.190493,52.51593,13.12012,52.470146,55687
13.35229,52.494841,13.324532,52.487436,55690
13.322368,52.581555,13.329998,52.586988,55692
13.289791,52.633221,13.30168,52.637666,55694
13.334442,52.417943,13.267764,52.445989,55704
13.292209,52.619068,13.291346,52.578689,55710
13.654248,52.37464,13.615995,52.378306,55711
13.347185,52.553235,13.349503,52.542272,55713
13.340105,52.448112,13.361876,52.447225,55714
13.293584,52.599074,13.259904,52.541516,55715
13.289701,52.438661,13.314482,52.474292,55723
13.474684,52.414388,13.417705,52.376503,55724
13.515949,52.512188,13.545556,52.5541,55728
13.379384,52.540462,13.409616,52.547367,55728
13.235263,52.539574,13.31673,52.530778,55742
13.372577,52.561347,13.359223,52.568223,55748
13.455083,52.479241,13.422201,52.492979,55750
13.294869,52.430381,13.267304,52.506253,55752
13.290808,52.476521,13.251795,52.448712,55753
13.440529,52.518514,13.322621,52.497837,55757
13.287531,52.475703,13.364466,52.459606,55760
13.273348,52.426948,13.306853,52.428919,55761
13.334442,52.417943,13.332749,52.478743,55762
13.281286,52.468949,13.391953,52.497931,55768
13.47715,52.481062,13.592881,52.426461,55769
13.431401,52.467514,13.41205,52.46107,55775
13.271052,52.575853,13.246515,52.599049,55775
13.494984,52.542041,13.488361,52.5593,55777
13.464868,52.572085,13.477479,52.551896,55778
13.519007,52.577325,13.544458,52.566912,55780
13.576343,52.417875,13.534969,52.40448,55780
13.380624,52.58417,13.37762,52.5933,55781
13.431188,52.493149,13.313745,52.518166,55785
13.340655,52.59678,13.305972,52.642373,55786
13.260573,52.444475,13.233439,52.430867,55787
13.38677,52.511042,13.405589,52.508105,55788
13.625532,52.457545,13.593874,52.447478,55788
13.214211,52.509542,13.286641,52.512254,55788
13.293259,52.596085,13.342001,52.607468,55789
13.578391,52.484625,13.606223,52.484852,55793
13.302824,52.536441,13.306688,52.4859,55795
13.651027,52.449633,13.707814,52.430024,55797
13.342205,52.582788,13.283555,52.579664,55800
13.282489,52.477914,13.343054,52.437231,55800
13.274076,52.629195,13.220321,52.616685,55810
13.500812,52.427199,13.56808,52.427341,55811
13.329569,52.56794,13.351561,52.578062,55813
13.370708,52.499968,13.348493,52.507422,55814
13.308304,52.483824,13.255053,52.465528,55814
13.383533,52.538805,13.408899,52.52684,55814
13.319863,52.443612,13.324997,52.46126,55818
13.471446,52.510827,13.50526,52.511067,55819
13.324225,52.4782,13.350231,52.509334,55820
13.391833,52.510461,13.390507,52.506711,55824
13.29996,52.504865,13.298367,52.517779,55829
13.307799,52.50299,13.355616,52.460814,55830
13.424833,52.547014,13.414512,52.544226,55831
13.351205,52.558321,13.336873,52.552553,55833
13.558971,52.573983,13.486547,52.541006,55835
13.330286,52.575544,13.293053,52.576568,55850
13.304769,52.598008,13.335774,52.615816,55854
13.392495,52.413049,13.353534,52.432267,55857
13.483696,52.584046,13.483073,52.582212,55857
13.31367,52.504794,13.355433,52.482628,55857
13.554508,52.513701,13.557527,52.527412,55859
13.346348,52.431945,13.387492,52.439512,55866
13.357139,52.486859,13.353272,52.612508,55867
13.437574,52.634539,13.482231,52.618458,55874
13.306627,52.582566,13.298983,52.538137,55874
13.314858,52.493286,13.282628,52.506474,55888
13.482606,52.511533,13.461122,52.517093,55888
13.549656,52.456605,13.55494,52.43581,55890
13.363915,52.422288,13.387492,52.439512,55891
13.380724,52.454924,13.344329,52.443372,55891
13.354021,52.443361,13.349611,52.449208,55894
13.354589,52.481972,13.36081,52.49132,55897
13.252462,52.609348,13.20503,52.571206,55899
13.271376,52.489637,13.338418,52.48994,55899
13.454211,52.515705,13.445886,52.539434,55902
13.334535,52.468189,13.326028,52.479888,55903
13.500429,52.402955,13.509941,52.403086,55904
13.296311,52.541995,13.30951,52.47237,55905
13.403798,52.382061,13.404481,52.423449,55907
13.408979,52.420681,13.429429,52.415295,55907
13.481918,52.528734,13.494065,52.571369,55913
13.342028,52.490537,13.340419,52.492325,55915
13.364251,52.549661,13.413751,52.532453,55916
13.179649,52.421827,13.204479,52.420786,55918
13.535864,52.473312,13.518827,52.483311,55925
13.49644,52.415786,13.514193,52.415704,55930
13.439013,52.541109,13.45453,52.541836,55931
13.420172,52.394807,13.426282,52.385198,55938
13.427323,52.552431,13.322688,52.568161,55944
13.305749,52.533677,13.2995,52.519708,55944
13.287758,52.515181,13.249704,52.507824,55946
13.389673,52.398549,13.41245,52.392231,55948
13.484947,52.544693,13.553413,52.563209,55949
13.348516,52.546156,13.351079,52.529762,55962
13.34733,52.426514,13.315429,52.428554,55970
13.400218,52.483706,13.5254,52.399292,55975
13.513489,52.478778,13.496774,52.465518,55982
13.315639,52.488371,13.349274,52.446839,55983
13.324854,52.44867,13.412963,52.497844,55992
13.273653,52.491005,13.344308,52.494312,55996
13.610115,52.537771,13.572172,52.550433,55997
13.475515,52.513553,13.504542,52.506429,55999
13.320186,52.607112,13.342372,52.607536,56005
13.322693,52.429084,13.334224,52.450147,56008
13.419139,52.506236,13.417993,52.515461,56010
13.30013,52.488156,13.320918,52.488653,56013
13.281206,52.472257,13.264745,52.505337,56015
13.315569,52.486529,13.318715,52.498186,56016
13.320186,52.607112,13.303636,52.592655,56017
13.536428,52.432897,13.54549,52.558936,56018
13.31135,52.627583,13.289791,52.633221,56028
13.280653,52.548447,13.333508,52.544179,56031
13.42793,52.584247,13.437897,52.532647,56038
13.280476,52.503388,13.323381,52.625913,56041
13.297537,52.534585,13.377351,52.516966,56041
13.553732,52.455787,13.495103,52.518224,56044
13.295134,52.444398,13.295396,52.43779,56054
13.306044,52.501446,13.313671,52.484115,56056
13.427039,52.475512,13.393028,52.503527,56057
13.306443,52.49054,13.29365,52.486079,56063
13.340176,52.44998,13.278538,52.47518,56066
13.342751,52.525354,13.301462,52.524773,56067
13.342022,52.517876,13.371084,52.511117,56068
13.326809,52.463297,13.305788,52.459011,56068
13.403663,52.577941,13.386294,52.585245,56069
13.399381,52.594932,13.520097,52.635207,56071
13.362791,52.499682,13.341349,52.520463,56076
13.366812,52.496849,13.314277,52.508868,56076
13.2949,52.539638,13.294219,52.533498,56080
13.50329,52.575854,13.513607,52.566583,56081
13.18307,52.545572,13.217291,52.53782,56089
13.200268,52.562106,13.241919,52.50752,56099
13.2583,52.507104,13.295342,52.477037,56103
13.430338,52.501886,13.397045,52.508988,56103
13.419428,52.591449,13.633264,52.522903,56107
13.285134,52.524205,13.37562,52.540308,56108
13.219814,52.567118,13.204722,52.558358,56110
13.551117,52.511957,13.554362,52.506234,56113
13.359459,52.479993,13.575562,52.408358,56117
13.472781,52.431353,13.449947,52.445728,56118
13.274842,52.589006,13.322368,52.581555,56120
13.370525,52.468533,13.385679,52.466091,56124
13.36568,52.503082,13.406558,52.498316,56127
13.514945,52.494146,13.484272,52.50327,56142
13.496104,52.443616,13.407185,52.48613,56143
13.385753,52.470773,13.412089,52.460907,56144
13.53153,52.57471,13.513607,52.566583,56146
13.326028,52.479888,13.351732,52.505453,56153
13.266894,52.494556,13.219138,52.508745,56156
13.475351,52.544274,13.440649,52.597304,56159
13.208182,52.427749,13.232365,52.437664,56160
13.355606,52.548502,13.291148,52.513239,56166
13.298579,52.446023,13.291509,52.442155,56168
13.320777,52.570357,13.298345,52.598375,56169
13.441924,52.550303,13.378854,52.56352,56169
13.412122,52.43576,13.387492,52.439512,56173
13.423253,52.50686,13.700741,52.466265,56175
13.228121,52.509201,13.236554,52.510012,56176
13.38357,52.4359,13.286796,52.53517,56177
13.393657,52.41867,13.276558,52.468299,56179
13.56003,52.556022,13.539049,52.558597,56180
13.317999,52.48803,13.31997,52.505182,56181
13.293696,52.471627,13.310121,52.493447,56181
13.328647,52.46325,13.289993,52.488914,56181
13.296502,52.550468,13.315778,52.456051,56187
13.479174,52.484353,13.438759,52.512595,56189
13.321877,52.473535,13.342301,52.477259,56191
13.49644,52.415786,13.529001,52.405681,56200
13.331415,52.503751,13.313745,52.518166,56200
13.278098,52.526466,13.571633,52.438366,56201
13.275,52.597991,13.289353,52.587186,56206
13.385679,52.466091,13.248815,52.441131,56206
13.444158,52.529453,13.447612,52.517529,56209
13.585378,52.52129,13.58537,52.507566,56213
13.41966,52.561204,13.412185,52.557591,56213
13.422466,52.530812,13.45915,52.501165,56214
13.567695,52.564638,13.548462,52.550781,56217
13.582391,52.44269,13.571983,52.425474,56219
13.452908,52.533794,13.447422,52.535946,56222
13.45614,52.465783,13.472777,52.4612,56222
13.270289,52.516277,13.281321,52.533935,56227
13.298094,52.519481,13.326773,52.491437,56250
13.390507,52.506711,13.403787,52.512557,56251
13.306627,52.582566,13.32402,52.54238,56258
13.281206,52.472257,13.248535,52.44942,56260
13.296567,52.472162,13.344656,52.437689,56266
13.491855,52.433217,13.469962,52.472991,56269
13.407452,52.526282,13.410164,52.517568,56273
13.462294,52.432607,13.426681,52.46581,56274
13.481086,52.526776,13.450959,52.477369,56276
13.396938,52.54368,13.431425,52.538927,56276
13.524594,52.429582,13.540635,52.430416,56281
13.422251,52.50547,13.429598,52.485412,56283
13.318495,52.526247,13.452762,52.512433,56283
13.36412,52.475554,13.398873,52.4659,56286
13.290163,52.437362,13.280922,52.450862,56293
13.543981,52.568032,13.547977,52.573004,56294
13.364168,52.527032,13.302181,52.534633,56302
13.497208,52.486975,13.38633,52.490061,56305
13.415026,52.458913,13.382231,52.489858,56308
13.342572,52.486648,13.392421,52.464313,56309
13.588496,52.44108,13.700717,52.443131,56309
13.342995,52.484109,13.326108,52.485513,56311
13.262061,52.501105,13.31838,52.455007,56312
13.368951,52.574627,13.427633,52.566941,56312
13.345251,52.47408,13.31005,52.467771,56314
13.273532,52.409879,13.374697,52.434305,56319
13.302286,52.40864,13.312752,52.459689,56323
13.556343,52.5156,13.565808,52.526979,56323
13.277095,52.441611,13.544351,52.410559,56326
13.292008,52.549564,13.328458,52.534628,56327
13.480348,52.451822,13.417541,52.462532,56330
13.481461,52.485403,13.460064,52.4932,56337
13.340005,52.530031,13.310135,52.539452,56339
13.366727,52.500769,13.376585,52.509417,56341
13.289519,52.509419,13.230616,52.621548,56349
13.47181,52.547688,13.427198,52.544469,56353
13.479548,52.520468,13.450069,52.515621,56353
13.555778,52.548375,13.541012,52.541819,56356
13.56483,52.531378,13.533972,52.528897,56359
13.209331,52.565105,13.161806,52.523549,56363
13.338494,52.494396,13.331386,52.469672,56363
13.326108,52.485513,13.289846,52.586417,56365
13.478168,52.506582,13.491774,52.533886,56366
13.218868,52.424988,13.211285,52.436875,56366
13.2423,52.542413,13.208939,52.532648,56367
13.367465,52.551556,13.313164,52.543624,56368
13.526439,52.481245,13.536071,52.48982,56372
13.196601,52.535227,13.175696,52.517337,56374
13.275468,52.478431,13.289945,52.482246,56379
13.417993,52.515461,13.432624,52.502415,56379
13.44387,52.525169,13.403771,52.551301,56382
13.302456,52.547895,13.298264,52.524278,56384
13.516073,52.565814,13.489051,52.541379,56385
13.301461,52.443007,13.432377,52.450454,56386
13.53554,52.42598,13.55282,52.437402,56389
13.328276,52.478775,13.330803,52.490825,56391
13.516925,52.48622,13.526439,52.481245,56393
13.32325,52.573133,13.35396,52.562091,56393
13.504838,52.468112,13.599742,52.516783,56394
13.409233,52.429558,13.403488,52.433356,56394
13.500118,52.407642,13.46515,52.429588,56403
13.277748,52.428617,13.269892,52.450918,56404
13.205995,52.545125,13.23225,52.539345,56404
13.339381,52.579198,13.312688,52.618519,56404
13.300596,52.501946,13.328231,52.508056,56405
13.536011,52.458526,13.511645,52.454616,56412
13.414718,52.545132,13.429574,52.554524,56422
13.30658,52.470335,13.310121,52.493447,56432
13.381685,52.439571,13.421008,52.467379,56433
13.398869,52.523265,13.394212,52.507916,56441
13.283476,52.47643,13.32423,52.477391,56447
13.424219,52.550805,13.449918,52.51999,56451
13.326801,52.527574,13.306,52.525765,56454
13.42378,52.538157,13.410147,52.528551,56461
13.335203,52.471309,13.35398,52.494741,56471
13.274841,52.581367,13.315464,52.452424,56471
13.34199,52.523107,13.314827,52.499668,56473
13.392997,52.545362,13.376167,52.536105,56474
13.478794,52.433552,13.251098,52.450085,56475
13.292947,52.434509,13.315812,52.463609,56476
13.355433,52.482628,13.36081,52.49132,56479
13.29287,52.467529,13.262189,52.479876,56481
13.326935,52.498778,13.356373,52.490202,56495
13.363757,52.581229,13.388227,52.596429,56499
13.385913,52.478194,13.344937,52.482622,56507
13.296037,52.517679,13.305801,52.469391,56507
13.473076,52.437569,13.449947,52.445728,56519
13.290486,52.49919,13.320314,52.478819,56521
13.398892,52.418258,13.339304,52.424134,56525
13.422211,52.559826,13.344529,52.573864,56527
13.319686,52.471618,13.344152,52.467478,56530
13.339276,52.461988,13.354838,52.448905,56530
13.588781,52.512706,13.60408,52.526673,56537
13.343717,52.5015,13.352238,52.480193,56542
13.322901,52.444872,13.309369,52.468129,56542
13.520152,52.494852,13.521935,52.500437,56549
13.305654,52.442054,13.330865,52.485064,56549
13.321591,52.577313,13.329671,52.602009,56550
13.392882,52.524981,13.420221,52.536123,56556
13.416764,52.519404,13.4108,52.503873,56558
13.418303,52.462451,13.341347,52.528111,56563
13.448889,52.497238,13.418016,52.498817,56568
13.313314,52.49582,13.247539,52.544694,56571
13.506879,52.401202,13.506229,52.412759,56572
13.395502,52.515154,13.447821,52.551624,56572
13.520505,52.570305,13.55818,52.570794,56575
13.38662,52.505363,13.431345,52.502943,56575
13.517126,52.467704,13.535862,52.477896,56578
13.324532,52.487436,13.323316,52.492024,56589
13.496104,52.443616,13.559531,52.534072,56593
13.330813,52.491149,13.320346,52.48138,56594
13.367583,52.591358,13.227692,52.576177,56596
13.478497,52.404904,13.408951,52.39398,56601
13.240704,52.442439,13.23897,52.425192,56610
13.302497,52.471135,13.256696,52.485992,56610
13.340766,52.461648,13.317208,52.492595,56611
13.464724,52.524409,13.448881,52.52429,56613
13.374705,52.427475,13.383076,52.411218,56615
13.351079,52.529762,13.37841,52.534299,56618
13.40434,52.533131,13.466916,52.553016,56623
13.319992,52.456292,13.315676,52.437844,56626
13.322621,52.497837,13.261055,52.51794,56631
13.436976,52.465182,13.333831,52.460972,56637
13.382478,52.630378,13.455531,52.593006,56641
13.303636,52.592655,13.274841,52.581367,56645
13.422054,52.492963,13.397078,52.50027,56646
13.460474,52.44114,13.509032,52.402738,56648
13.366799,52.542927,13.338284,52.547567,56654
13.354626,52.618109,13.362763,52.600563,56657
13.316384,52.440371,13.315584,52.44313,56661
13.350768,52.5393,13.299975,52.52132,56667
13.506177,52.555947,13.523095,52.544586,56669
13.371198,52.551638,13.387437,52.549032,56670
13.46602,52.465095,13.457734,52.478391,56672
13.270496,52.537754,13.371439,52.580134,56672
13.433883,52.640452,13.492975,52.636487,56674
13.284612,52.473991,13.324241,52.478721,56676
13.455535,52.47955,13.467104,52.485294,56678
13.25158,52.413646,13.421904,52.38286,56678
13.305251,52.51143,13.300949,52.515396,56683
13.446658,52.420316,13.296229,52.50221,56683
13.336282,52.595661,13.360216,52.619789,56686
13.32177,52.493021,13.295172,52.491284,56686
13.509975,52.507672,13.479382,52.523859,56696
13.355554,52.566414,13.332136,52.595214,56696
13.420719,52.548807,13.415501,52.525485,56699
13.625254,52.541393,13.554629,52.564649,56700
13.54457,52.538636,13.58043,52.552947,56700
13.309876,52.502023,13.318698,52.458751,56700
13.446345,52.531412,13.426829,52.525843,56701
13.422519,52.452199,13.305453,52.487441,56705
13.509367,52.47617,13.568477,52.453831,56712
13.492975,52.636487,13.433883,52.640452,56720
13.511645,52.454616,13.534524,52.439897,56732
13.442502,52.590828,13.409727,52.617466,56736
13.47299,52.467156,13.474979,52.460184,56736
13.411594,52.501051,13.3891,52.498055,56738
13.351933,52.48993,13.354207,52.41921,56739
13.49644,52.415786,13.508094,52.403658,56740
13.341876,52.492318,13.36412,52.475554,56742
13.289353,52.587186,13.342306,52.562431,56751
13.245419,52.544303,13.271945,52.534827,56751
13.590874,52.530662,13.552691,52.541523,56753
13.516618,52.419978,13.501155,52.403126,56754
13.514607,52.641343,13.427345,52.544935,56756
13.281698,52.522095,13.29682,52.472752,56757
13.600607,52.531654,13.618697,52.45532,56757
13.402979,52.498304,13.393166,52.517194,56763
13.317784,52.538423,13.279803,52.541006,56764
13.494677,52.514328,13.481329,52.51473,56775
13.432873,52.422227,13.414437,52.409337,56775
13.310033,52.466702,13.338743,52.579574,56777
13.300596,52.488007,13.31695,52.468216,56779
13.380449,52.499261,13.359076,52.521986,56796
13.334583,52.49604,13.373806,52.520908,56798
13.280634,52.516912,13.254415,52.506714,56800
13.247099,52.521386,13.268253,52.507474,56804
13.533581,52.519376,13.53767,52.530143,56804
13.643072,52.456035,13.562565,52.456372,56807
13.535366,52.511426,13.458828,52.511433,56810
13.548128,52.473845,13.527096,52.49212,56819
13.431425,52.538927,13.451415,52.560909,56824
13.419482,52.403039,13.394847,52.412131,56825
13.23425,52.420946,13.30629,52.520163,56826
13.344756,52.522482,13.353938,52.524013,56833
13.335292,52.479586,13.332742,52.463914,56835
13.343619,52.520473,13.345934,52.516205,56837
13.175296,52.546476,13.226894,52.549709,56838
13.346645,52.566884,13.357033,52.559881,56843
13.56833,52.53738,13.5812,52.548533,56844
13.359956,52.520906,13.44953,52.451386,56847
13.541431,52.534435,13.519015,52.516517,56851
13.415949,52.527044,13.383436,52.516509,56857
13.28006,52.53163,13.284089,52.518681,56859
13.241253,52.509504,13.376933,52.572808,56864
13.369348,52.490799,13.359032,52.481409,56868
13.32379,52.563628,13.38192,52.59112,56874
13.45516,52.543518,13.560374,52.561985,56882
13.521437,52.483879,13.489259,52.467393,56884
13.431425,52.538927,13.417809,52.518007,56884
13.426282,52.385198,13.419781,52.39314,56887
13.434234,52.529241,13.469426,52.530633,56888
13.35096,52.596411,13.382444,52.603067,56890
13.447237,52.50745,13.453572,52.523127,56890
13.429098,52.49135,13.565838,52.529055,56892
13.291447,52.475211,13.291933,52.477227,56893
13.464257,52.523651,13.366443,52.613983,56895
13.271577,52.458863,13.232699,52.442801,56897
13.584987,52.444938,13.579619,52.458922,56897
13.31179,52.479768,13.335313,52.458429,56899
13.412185,52.557591,13.418446,52.554218,56903
13.381326,52.457236,13.469782,52.437556,56909
13.557527,52.527412,13.554508,52.513701,56913
13.563873,52.548808,13.584556,52.526289,56913
13.321627,52.605442,13.294468,52.513427,56914
13.414512,52.544226,13.455693,52.541372,56916
13.497472,52.486513,13.446765,52.489077,56919
13.310709,52.481029,13.339047,52.463672,56921
13.321274,52.444073,13.23216,52.431914,56925
13.377318,52.545564,13.388099,52.537772,56926
13.262609,52.503778,13.456338,52.442818,56926
13.328814,52.486866,13.36081,52.49132,56931
13.305064,52.502661,13.277679,52.484141,56935
13.630313,52.393811,13.574372,52.413318,56941
13.298001,52.447377,13.33717,52.482306,56942
13.29633,52.534634,13.373188,52.487887,56943
13.350477,52.564378,13.363757,52.581229,56945
13.361141,52.495863,13.312305,52.483231,56947
13.631498,52.513419,13.612194,52.512039,56955
13.259904,52.541516,13.268589,52.517626,56959
13.317114,52.473202,13.2962,52.483696,56965
13.502703,52.470234,13.489259,52.467393,56972
13.374625,52.46835,13.349789,52.450707,56974
13.220906,52.559207,13.188539,52.510657,56974
13.455753,52.539601,13.44217,52.531724,56975
13.308487,52.482033,13.362519,52.483256,56975
13.406989,52.518271,13.415688,52.527172,56981
13.331138,52.518969,13.405526,52.509814,56981
13.590024,52.548316,13.600999,52.487745,56982
13.338707,52.559515,13.304403,52.574277,56983
13.418847,52.411639,13.427497,52.418257,56989
13.529772,52.522103,13.543172,52.520203,56991
13.473209,52.599105,13.471038,52.615354,57000
13.320559,52.454569,13.293584,52.599074,57005
13.23225,52.539345,13.20491,52.571135,57007
13.579082,52.525679,13.555412,52.513428,57008
13.420105,52.496455,13.438226,52.520169,57010
13.352276,52.453141,13.394394,52.462007,57012
13.21482,52.431761,13.268657,52.478073,57013
13.486298,52.412724,13.473209,52.415997,57013
13.297209,52.526473,13.306638,52.51749,57019
13.342146,52.461543,13.147706,52.523552,57029
13.361797,52.413685,13.327151,52.405703,57039
13.442502,52.590828,13.470256,52.591134,57048
13.225785,52.437445,13.284761,52.474061,57051
13.343748,52.488989,13.332925,52.495259,57053
13.387492,52.439512,13.366327,52.436586,57058
13.520694,52.568514,13.507,52.552844,57061
13.482841,52.526377,13.538435,52.569695,57062
13.56748,52.439015,13.564685,52.438584,57063
13.285757,52.46988,13.31179,52.479768,57067
13.268589,52.517626,13.327413,52.448677,57070
13.567227,52.556052,13.575615,52.558062,57071
13.3869,52.461403,13.326875,52.448863,57072
13.489259,52.467393,13.475627,52.449643,57075
13.257176,52.518808,13.292616,52.509556,57085
13.596929,52.507474,13.561686,52.504259,57090
13.363008,52.535718,13.361121,52.561874,57091
13.366541,52.495235,13.342089,52.478511,57094
13.375501,52.470021,13.340315,52.470515,57097
13.448782,52.559755,13.506996,52.575519,57100
13.524056,52.428474,13.485785,52.466475,57103
13.483696,52.584046,13.507145,52.566099,57106
13.259625,52.438077,13.308501,52.461686,57108
13.510268,52.414379,13.455054,52.497082,57109
13.389685,52.555305,13.370417,52.53982,57112
13.453834,52.532839,13.387771,52.460548,57113
13.359735,52.504193,13.386889,52.484905,57121
13.297681,52.539472,13.30377,52.525583,57122
13.33625,52.467496,13.316122,52.434568,57122
13.332569,52.456699,13.31726,52.452485,57131
13.331124,52.46342,13.36412,52.475554,57136
13.400812,52.406479,13.536298,52.416479,57138
13.404472,52.442116,13.399754,52.456111,57141
13.420172,52.394807,13.41321,52.382893,57142
13.419807,52.579006,13.408902,52.557756,57144
13.389673,52.398549,13.416355,52.391213,57148
13.159337,52.544477,13.185033,52.538003,57152
13.342146,52.461543,13.342353,52.459644,57172
13.537541,52.529399,13.617864,52.512015,57174
13.452264,52.481244,13.474461,52.479001,57179
13.284089,52.518681,13.261877,52.518839,57183
13.323678,52.468788,13.435114,52.418345,57186
13.222495,52.586107,13.235755,52.582788,57186
13.380424,52.518189,13.363652,52.536052,57195
13.530966,52.51026,13.495248,52.541975,57195
13.2962,52.483696,13.320484,52.499713,57197
13.391024,52.571062,13.338954,52.589376,57200
13.414469,52.557096,13.40713,52.533251,57201
13.311715,52.487147,13.3398,52.518934,57201
13.319535,52.467073,13.313361,52.468777,57208
13.129227,52.548705,13.145812,52.540807,57208
13.399266,52.532068,13.42291,52.558649,57216
13.260738,52.489373,13.281612,52.510538,57223
13.461122,52.517093,13.469188,52.518629,57228
13.243581,52.426582,13.273709,52.435895,57234
13.318797,52.443373,13.292991,52.492719,57234
13.419858,52.442633,13.431401,52.467514,57240
13.400059,52.539392,13.371515,52.509808,57245
13.306504,52.461816,13.300596,52.488007,57247
13.615009,52.508073,13.630217,52.509042,57247
13.28938,52.48405,13.363874,52.450949,57251
13.336286,52.453143,13.289109,52.449632,57255
13.485164,52.427504,13.522404,52.435137,57255
13.133154,52.411543,13.179649,52.421827,57256
13.353633,52.437901,13.375232,52.452894,57280
13.284293,52.476178,13.330803,52.490825,57283
13.406042,52.382888,13.385519,52.464269,57283
13.539049,52.558597,13.460748,52.528009,57284
13.554598,52.45032,13.553181,52.469383,57285
13.307724,52.468732,13.310121,52.493447,57286
13.247956,52.516282,13.262803,52.494627,57288
13.475196,52.461835,13.433825,52.477803,57288
13.388712,52.50071,13.435631,52.491666,57289
13.431425,52.538927,13.514867,52.56893,57293
13.485452,52.587547,13.557438,52.57359,57293
13.542446,52.502418,13.599795,52.535251,57294
13.353121,52.546796,13.359567,52.520704,57298
13.352571,52.48675,13.385521,52.464808,57299
13.576247,52.457188,13.609495,52.456335,57300
13.38787,52.502958,13.34768,52.486159,57307
13.482606,52.511533,13.511274,52.432197,57314
13.466831,52.495211,13.527949,52.489547,57314
13.575406,52.543999,13.563802,52.538959,57321
13.254933,52.5161,13.272365,52.500456,57321
13.256696,52.485992,13.281321,52.533935,57323
13.458664,52.538496,13.442447,52.546486,57329
13.57344,52.404055,13.560327,52.426365,57331
13.46432,52.504723,13.512955,52.464504,57332
13.455325,52.478097,13.529001,52.405681,57342
13.298905,52.498559,13.341876,52.492318,57346
13.588332,52.502709,13.501523,52.572057,57347
13.319613,52.536992,13.223316,52.544075,57349
13.352012,52.435879,13.297587,52.472294,57351
13.557287,52.50731,13.535246,52.482209,57357
13.515823,52.452918,13.497744,52.464607,57358
13.388803,52.503136,13.412809,52.507723,57358
13.468564,52.556015,13.516082,52.569508,57362
13.546689,52.521757,13.615009,52.508073,57364
13.322139,52.511207,13.342995,52.480712,57368
13.377227,52.599119,13.455693,52.541372,57370
13.378804,52.396313,13.371105,52.425656,57371
13.389033,52.423074,13.387492,52.439512,57376
13.351073,52.510367,13.174835,52.552394,57380
13.394394,52.462007,13.351099,52.451671,57385
13.39236,52.555525,13.458406,52.549823,57390
13.278595,52.471063,13.276583,52.483398,57394
13.417728,52.607359,13.442502,52.590828,57396
13.461841,52.450902,13.456079,52.473747,57396
13.366046,52.5035,13.346286,52.495944,57398
13.289945,52.482246,13.306574,52.479098,57399
13.335318,52.469295,13.466495,52.442207,57403
13.432937,52.557297,13.466107,52.557061,57404
13.306143,52.635217,13.307504,52.618477,57407
13.559634,52.441734,13.528398,52.401006,57409
13.406312,52.576345,13.475576,52.60321,57409
13.390895,52.434574,13.399477,52.433934,57424
13.432836,52.517538,13.424165,52.501799,57425
13.433973,52.420803,13.329777,52.408972,57426
13.38491,52.460816,13.385753,52.470773,57430
13.439013,52.541109,13.4576,52.545977,57431
13.137287,52.412815,13.200329,52.426023,57434
13.39244,52.506832,13.42501,52.519278,57435
13.349611,52.449208,13.349274,52.446839,57441
13.483366,52.577337,13.42951,52.541682,57442
13.274431,52.459353,13.31013,52.478879,57446
13.384812,52.440829,13.499716,52.42653,57446
13.303313,52.600657,13.308041,52.472467,57448
13.484322,52.467167,13.275849,52.417844,57452
13.358495,52.43629,13.334062,52.413157,57458
13.405698,52.42889,13.309876,52.502023,57464
13.427588,52.560561,13.41025,52.562072,57464
13.51122,52.509625,13.404219,52.581484,57465
13.41176,52.459824,13.417138,52.460982,57474
13.467317,52.502727,13.45348,52.480627,57476
13.298367,52.517779,13.245553,52.444868,57480
13.282958,52.469273,13.313164,52.543624,57485
13.51472,52.532551,13.465047,52.510655,57492
13.522404,52.435137,13.323316,52.492024,57494
13.327456,52.524358,13.331136,52.572452,57496
13.37762,52.5933,13.41172,52.543127,57500
13.298345,52.598375,13.307436,52.572105,57502
13.5221,52.402454,13.46602,52.465095,57504
13.350302,52.551501,13.362934,52.522867,57508
13.570004,52.548349,13.504236,52.512131,57520
13.291799,52.486225,13.298102,52.528243,57523
13.441517,52.470411,13.448977,52.425132,57531
13.346279,52.550118,13.328458,52.534628,57532
13.421077,52.481866,13.444537,52.470042,57534
13.386307,52.553413,13.527398,52.568302,57536
13.490892,52.619114,13.502508,52.643529,57537
13.399376,52.51234,13.346331,52.509909,57539
13.570178,52.555276,13.483611,52.515996,57553
13.452367,52.512492,13.413555,52.512594,57553
13.237059,52.529032,13.358402,52.537847,57553
13.195127,52.548237,13.298279,52.52426,57556
13.299715,52.519508,13.351079,52.529762,57568
13.526439,52.481245,13.537786,52.49297,57572
13.338074,52.523699,13.397998,52.510712,57574
13.375928,52.489356,13.396358,52.49104,57578
13.433025,52.468115,13.445188,52.482275,57578
13.37233,52.569006,13.375951,52.567841,57580
13.483696,52.584046,13.516082,52.569508,57584
13.529877,52.428444,13.538109,52.428822,57584
13.283459,52.579917,13.354155,52.541616,57586
13.325208,52.537783,13.276529,52.586642,57588
13.628283,52.540381,13.553811,52.549462,57589
13.460584,52.510198,13.475246,52.480034,57589
13.339,52.469379,13.314499,52.47289,57592
13.588842,52.526636,13.474898,52.549663,57594
13.364211,52.494165,13.327456,52.524358,57598
13.264085,52.536727,13.342157,52.517973,57612
13.485979,52.496697,13.450853,52.548361,57619
13.339281,52.595762,13.342001,52.607468,57621
13.519015,52.516517,13.575615,52.558062,57622
13.436577,52.477338,13.456079,52.473747,57623
13.463685,52.451041,13.429708,52.460237,57623
13.308095,52.46835,13.300596,52.488007,57631
13.274957,52.42667,13.273709,52.435895,57643
13.447245,52.530565,13.475515,52.513553,57643
13.273546,52.541775,13.31647,52.5669,57647
13.314863,52.5063,13.435114,52.418345,57650
13.326773,52.491437,13.335015,52.478708,57650
13.535849,52.40907,13.45348,52.480627,57651
13.228065,52.421604,13.302354,52.419945,57653
13.306895,52.586122,13.294804,52.576405,57654
13.333511,52.493707,13.289519,52.509419,57654
13.364574,52.556739,13.369297,52.526568,57660
13.264097,52.575083,13.319946,52.496034,57664
13.376792,52.478822,13.382367,52.504523,57666
13.307534,52.574378,13.247815,52.523257,57666
13.467766,52.464049,13.678659,52.417328,57668
13.169822,52.545183,13.155996,52.461101,57675
13.218679,52.538983,13.205153,52.524607,57678
13.375377,52.520746,13.349548,52.52454,57680
13.194153,52.430884,13.217805,52.428028,57683
13.570727,52.557039,13.588085,52.519124,57692
13.377724,52.417751,13.349433,52.437122,57696
13.290844,52.444562,13.404447,52.377515,57699
13.260142,52.526182,13.305586,52.483494,57702
13.275756,52.493957,13.284089,52.518681,57704
13.481689,52.546864,13.480998,52.509728,57712
13.370703,52.515884,13.363052,52.517626,57712
13.395722,52.567115,13.395082,52.594345,57713
13.353534,52.432267,13.330126,52.475725,57715
13.36571,52.563879,13.262309,52.439361,57718
13.466291,52.508617,13.430401,52.499279,57720
13.290351,52.49157,13.345766,52.494323,57720
13.45478,52.521324,13.425131,52.512994,57721
13.382367,52.504523,13.402617,52.502182,57723
13.422466,52.530812,13.388331,52.533923,57724
13.326085,52.485234,13.369297,52.526568,57725
13.393673,52.541112,13.385494,52.591213,57730
13.476154,52.487815,13.59139,52.507854,57731
13.359735,52.504193,13.457734,52.478391,57732
13.323106,52.433043,13.365214,52.542208,57734
13.368368,52.596652,13.352628,52.52933,57735
13.216779,52.423877,13.214671,52.439707,57736
13.385522,52.507425,13.412616,52.535217,57737
13.299278,52.602975,13.326801,52.527574,57743
13.344617,52.506361,13.371367,52.501758,57743
13.336873,52.552553,13.334453,52.561711,57743
13.456448,52.500048,13.443299,52.516288,57744
13.384011,52.457006,13.388654,52.494186,57749
13.314145,52.479274,13.314143,52.507809,57753
13.274289,52.510447,13.312478,52.469757,57756
13.420059,52.550739,13.379185,52.568882,57758
13.561867,52.535102,13.532666,52.521859,57758
13.329357,52.575572,13.357029,52.574548,57759
13.256696,52.485992,13.379797,52.521692,57759
13.343127,52.485536,13.314028,52.576498,57761
13.30867,52.485734,13.315429,52.428554,57761
13.32517,52.569769,13.306574,52.479098,57761
13.438759,52.512595,13.508396,52.478349,57768
13.57859,52.566156,13.554024,52.546313,57768
13.585979,52.545719,13.557035,52.525181,57772
13.313853,52.525759,13.203215,52.417572,57776
13.297061,52.526942,13.291604,52.510708,57776
13.462466,52.498114,13.410273,52.499359,57777
13.387346,52.422717,13.361846,52.436719,57784
13.304985,52.51341,13.354455,52.56045,57792
13.469383,52.460488,13.442987,52.483847,57792
13.291509,52.442155,13.492283,52.420216,57800
13.417361,52.394652,13.512414,52.405364,57801
13.477809,52.504672,13.529065,52.510258,57801
13.475515,52.513553,13.481793,52.532888,57802
13.335203,52.471309,13.343717,52.49041,57803
13.357033,52.559881,13.339548,52.609833,57803
13.289993,52.488914,13.328647,52.46325,57805
13.386766,52.491288,13.355268,52.507416,57808
13.290632,52.500168,13.365471,52.497314,57812
13.351079,52.529762,13.348516,52.546156,57814
13.557438,52.57359,13.526725,52.460165,57816
13.409581,52.585357,13.412337,52.567376,57817
13.344943,52.460621,13.301513,52.487152,57821
13.324933,52.517403,13.345934,52.516205,57824
13.270912,52.433742,13.301405,52.436106,57830
13.636687,52.388213,13.574372,52.413318,57831
13.54653,52.506328,13.582694,52.519978,57831
13.363194,52.550275,13.381568,52.552273,57834
13.211285,52.436875,13.220231,52.431741,57834
13.435529,52.547262,13.357859,52.538887,57834
13.414742,52.504635,13.442447,52.52489,57839
13.438658,52.591963,13.40736,52.613638,57846
13.306301,52.470356,13.275673,52.518062,57853
13.691614,52.451611,13.700741,52.466265,57861
13.391634,52.530253,13.380017,52.602412,57861
13.422139,52.457758,13.413482,52.464441,57867
13.59682,52.507295,13.610181,52.504921,57872
13.412516,52.408533,13.398461,52.388856,57874
13.533972,52.528897,13.498771,52.544573,57884
13.55793,52.424276,13.589203,52.43663,57886
13.182142,52.549437,13.319906,52.578194,57887
13.331441,52.522147,13.349503,52.542272,57891
13.248566,52.550255,13.258884,52.548133,57894
13.280638,52.492233,13.335969,52.49997,57906
13.483309,52.576529,13.474572,52.590478,57917
13.438862,52.537821,13.453648,52.544165,57918
13.359902,52.612549,13.447952,52.6111,57920
13.324532,52.487436,13.303411,52.505016,57933
13.433974,52.500476,13.536089,52.510176,57933
13.451333,52.483808,13.467317,52.502727,57936
13.289712,52.472273,13.319992,52.456292,57946
13.310022,52.451487,13.361815,52.525747,57948
13.358132,52.593993,13.332374,52.60303,57953
13.455719,52.549272,13.489673,52.519703,57954
13.329922,52.568898,13.268997,52.572631,57958
13.6348,52.448798,13.625466,52.456952,57960
13.359609,52.447646,13.298567,52.48359,57960
13.413299,52.506926,13.417993,52.515461,57961
13.310247,52.601066,13.294804,52.576405,57962
13.442447,52.546486,13.458664,52.538496,57971
13.542541,52.410061,13.545193,52.4258,57974
13.505728,52.55145,13.61671,52.540755,57981
13.337922,52.473624,13.448018,52.463564,57981
13.320315,52.498016,13.296835,52.429227,57985
13.391801,52.461427,13.280071,52.518311,57986
13.45592,52.574029,13.255299,52.446248,57987
13.253761,52.444925,13.271796,52.421545,57990
13.480115,52.526815,13.44989,52.5129,57996
13.307504,52.618477,13.331061,52.623993,57999
13.317208,52.492595,13.300751,52.503203,58003
13.276583,52.483398,13.265473,52.487103,58013
13.435299,52.514462,13.436451,52.534409,58015
13.427881,52.467431,13.513472,52.405791,58015
13.571968,52.547209,13.619283,52.528146,58016
13.37069,52.563229,13.303506,52.537557,58016
13.335313,52.458429,13.328373,52.471278,58017
13.262525,52.451015,13.335318,52.469295,58017
13.384047,52.495175,13.446733,52.54771,58019
13.551169,52.548112,13.56623,52.52061,58020
13.314995,52.453975,13.334674,52.573365,58020
13.364119,52.584344,13.364189,52.563807,58028
13.615026,52.454714,13.531409,52.530629,58030
13.185033,52.538003,13.159337,52.544477,58032
13.382835,52.548034,13.349948,52.534214,58032
13.339181,52.500032,13.312753,52.512084,58037
13.568492,52.448061,13.536436,52.42595,58038
13.304769,52.598008,13.340855,52.429706,58041
13.399477,52.433934,13.392421,52.464313,58050
13.372922,52.549731,13.352124,52.55033,58054
13.361855,52.549401,13.364189,52.563807,58055
13.200515,52.518265,13.247052,52.544187,58061
13.385753,52.470773,13.377796,52.452576,58076
13.300949,52.515396,13.32181,52.505144,58076
13.204722,52.558358,13.159488,52.413705,58079
13.358605,52.434123,13.364968,52.436368,58083
13.417993,52.515461,13.397975,52.51091,58083
13.547589,52.484915,13.526439,52.481245,58087
13.571265,52.525864,13.493321,52.537766,58091
13.424589,52.469826,13.506847,52.417514,58092
13.278097,52.428982,13.342276,52.46049,58100
13.41233,52.541466,13.38219,52.531262,58102
13.501482,52.559637,13.347984,52.556183,58102
13.30203,52.539487,13.322632,52.537417,58112
13.329909,52.44314,13.322785,52.455209,58115
13.318489,52.470949,13.310546,52.451786,58118
13.362519,52.483256,13.35454,52.534476,58122
13.295199,52.599785,13.306895,52.586122,58134
13.591061,52.508137,13.535366,52.511426,58135
13.540635,52.430416,13.522485,52.427703,58138
13.327924,52.547692,13.340681,52.516911,58142
13.336442,52.548549,13.283282,52.655085,58145
13.296668,52.513592,13.300663,52.51619,58148
13.560199,52.562041,13.571556,52.545983,58148
13.287071,52.51739,13.260738,52.489373,58149
13.477479,52.551896,13.434166,52.555628,58150
13.452459,52.542517,13.526761,52.563133,58159
13.325862,52.585857,13.268995,52.485205,58161
13.487265,52.414374,13.455793,52.423187,58165
13.344329,52.443372,13.325015,52.493703,58166
13.376709,52.510099,13.406558,52.498316,58170
13.605205,52.536499,13.572172,52.550433,58180
13.505805,52.484376,13.388412,52.532762,58180
13.50526,52.511067,13.426394,52.511954,58181
13.187339,52.520222,13.19976,52.53541,58183
13.468701,52.497425,13.445451,52.538748,58191
13.515132,52.567183,13.562161,52.486099,58191
13.247857,52.539307,13.318986,52.462486,58193
13.178775,52.540969,13.447956,52.519484,58195
13.432624,52.502415,13.434946,52.481042,58197
13.303411,52.419403,13.291604,52.510708,58200
13.429429,52.415295,13.408979,52.420681,58204
13.335015,52.478708,13.330564,52.495088,58206
13.316458,52.516285,13.282888,52.501232,58206
13.417138,52.460982,13.42494,52.457913,58210
13.394404,52.486515,13.360657,52.48636,58213
13.504589,52.423277,13.436976,52.465182,58214
13.426504,52.505797,13.431695,52.54135,58215
13.391445,52.43197,13.422969,52.394971,58218
13.344937,52.487924,13.36412,52.475554,58219
13.453695,52.473758,13.532719,52.39935,58220
13.377453,52.517882,13.365339,52.51015,58221
13.293752,52.548188,13.378633,52.451102,58222
13.44977,52.496724,13.398155,52.514709,58229
13.479134,52.459045,13.442878,52.488145,58231
13.447612,52.517529,13.379464,52.54021,58231
13.318715,52.498186,13.325836,52.578155,58234
13.289725,52.473693,13.328772,52.486948,58234
13.403715,52.503373,13.532916,52.406718,58235
13.43709,52.476361,13.419819,52.472498,58236
13.507942,52.550235,13.460053,52.535486,58236
13.416351,52.45159,13.388502,52.424887,58244
13.393623,52.564668,13.422148,52.573388,58251
13.246515,52.599049,13.226036,52.57658,58261
13.3038,52.496276,13.272226,52.509894,58261
13.207472,52.538765,13.177325,52.5529,58263
13.361236,52.589877,13.508713,52.54734,58264
13.262536,52.541318,13.327784,52.522063,58265
13.54185,52.425646,13.510863,52.438215,58266
13.41025,52.562072,13.427588,52.560561,58266
13.343465,52.430935,13.196597,52.509632,58267
13.411007,52.530554,13.410905,52.541142,58272
13.386501,52.512815,13.401668,52.506157,58272
13.550362,52.533599,13.544642,52.544882,58275
13.35917,52.546484,13.3504,52.565727,58276
13.273902,52.489951,13.535685,52.405621,58286
13.403488,52.433356,13.301654,52.511362,58287
13.384648,52.529292,13.372065,52.548708,58288
13.617527,52.483988,13.607834,52.529785,58300
13.352622,52.489832,13.56129,52.399129,58307
13.425963,52.478185,13.456079,52.473747,58309
13.322368,52.581555,13.274842,52.589006,58312
13.427039,52.475512,13.408068,52.489346,58317
13.351575,52.415825,13.394913,52.422583,58318
13.55912,52.532846,13.546977,52.505648,58322
13.329841,52.482379,13.414892,52.451518,58322
13.455749,52.469113,13.504493,52.451975,58323
13.286931,52.472276,13.300596,52.488007,58325
13.374941,52.503019,13.338324,52.522223,58325
13.439996,52.489609,13.400424,52.499449,58329
13.177716,52.490975,13.141014,52.531399,58352
13.31726,52.452485,13.504197,52.436808,58357
13.516082,52.569508,13.444809,52.548372,58362
13.255053,52.465528,13.269937,52.497453,58366
13.330188,52.485071,13.343673,52.491372,58370
13.348232,52.526307,13.328107,52.525924,58380
13.353938,52.524013,13.294728,52.491729,58403
13.441791,52.468871,13.468346,52.475743,58405
13.492975,52.636487,13.441936,52.636481,58406
13.511946,52.542761,13.608405,52.538972,58409
13.240704,52.442439,13.242228,52.4302,58410
13.259286,52.430828,13.250121,52.4213,58422
13.216891,52.527102,13.270837,52.506682,58427
13.408902,52.557756,13.421559,52.582517,58431
13.342139,52.489834,13.323528,52.493711,58431
13.567042,52.540929,13.541565,52.542891,58436
13.260641,52.478248,13.263463,52.487879,58438
13.317208,52.492595,13.325836,52.578155,58440
13.436766,52.487177,13.398236,52.502432,58445
13.556732,52.557009,13.600719,52.538384,58459
13.454087,52.601525,13.442502,52.590828,58460
13.37872,52.505168,13.47761,52.55184,58461
13.563481,52.4457,13.584501,52.440405,58464
13.447422,52.535946,13.414095,52.488133,58465
13.517171,52.444623,13.491855,52.433217,58468
13.449287,52.443983,13.473963,52.425811,58471
13.133476,52.553993,13.123654,52.530802,58473
13.269935,52.51372,13.317999,52.48803,58484
13.223199,52.510177,13.264812,52.483066,58484
13.315139,52.494335,13.354685,52.487489,58488
13.27015,52.507894,13.359143,52.595203,58490
13.463597,52.560058,13.487858,52.537494,58493
13.300513,52.517099,13.262645,52.507606,58500
13.346286,52.495944,13.366046,52.5035,58503
13.579619,52.458922,13.611419,52.477978,58509
13.501155,52.403126,13.516618,52.419978,58509
13.348904,52.562158,13.358495,52.590951,58510
13.466107,52.557061,13.465259,52.551958,58519
13.412963,52.497844,13.265005,52.50209,58520
13.460675,52.468082,13.441791,52.468871,58524
13.593547,52.522681,13.57859,52.566156,58524
13.383076,52.411218,13.387038,52.430225,58532
13.368584,52.450553,13.385753,52.470773,58542
13.318302,52.461748,13.310552,52.466831,58543
13.631588,52.394925,13.635131,52.391012,58554
13.235755,52.582788,13.28334,52.589983,58554
13.505757,52.517855,13.496484,52.534123,58555
13.427881,52.467431,13.468645,52.438298,58560
13.430261,52.53034,13.4628,52.514835,58564
13.34204,52.552269,13.349503,52.542272,58569
13.398236,52.502432,13.397078,52.50027,58573
13.318714,52.57286,13.333574,52.560939,58575
13.314401,52.574661,13.289427,52.578674,58576
13.325733,52.509243,13.317985,52.476266,58577
13.580748,52.550705,13.598648,52.534925,58580
13.268002,52.572912,13.3151,52.564012,58583
13.273682,52.528158,13.428754,52.424416,58587
13.341349,52.520463,13.326713,52.52318,58589
13.311162,52.453694,13.270019,52.443574,58591
13.608224,52.51265,13.607439,52.529881,58593
13.291148,52.513239,13.346321,52.602009,58595
13.35396,52.547227,13.367244,52.551558,58596
13.432377,52.450454,13.43624,52.452537,58597
13.25158,52.413646,13.273572,52.456621,58604
13.454574,52.57037,13.405851,52.51398,58616
13.586487,52.444917,13.515547,52.402448,58622
13.381404,52.555968,13.393384,52.589664,58628
13.368899,52.505741,13.251731,52.411703,58629
13.640081,52.385856,13.632482,52.394068,58635
13.417834,52.543926,13.426248,52.523828,58637
13.36412,52.475554,13.340172,52.470184,58638
13.398476,52.492839,13.423295,52.482154,58645
13.277079,52.479672,13.365798,52.584234,58649
13.297209,52.526473,13.281068,52.524241,58653
13.294219,52.533498,13.314976,52.514028,58657
13.327879,52.531076,13.262252,52.506235,58657
13.431401,52.467514,13.414134,52.451734,58661
13.421412,52.398639,13.389673,52.398549,58667
13.610181,52.504921,13.628807,52.51315,58672
13.348737,52.548535,13.128954,52.522573,58675
13.433883,52.640452,13.492975,52.636487,58676
13.41321,52.382893,13.41013,52.381186,58676
13.313361,52.468777,13.313133,52.470478,58681
13.560833,52.414899,13.574474,52.417405,58687
13.426796,52.504831,13.396207,52.513213,58687
13.313164,52.543624,13.367465,52.551556,58692
13.488379,52.470972,13.51409,52.462431,58693
13.346598,52.59709,13.286092,52.474802,58693
13.349274,52.446839,13.361654,52.444298,58694
13.406161,52.482664,13.425485,52.479782,58701
13.282628,52.506474,13.318719,52.517491,58702
13.506229,52.412759,13.506879,52.401202,58702
13.445818,52.496979,13.404829,52.535507,58702
13.364753,52.571979,13.290568,52.533646,58703
13.340289,52.475485,13.387038,52.430225,58703
13.481329,52.51473,13.527398,52.568302,58704
13.581573,52.505181,13.518647,52.505872,58705
13.306509,52.518085,13.334335,52.498559,58707
13.366799,52.542927,13.350477,52.564378,58709
13.519775,52.555584,13.500641,52.547119,58710
13.150173,52.539606,13.174598,52.540201,58712
13.554629,52.564649,13.506149,52.568044,58728
13.498771,52.544573,13.565403,52.525124,58729
13.501535,52.559466,13.518881,52.513939,58733
13.311814,52.596178,13.31816,52.589313,58734
13.346331,52.509909,13.399376,52.51234,58738
13.420791,52.439189,13.393354,52.423958,58740
13.35301,52.433414,13.32833,52.47864,58746
13.388331,52.533923,13.498844,52.538946,58746
13.382231,52.489858,13.362791,52.499682,58747
13.288969,52.412588,13.287162,52.433817,58747
13.262061,52.501105,13.319906,52.578194,58749
13.274841,52.581367,13.274861,52.577475,58756
13.449254,52.452378,13.419563,52.465024,58759
13.395221,52.524405,13.367326,52.508185,58763
13.360307,52.509839,13.384889,52.484983,58766
13.534819,52.457265,13.520816,52.474406,58767
13.449575,52.53015,13.569301,52.534015,58767
13.431977,52.515149,13.363495,52.457721,58767
13.43366,52.512522,13.369719,52.536359,58770
13.261055,52.51794,13.307815,52.502046,58776
13.270019,52.443574,13.24686,52.442212,58776
13.361027,52.540738,13.361191,52.544627,58778
13.332915,52.578094,13.314401,52.574661,58780
13.332749,52.478743,13.331125,52.453219,58785
13.438086,52.601963,13.393371,52.573461,58789
13.706851,52.424142,13.660979,52.412725,58791
13.378116,52.456213,13.422139,52.457758,58791
13.427078,52.535771,13.446531,52.500332,58797
13.271945,52.534827,13.299218,52.515163,58805
13.374412,52.483227,13.363198,52.459055,58805
13.370751,52.505135,13.351039,52.489598,58813
13.196601,52.535227,13.194906,52.554206,58816
13.480417,52.523109,13.499478,52.521637,58816
13.391953,52.497931,13.320179,52.474309,58816
13.575643,52.490117,13.563132,52.497697,58818
13.382888,52.485006,13.4605,52.468156,58819
13.340105,52.448112,13.349614,52.492086,58819
13.41844,52.500088,13.379279,52.489623,58824
13.588989,52.526607,13.50111,52.483106,58826
13.497043,52.466953,13.468098,52.509386,58828
13.563731,52.393803,13.433226,52.499667,58839
13.271304,52.497349,13.295633,52.479416,58843
13.509784,52.561796,13.559224,52.574438,58844
13.342537,52.463255,13.339281,52.426309,58845
13.331632,52.461733,13.516504,52.413634,58846
13.337638,52.459401,13.329841,52.482379,58854
13.397667,52.495177,13.365079,52.503196,58855
13.320346,52.48138,13.330813,52.491149,58856
13.352394,52.45074,13.310875,52.465336,58856
13.478806,52.41413,13.586907,52.436167,58856
13.557116,52.544952,13.472278,52.494738,58862
13.279626,52.503514,13.402617,52.502182,58865
13.304898,52.547742,13.41697,52.52855,58868
13.547889,52.565492,13.514329,52.539602,58868
13.247044,52.543369,13.270761,52.547925,58869
13.405304,52.505152,13.330798,52.514039,58872
13.299563,52.446461,13.249412,52.523977,58873
13.455613,52.461862,13.44475,52.468017,58877
13.388803,52.503136,13.430679,52.475198,58881
13.262803,52.494627,13.313555,52.515284,58888
13.485344,52.437226,13.511645,52.454616,58889
13.393657,52.41867,13.345352,52.415159,58893
13.38802,52.497447,13.361815,52.525747,58895
13.343767,52.609219,13.333831,52.595626,58896
13.42709,52.502995,13.473562,52.464453,58898
13.363757,52.581229,13.384523,52.595044,58899
13.32829,52.454356,13.31179,52.479768,58900
13.49644,52.415786,13.502619,52.434078,58900
13.272365,52.500456,13.299043,52.600524,58902
13.469531,52.520971,13.498771,52.544573,58903
13.464724,52.524409,13.479739,52.523081,58904
13.650435,52.377533,13.574372,52.413318,58912
13.512523,52.543238,13.52914,52.52851,58912
13.402511,52.592217,13.369101,52.548697,58920
13.330177,52.525658,13.35893,52.521071,58922
13.383533,52.538805,13.411042,52.513244,58928
13.353307,52.492008,13.377751,52.563614,58929
13.370417,52.53982,13.378035,52.56468,58930
13.371367,52.501758,13.346198,52.509434,58931
13.225683,52.565,13.184987,52.549408,58936
13.410585,52.545406,13.358325,52.523423,58940
13.647755,52.410061,13.70581,52.425352,58943
13.462238,52.432697,13.449254,52.452378,58944
13.217805,52.428028,13.253261,52.408667,58949
13.231192,52.587913,13.323951,52.525413,58950
13.350394,52.614922,13.222094,52.528729,58953
13.166414,52.52398,13.193309,52.52089,58956
13.319573,52.486521,13.331089,52.495424,58956
13.368301,52.522518,13.416317,52.497255,58957
13.596487,52.435112,13.496774,52.465518,58957
13.380235,52.532831,13.40927,52.557743,58958
13.397144,52.554804,13.427796,52.561969,58960
13.37554,52.443418,13.361876,52.447225,58961
13.144301,52.454349,13.127724,52.447516,58965
13.19541,52.549951,13.207472,52.538765,58971
13.500124,52.573854,13.479755,52.565627,58975
13.489151,52.512124,13.50502,52.509227,58977
13.363885,52.528338,13.391457,52.557253,58986
13.328458,52.534628,13.304902,52.54785,58988
13.558717,52.426162,13.596411,52.485461,58988
13.498343,52.399495,13.284293,52.476178,58991
13.377796,52.452576,13.385753,52.470773,58996
13.402127,52.590828,13.393623,52.564668,59002
13.647046,52.342519,13.656807,52.415129,59005
13.42202,52.423922,13.553234,52.447912,59010
13.574162,52.395848,13.301724,52.424491,59011
13.356373,52.490202,13.385004,52.4502,59011
13.295485,52.503449,13.474484,52.408818,59012
13.390358,52.386687,13.406837,52.393097,59022
13.615424,52.531812,13.562164,52.557971,59029
13.354888,52.575921,13.313123,52.574828,59031
13.554362,52.506234,13.525019,52.569051,59031
13.271796,52.421545,13.348224,52.451471,59032
13.568477,52.453831,13.489949,52.418124,59038
13.422519,52.452199,13.37948,52.509698,59040
13.311919,52.57157,13.249632,52.509434,59045
13.213346,52.437492,13.255046,52.449765,59048
13.480998,52.509728,13.33064,52.499554,59053
13.280835,52.477753,13.290155,52.496947,59056
13.521935,52.500437,13.49588,52.505964,59058
13.3632,52.597053,13.337312,52.58198,59059
13.391952,52.520273,13.385965,52.515895,59065
13.293053,52.576568,13.330286,52.575544,59066
13.319863,52.443612,13.330268,52.445302,59067
13.334762,52.533029,13.330853,52.52902,59070
13.498799,52.516415,13.479763,52.501889,59071
13.534969,52.40448,13.268893,52.404402,59083
13.348493,52.507422,13.361401,52.481391,59086
13.439013,52.541109,13.467634,52.546698,59088
13.617041,52.451064,13.499729,52.534207,59088
13.310552,52.466831,13.33329,52.481523,59092
13.401583,52.51226,13.3637,52.565152,59092
13.497744,52.464607,13.515823,52.452918,59099
13.427198,52.544469,13.435917,52.556425,59127
13.270207,52.590979,13.332866,52.575506,59128
13.240075,52.618726,13.270281,52.516008,59130
13.402274,52.422927,13.447808,52.429379,59137
13.376077,52.410167,13.438263,52.419367,59140
13.181117,52.482745,13.171805,52.549881,59143
13.656172,52.527096,13.56743,52.572487,59144
13.353938,52.524013,13.29579,52.533822,59146
13.436081,52.509536,13.446574,52.521361,59164
13.518968,52.43315,13.456639,52.437683,59166
13.334841,52.575457,13.351578,52.572391,59174
13.196601,52.535227,13.205153,52.524607,59176
13.52053,52.551413,13.471334,52.532587,59180
13.43624,52.452537,13.315186,52.447053,59182
13.580536,52.452079,13.507141,52.463176,59187
13.319473,52.528384,13.303411,52.505016,59191
13.415888,52.439912,13.387492,52.439512,59195
13.448563,52.52539,13.428895,52.537726,59201
13.449486,52.47913,13.532339,52.461684,59204
13.326456,52.421214,13.384309,52.391476,59206
13.55282,52.437402,13.547121,52.426709,59207
13.28006,52.53163,13.284089,52.518681,59208
13.275814,52.455303,13.309204,52.46752,59215
13.467317,52.502727,13.453975,52.488934,59218
13.320327,52.411927,13.318112,52.417461,59219
13.394847,52.412131,13.406873,52.392396,59223
13.303744,52.551574,13.301753,52.587868,59226
13.354316,52.564532,13.352321,52.524139,59226
13.480115,52.526815,13.475515,52.513553,59229
13.32183,52.50189,13.29931,52.447866,59229
13.498141,52.563733,13.436506,52.551897,59230
13.324777,52.532279,13.346598,52.59709,59235
13.434799,52.504546,13.435232,52.530487,59235
13.465259,52.551958,13.438907,52.555427,59235
13.509585,52.496308,13.519447,52.553359,59236
13.571588,52.436686,13.540315,52.435157,59244
13.590829,52.418903,13.564516,52.448347,59247
13.345934,52.516205,13.325958,52.518659,59259
13.365257,52.583468,13.289427,52.578674,59272
13.575615,52.558062,13.555777,52.56626,59274
13.412396,52.537988,13.348759,52.606412,59277
13.294528,52.620067,13.283555,52.579664,59277
13.574372,52.413318,13.636687,52.388213,59277
13.392175,52.392624,13.304351,52.46166,59282
13.385654,52.464806,13.298983,52.538137,59285
13.457062,52.524837,13.541708,52.542745,59287
13.169946,52.511624,13.213781,52.552172,59295
13.289109,52.449632,13.473905,52.467666,59296
13.44078,52.517199,13.408777,52.511995,59297
13.355981,52.486064,13.249527,52.523374,59301
13.296069,52.482754,13.282628,52.506474,59302
13.321388,52.462594,13.320713,52.477907,59303
13.488073,52.50768,13.565808,52.526979,59306
13.461906,52.488792,13.51078,52.464154,59309
13.40453,52.495203,13.4108,52.503873,59316
13.44543,52.493695,13.435927,52.48041,59320
13.415501,52.525485,13.420719,52.548807,59321
13.397306,52.569172,13.364189,52.563807,59322
13.420858,52.526203,13.413678,52.511406,59324
13.513693,52.542972,13.552691,52.541523,59328
13.426681,52.46581,13.456079,52.473747,59329
13.476722,52.468305,13.331235,52.486102,59332
13.250121,52.4213,13.273709,52.435895,59334
13.291346,52.578689,13.331061,52.623993,59335
13.507801,52.477727,13.476154,52.487815,59341
13.522404,52.435137,13.496394,52.434373,59342
13.490129,52.498784,13.467317,52.502727,59351
13.323374,52.437587,13.295551,52.442578,59351
13.317434,52.588719,13.385508,52.617383,59352
13.45516,52.543518,13.495163,52.536458,59355
13.292616,52.509556,13.337396,52.462585,59362
13.3082,52.496164,13.297243,52.51062,59366
13.426796,52.504831,13.431345,52.502943,59366
13.4782,52.436004,13.186504,52.511666,59370
13.368524,52.567568,13.281229,52.482682,59371
13.455325,52.478097,13.481619,52.489652,59374
13.439013,52.541109,13.45997,52.547188,59381
13.341003,52.447643,13.291933,52.477227,59385
13.38045,52.518072,13.415553,52.544025,59386
13.4421,52.46574,13.395609,52.429737,59386
13.349622,52.575442,13.311347,52.615622,59386
13.375232,52.452894,13.435912,52.440183,59395
13.43624,52.452537,13.463643,52.463534,59398
13.579376,52.445974,13.571899,52.568357,59399
13.483027,52.408972,13.493174,52.436112,59407
13.518414,52.456812,13.469383,52.460488,59411
13.607855,52.487203,13.563919,52.556321,59411
13.450796,52.531888,13.407112,52.56033,59417
13.480224,52.613675,13.469153,52.602274,59423
13.342255,52.46705,13.32005,52.434111,59429
13.471886,52.515171,13.482606,52.511533,59430
13.345114,52.448846,13.306221,52.471148,59435
13.305226,52.511592,13.336106,52.514222,59440
13.409329,52.498408,13.38665,52.511924,59441
13.315429,52.428554,13.319573,52.486521,59443
13.287469,52.475569,13.310121,52.493447,59449
13.434166,52.555628,13.470764,52.555197,59452
13.577603,52.445737,13.616835,52.448272,59456
13.461916,52.535229,13.434234,52.529241,59457
13.519675,52.553132,13.555043,52.5376,59462
13.267732,52.506779,13.303411,52.505016,59467
13.441642,52.501236,13.469844,52.482258,59475
13.469114,52.543354,13.522435,52.568968,59477
13.338767,52.4268,13.371658,52.423592,59485
13.306574,52.479098,13.331002,52.585062,59485
13.321145,52.52078,13.390647,52.500894,59499
13.571556,52.545983,13.477693,52.532795,59521
13.322862,52.508781,13.379653,52.552807,59532
13.363481,52.48152,13.415928,52.459513,59535
13.332925,52.495259,13.403715,52.503373,59536
13.328258,52.468925,13.360657,52.48636,59537
13.32886,52.480098,13.423883,52.463462,59546
13.402545,52.443478,13.411261,52.459884,59547
13.519396,52.428939,13.519971,52.449908,59548
13.572007,52.560258,13.556071,52.548731,59550
13.236554,52.510012,13.296311,52.541995,59554
13.300663,52.51619,13.305117,52.528768,59557
13.338376,52.521997,13.313342,52.532802,59558
13.611742,52.512971,13.542446,52.502418,59559
13.399754,52.456111,13.409668,52.446404,59560
13.450724,52.480068,13.422201,52.492979,59563
13.390968,52.544613,13.367465,52.551556,59566
13.342844,52.476714,13.309204,52.46752,59568
13.38219,52.531262,13.395827,52.541644,59569
13.403469,52.582949,13.450012,52.61892,59574
13.555007,52.558676,13.54964,52.543639,59576
13.363929,52.57348,13.367465,52.551556,59580
13.394115,52.426654,13.387492,52.439512,59583
13.546612,52.400814,13.503532,52.411679,59586
13.384136,52.458191,13.41251,52.421691,59596
13.311715,52.487147,13.316717,52.500797,59598
13.281212,52.523116,13.322595,52.487646,59602
13.304456,52.488576,13.526861,52.428815,59602
13.304677,52.484619,13.333836,52.464063,59603
13.376585,52.509417,13.389866,52.488735,59603
13.330564,52.495088,13.314866,52.469398,59605
13.342163,52.565003,13.313821,52.476312,59606
13.488436,52.407682,13.49644,52.415786,59607
13.366799,52.542927,13.353052,52.56709,59609
13.480585,52.490429,13.467317,52.502727,59612
13.349433,52.437122,13.216516,52.424473,59622
13.357033,52.559881,13.429429,52.555065,59622
13.442574,52.558429,13.437957,52.600284,59627
13.349789,52.450707,13.280933,52.443106,59630
13.630217,52.509042,13.607737,52.504945,59632
13.305586,52.483494,13.305251,52.51143,59632
13.179649,52.421827,13.137287,52.412815,59638
13.346098,52.51916,13.290475,52.479221,59640
13.300109,52.599147,13.336282,52.595661,59641
13.175855,52.519959,13.30351,52.538689,59645
13.19976,52.53541,13.180659,52.528233,59653
13.35257,52.564363,13.202976,52.542549,59653
13.323882,52.538301,13.380449,52.499261,59654
13.519189,52.513459,13.519971,52.538658,59656
13.314858,52.493286,13.343354,52.479944,59660
13.452762,52.512433,13.297116,52.478806,59663
13.310953,52.474376,13.395712,52.419041,59672
13.364466,52.459606,13.411866,52.498522,59675
13.593739,52.414397,13.580154,52.498487,59675
13.317536,52.470573,13.278655,52.490367,59682
13.609354,52.529459,13.566373,52.54491,59682
13.279803,52.541006,13.16923,52.555622,59686
13.330803,52.490825,13.328276,52.478775,59687
13.449254,52.452378,13.41782,52.444662,59689
13.50502,52.509227,13.484043,52.511353,59690
13.320248,52.565986,13.390458,52.55925,59691
13.322238,52.56059,13.341766,52.557314,59699
13.476125,52.444298,13.444284,52.463691,59700
13.281186,52.51359,13.284723,52.540405,59701
13.544088,52.424475,13.496774,52.465518,59701
13.364222,52.457434,13.385753,52.470773,59701
13.450853,52.548361,13.378898,52.556447,59707
13.405304,52.505152,13.414665,52.501319,59708
13.442535,52.486235,13.37616,52.519398,59711
13.354819,52.45881,13.314294,52.454639,59713
13.398885,52.532603,13.368916,52.526177,59714
13.496484,52.534123,13.505757,52.517855,59714
13.332136,52.595214,13.333068,52.578263,59714
13.319213,52.554126,13.347455,52.470586,59717
13.20503,52.571206,13.20416,52.543769,59720
13.55872,52.570212,13.37425,52.556816,59723
13.47299,52.467156,13.478497,52.404904,59724
13.303824,52.470707,13.278375,52.508623,59730
13.315584,52.44313,13.30937,52.438912,59730
13.388712,52.50071,13.4108,52.503873,59731
13.560327,52.426365,13.574372,52.413318,59734
13.417809,52.518007,13.431425,52.538927,59735
13.441623,52.46331,13.219575,52.513891,59736
13.359966,52.520753,13.336535,52.517659,59738
13.342461,52.477186,13.288454,52.473041,59739
13.384533,52.515346,13.402031,52.492564,59740
13.331125,52.453219,13.391149,52.431902,59741
13.337401,52.471473,13.375635,52.409184,59743
13.261762,52.421779,13.260842,52.450296,59747
13.341374,52.502416,13.349033,52.489477,59751
13.367842,52.416177,13.413482,52.464441,59754
13.35454,52.534476,13.400482,52.580405,59754
13.322059,52.410371,13.361654,52.444298,59756
13.232365,52.437664,13.205435,52.419743,59757
13.465138,52.437649,13.361324,52.479388,59766
13.32177,52.493021,13.324276,52.479889,59767
13.222644,52.424922,13.2602,52.434521,59771
13.310546,52.451786,13.332156,52.459121,59777
13.568405,52.529973,13.611264,52.511189,59794
13.473209,52.415997,13.41626,52.444635,59795
13.407185,52.48613,13.41205,52.46107,59816
13.457062,52.524837,13.441282,52.532067,59818
13.442647,52.547185,13.407713,52.53168,59820
13.416377,52.547188,13.352327,52.548297,59824
13.285619,52.507529,13.322379,52.521135,59826
13.284089,52.518681,13.301874,52.54019,59829
13.454211,52.515705,13.456491,52.536967,59832
13.568072,52.492923,13.605907,52.538781,59832
13.434946,52.481042,13.469844,52.482258,59835
13.239181,52.438455,13.248815,52.441131,59835
13.504838,52.468112,13.484245,52.426842,59846
13.473963,52.425811,13.484831,52.407107,59857
13.322632,52.537417,13.299087,52.534182,59858
13.361846,52.436719,13.405505,52.428371,59859
13.48021,52.47005,13.441791,52.468871,59859
13.3151,52.564012,13.268002,52.572912,59860
13.464031,52.511108,13.48743,52.545318,59862
13.380307,52.505994,13.398155,52.514709,59863
13.405325,52.590683,13.442145,52.571861,59865
13.347736,52.575032,13.444338,52.557823,59868
13.428553,52.514939,13.437792,52.513677,59876
13.395439,52.413167,13.405129,52.398519,59876
13.500641,52.547119,13.634653,52.538468,59890
13.327213,52.446891,13.325141,52.508666,59892
13.282628,52.506474,13.263449,52.515632,59902
13.279803,52.541006,13.31873,52.546393,59904
13.522938,52.537506,13.511709,52.571433,59909
13.43064,52.528835,13.47527,52.502727,59910
13.196389,52.558838,13.262061,52.501105,59913
13.246976,52.54408,13.274703,52.536936,59922
13.271376,52.489637,13.340283,52.464637,59926
13.325611,52.565818,13.339937,52.549561,59929
13.638373,52.526347,13.606099,52.521828,59932
13.49027,52.628612,13.437846,52.54461,59933
13.506996,52.575519,13.448782,52.559755,59935
13.488361,52.5593,13.466342,52.536702,59936
13.631483,52.396059,13.531273,52.405112,59937
13.438991,52.535474,13.457405,52.524536,59938
13.475576,52.60321,13.428699,52.577956,59942
13.342001,52.607468,13.339281,52.595762,59942
13.442447,52.52489,13.418933,52.508081,59945
13.262061,52.501105,13.25116,52.453311,59948
13.393354,52.423958,13.417421,52.504126,59957
13.315044,52.500995,13.322994,52.499936,59965
13.490849,52.570493,13.417421,52.504126,59965
13.306895,52.586122,13.329814,52.569213,59968
13.515569,52.573442,13.47181,52.547688,59969
13.505098,52.560175,13.530881,52.519689,59971
13.36021,52.560573,13.356424,52.595073,59977
13.360657,52.48636,13.386057,52.483243,59978
13.27753,52.551573,13.311038,52.575642,59978
13.31384,52.4868,13.422103,52.462567,59978
13.562527,52.534185,13.562796,52.567453,59981
13.329777,52.408972,13.341012,52.422775,59990
13.495103,52.518224,13.446402,52.52778,59991
13.29682,52.472752,13.332742,52.463914,59992
13.133372,52.547667,13.191187,52.514351,59995
13.349548,52.52454,13.375377,52.520746,59998
13.373188,52.487887,13.314482,52.474292,60007
13.5913,52.42339,13.700741,52.466265,60009
13.429018,52.518375,13.410469,52.516962,60011
13.301513,52.487152,13.413786,52.511557,60014
13.296559,52.470365,13.392421,52.464313,60020
13.394284,52.56502,13.439725,52.574982,60033
13.241235,52.526085,13.283953,52.578626,60034
13.391683,52.511307,13.410291,52.529825,60038
13.431345,52.502943,13.439257,52.489519,60038
13.54857,52.4969,13.584959,52.49818,60039
13.322044,52.497251,13.303112,52.512829,60039
13.352903,52.528222,13.326198,52.567681,60039
13.379534,52.58376,13.347702,52.574412,60042
13.277095,52.441611,13.227832,52.426459,60044
13.2516,52.441335,13.257999,52.439308,60045
13.482841,52.526377,13.562161,52.486099,60045
13.42527,52.52819,13.38219,52.531262,60046
13.372812,52.567446,13.318691,52.574065,60048
13.550963,52.553984,13.471256,52.535545,60051
13.43427,52.486506,13.419573,52.49639,60052
13.415853,52.383346,13.366516,52.4194,60054
13.382444,52.603067,13.459207,52.529097,60055
13.30958,52.479181,13.329592,52.451187,60062
13.432833,52.456317,13.406486,52.484072,60062
13.388897,52.446776,13.38653,52.451495,60064
13.3343,52.492538,13.336896,52.480062,60066
13.291189,52.539741,13.263187,52.488008,60067
13.4485,52.553,13.59947,52.529566,60068
13.236719,52.599188,13.245553,52.612468,60071
13.434709,52.466072,13.299552,52.470583,60078
13.375242,52.465009,13.322216,52.495604,60084
13.445188,52.482275,13.393729,52.510789,60089
13.545193,52.4258,13.542541,52.410061,60091
13.318656,52.478999,13.296439,52.529331,60091
13.197832,52.520341,13.238432,52.507125,60092
13.471038,52.615354,13.427028,52.636823,60093
13.590833,52.505084,13.46866,52.531946,60095
13.36288,52.52445,13.370417,52.53982,60099
13.277881,52.415422,13.283629,52.433667,60100
13.484947,52.544693,13.382456,52.493765,60105
13.329691,52.510061,13.30313,52.513431,60109
13.394394,52.462007,13.281887,52.432922,60112
13.335312,52.474418,13.319237,52.447744,60114
13.560105,52.449628,13.579619,52.458922,60115
13.342688,52.494322,13.363837,52.497333,60117
13.326667,52.530955,13.406558,52.498316,60118
13.382798,52.439441,13.463753,52.466408,60120
13.56808,52.427341,13.448147,52.481385,60123
13.373117,52.452056,13.385753,52.470773,60124
13.431762,52.452357,13.506307,52.402971,60124
13.44098,52.482335,13.470316,52.553728,60126
13.46602,52.465095,13.47092,52.463758,60128
13.345352,52.415159,13.393657,52.41867,60130
13.24146,52.509538,13.179852,52.526723,60130
13.355751,52.464236,13.337475,52.472964,60131
13.330853,52.52902,13.340892,52.49578,60146
13.24686,52.442212,13.301304,52.583694,60147
13.329559,52.461298,13.570679,52.398312,60147
13.355616,52.460814,13.405119,52.431009,60156
13.198445,52.555303,13.229672,52.507783,60157
13.377071,52.413787,13.338036,52.427428,60160
13.499478,52.521637,13.480417,52.523109,60161
13.349548,52.52454,13.387377,52.526106,60165
13.155883,52.458451,13.138199,52.533107,60165
13.420677,52.503243,13.42302,52.513765,60166
13.326923,52.496441,13.352238,52.480193,60170
13.318112,52.417461,13.324366,52.417714,60172
13.316282,52.508908,13.312752,52.459689,60173
13.499013,52.433567,13.403234,52.383739,60175
13.1942,52.430992,13.283163,52.510162,60178
13.603056,52.544248,13.581719,52.507211,60180
13.434359,52.547555,13.551505,52.568491,60189
13.263463,52.487879,13.330177,52.525658,60193
13.51885,52.513463,13.525089,52.535788,60194
13.293884,52.479004,13.306749,52.446769,60195
13.519182,52.538444,13.507656,52.535868,60197
13.417767,52.525853,13.402257,52.496434,60203
13.540315,52.435157,13.516618,52.419978,60210
13.423295,52.482154,13.474767,52.549719,60210
13.323557,52.431914,13.291933,52.477227,60213
13.553986,52.569816,13.451472,52.523791,60215
13.612194,52.512039,13.606467,52.527467,60224
13.333044,52.578928,13.372206,52.572126,60229
13.2995,52.519708,13.364462,52.459499,60233
13.480168,52.520065,13.516123,52.546338,60235
13.599904,52.44622,13.57925,52.458469,60236
13.371198,52.551638,13.370708,52.499968,60256
13.403252,52.528121,13.365507,52.552109,60261
13.311162,52.453694,13.29515,52.434431,60265
13.370563,52.556813,13.521228,52.575005,60265
13.633612,52.513614,13.624282,52.516277,60275
13.38633,52.490061,13.379279,52.489623,60276
13.428916,52.605472,13.429709,52.597643,60280
13.452923,52.554788,13.446574,52.521361,60283
13.22332,52.435511,13.240704,52.442439,60293
13.419819,52.472498,13.43709,52.476361,60300
13.579619,52.458922,13.58707,52.481579,60309
13.331775,52.478637,13.36412,52.475554,60313
13.497834,52.436952,13.487393,52.450475,60314
13.205153,52.524607,13.183267,52.484962,60316
13.21859,52.558647,13.177243,52.547059,60319
13.334335,52.498559,13.455275,52.435551,60325
13.635328,52.521742,13.581874,52.539797,60329
13.376415,52.543076,13.41456,52.553051,60330
13.458982,52.515215,13.52462,52.513757,60334
13.464345,52.521412,13.471642,52.532098,60337
13.332827,52.506629,13.322216,52.495604,60341
13.316545,52.51082,13.389147,52.52755,60342
13.31865,52.463559,13.47694,52.464707,60344
13.349948,52.534214,13.30203,52.539487,60345
13.296098,52.596737,13.297481,52.591132,60346
13.296595,52.426569,13.268928,52.441465,60350
13.319946,52.496034,13.36081,52.49132,60353
13.259904,52.541516,13.276472,52.57096,60353
13.572172,52.550433,13.548462,52.550781,60360
13.419314,52.48745,13.281149,52.513851,60361
13.305508,52.638199,13.328559,52.53114,60363
13.589203,52.43663,13.578943,52.405905,60364
13.345934,52.516205,13.320484,52.499713,60370
13.310135,52.539452,13.349503,52.542272,60372
13.356373,52.490202,13.389319,52.538135,60372
13.352238,52.480193,13.339005,52.492314,60373
13.398476,52.492839,13.402629,52.511798,60373
13.461256,52.477637,13.441791,52.468871,60373
13.505623,52.511359,13.477809,52.504672,60376
13.434827,52.45658,13.449947,52.445728,60383
13.412695,52.582614,13.429518,52.576391,60387
13.406837,52.393097,13.390358,52.386687,60387
13.288754,52.495371,13.366209,52.499247,60388
13.373938,52.571387,13.377042,52.560755,60399
13.379185,52.568882,13.412337,52.567376,60400
13.444284,52.463691,13.463878,52.450643,60402
13.315395,52.470857,13.314277,52.508868,60406
13.43046,52.492484,13.459176,52.444572,60407
13.317698,52.517844,13.342309,52.502172,60414
13.422051,52.486959,13.456079,52.473747,60423
13.52914,52.52851,13.544642,52.544882,60423
13.479755,52.565627,13.500124,52.573854,60427
13.439013,52.541109,13.448034,52.546912,60432
13.266112,52.518066,13.288785,52.479329,60433
13.332374,52.60303,13.232136,52.516367,60433
13.279222,52.524575,13.263086,52.41923,60433
13.510842,52.550522,13.49915,52.539697,60437
13.340289,52.475485,13.322069,52.484354,60438
13.302899,52.580747,13.398854,52.62145,60447
13.457111,52.44351,13.477711,52.417424,60448
13.340681,52.516911,13.342139,52.489834,60453
13.427358,52.544423,13.446694,52.543837,60458
13.364119,52.584344,13.347142,52.602305,60470
13.607439,52.529881,13.741617,52.428137,60479
13.313123,52.574828,13.364222,52.457434,60479
13.302366,52.470184,13.339874,52.48507,60479
13.370721,52.572728,13.207539,52.532644,60481
13.284089,52.518681,13.260467,52.518989,60483
13.431604,52.501394,13.379013,52.506998,60483
13.326035,52.561778,13.500118,52.407642,60486
13.303537,52.59777,13.315524,52.577686,60491
13.379973,52.571901,13.390175,52.585245,60499
13.50139,52.565156,13.510356,52.575423,60501
13.376585,52.509417,13.347151,52.505442,60503
13.267257,52.520471,13.334962,52.455575,60504
13.700741,52.466265,13.616992,52.453752,60511
13.440972,52.556354,13.429518,52.576391,60522
13.321298,52.573937,13.278232,52.578248,60525
13.301034,52.490878,13.269877,52.490246,60530
13.441638,52.568542,13.501485,52.61711,60533
13.31568,52.52671,13.356572,52.498109,60535
13.382581,52.557752,13.352124,52.55033,60539
13.416351,52.45159,13.444284,52.463691,60539
13.376647,52.491613,13.39775,52.501512,60543
13.333073,52.489919,13.287432,52.503043,60547
13.41172,52.543127,13.407008,52.570433,60548
13.277478,52.597452,13.274639,52.577433,60557
13.262189,52.479876,13.256747,52.450088,60567
13.307815,52.502046,13.31918,52.443889,60568
13.254415,52.506714,13.241437,52.473194,60574
13.544809,52.449694,13.553181,52.469383,60585
13.370018,52.463586,13.247539,52.544694,60585
13.483073,52.582212,13.519484,52.519459,60586
13.330174,52.477289,13.311696,52.468202,60590
13.304648,52.658941,13.248142,52.609547,60591
13.502619,52.434078,13.511645,52.454616,60594
13.418421,52.619204,13.379613,52.522854,60602
13.337312,52.58198,13.308101,52.602851,60609
13.458088,52.464169,13.434854,52.430256,60610
13.313745,52.518166,13.23739,52.505671,60612
13.120806,52.528932,13.142156,52.537356,60616
13.32925,52.503281,13.318694,52.501413,60618
13.300029,52.586458,13.301949,52.569119,60618
13.499842,52.511153,13.482765,52.531563,60623
13.477688,52.526513,13.435641,52.504176,60625
13.335015,52.478708,13.322994,52.499936,60625
13.209508,52.55173,13.277726,52.517707,60625
13.304351,52.46166,13.342406,52.462843,60633
13.270021,52.412478,13.27928,52.414517,60634
13.349537,52.498234,13.34013,52.475559,60640
13.548884,52.568616,13.548462,52.550781,60641
13.274126,52.485482,13.368191,52.563968,60650
13.54964,52.543639,13.555007,52.558676,60650
13.182769,52.544802,13.14726,52.54091,60657
13.333068,52.578263,13.223199,52.510177,60658
13.174598,52.540201,13.198487,52.531406,60659
13.417993,52.515461,13.427673,52.536402,60663
13.297565,52.542035,13.205488,52.43138,60668
13.476291,52.55733,13.535366,52.511426,60670
13.414665,52.501319,13.363854,52.497387,60676
13.392644,52.429889,13.451333,52.483808,60676
13.360835,52.526936,13.349778,52.480149,60680
13.432447,52.535464,13.365079,52.503196,60685
13.526841,52.412917,13.507518,52.428138,60689
13.565475,52.522184,13.537203,52.534481,60690
13.220473,52.441023,13.237344,52.428535,60691
13.254855,52.418222,13.240704,52.442439,60692
13.305801,52.469391,13.359046,52.490477,60695
13.289466,52.456818,13.254933,52.5161,60701
13.522404,52.435137,13.366513,52.4597,60705
13.584501,52.440405,13.579619,52.458922,60706
13.363008,52.535718,13.330712,52.509735,60715
13.442987,52.483847,13.432833,52.456317,60722
13.520678,52.434144,13.511591,52.440174,60724
13.316717,52.500797,13.30351,52.538689,60725
13.19976,52.53541,13.188907,52.521581,60733
13.394778,52.539724,13.404639,52.534188,60742
13.406713,52.514697,13.38101,52.511037,60749
13.518881,52.513939,13.505343,52.512216,60749
13.482231,52.618458,13.460353,52.608871,60750
13.682961,52.437642,13.691614,52.451611,60752
13.264812,52.483066,13.355476,52.620283,60755
13.489673,52.519703,13.468045,52.572702,60767
13.344748,52.603654,13.300029,52.586458,60769
13.385181,52.449282,13.339971,52.434507,60770
13.420663,52.4754,13.428173,52.525009,60771
13.263885,52.521055,13.23089,52.440699,60773
13.483309,52.576529,13.557417,52.543042,60784
13.410298,52.521746,13.416938,52.535336,60786
13.179649,52.421827,13.161586,52.421377,60793
13.409305,52.403242,13.380112,52.410444,60793
13.406879,52.541082,13.38219,52.531262,60796
13.438394,52.53478,13.416852,52.504277,60799
13.320186,52.607112,13.337787,52.616449,60805
13.492975,52.636487,13.513445,52.641062,60806
13.296797,52.485964,13.268455,52.453144,60810
13.342353,52.459644,13.311745,52.410971,60814
13.31013,52.478879,13.274431,52.459353,60815
13.274369,52.527962,13.284089,52.518681,60818
13.636649,52.52993,13.585296,52.549682,60819
13.441936,52.636481,13.492975,52.636487,60824
13.718199,52.428992,13.632432,52.453962,60825
13.322621,52.497837,13.308212,52.487662,60827
13.405905,52.537364,13.351141,52.490523,60829
13.382712,52.423068,13.401832,52.401129,60832
13.378963,52.526573,13.365145,52.569898,60832
13.3305,52.495403,13.36081,52.49132,60835
13.394164,52.419805,13.387492,52.439512,60842
13.547027,52.534731,13.49874,52.503007,60846
13.429073,52.502368,13.327038,52.500232,60853
13.320036,52.523111,13.284293,52.476178,60853
13.373432,52.5566,13.37841,52.534299,60855
13.301405,52.436106,13.303409,52.432291,60855
13.196601,52.535227,13.217761,52.570204,60856
13.196601,52.535227,13.203815,52.545183,60856
13.604697,52.536703,13.552689,52.531034,60857
13.326667,52.530955,13.273057,52.513183,60858
13.332706,52.455889,13.306082,52.505696,60860
13.368201,52.50556,13.396358,52.49104,60861
13.281795,52.521375,13.281697,52.509908,60863
13.660979,52.412725,13.58668,52.440888,60864
13.339958,52.468937,13.330781,52.444757,60865
13.416999,52.535398,13.330177,52.525658,60867
13.288454,52.473041,13.320497,52.48642,60868
13.351578,52.572391,13.334841,52.575457,60875
13.502619,52.434078,13.511645,52.454616,60877
13.298567,52.48359,13.242278,52.560935,60878
13.455531,52.593006,13.382478,52.630378,60881
13.229246,52.50678,13.250067,52.505565,60882
13.342844,52.476714,13.321622,52.478751,60891
13.206552,52.418644,13.194153,52.430884,60902
13.245553,52.612468,13.284161,52.626084,60904
13.326789,52.463118,13.352238,52.480193,60915
13.454987,52.528475,13.447941,52.521704,60916
13.178379,52.549286,13.281149,52.513851,60916
13.408976,52.461565,13.483328,52.47437,60917
13.386057,52.483243,13.360657,52.48636,60918
13.404219,52.581484,13.418446,52.554218,60928
13.520816,52.474406,13.448232,52.529663,60931
13.419678,52.587779,13.429518,52.576391,60932
13.40243,52.60214,13.378014,52.57294,60941
13.322994,52.499936,13.359459,52.479993,60943
13.422823,52.525883,13.436081,52.509536,60945
13.489259,52.467393,13.481846,52.451309,60951
13.329038,52.599158,13.365827,52.604626,60957
13.483953,52.474146,13.489259,52.467393,60958
13.299218,52.515163,13.27611,52.51431,60963
13.56808,52.427341,13.532388,52.424969,60976
13.440928,52.522158,13.479581,52.491223,60978
13.414892,52.451518,13.444284,52.463691,60988
13.282307,52.483821,13.31179,52.479768,60993
13.327298,52.494711,13.36081,52.49132,60994
13.365798,52.584234,13.334837,52.575322,60994
13.298163,52.463391,13.292074,52.472004,60996
13.435912,52.440183,13.261331,52.443227,60998
13.452627,52.561433,13.467399,52.533921,60998
13.29366,52.587139,13.262286,52.481745,61006
13.34665,52.450024,13.321622,52.478751,61006
13.406558,52.498316,13.39738,52.488898,61008
13.481289,52.510048,13.522949,52.501206,61009
13.179095,52.516638,13.164938,52.52386,61014
13.194647,52.43176,13.220473,52.441023,61014
13.585979,52.545719,13.638065,52.529559,61019
13.337,52.492211,13.32886,52.480098,61020
13.244783,52.524412,13.309747,52.554114,61021
13.352277,52.495866,13.326085,52.485234,61033
13.562528,52.513047,13.556289,52.558632,61037
13.353198,52.489888,13.37796,52.509599,61038
13.267304,52.506253,13.262929,52.540612,61042
13.661574,52.417588,13.597916,52.438454,61044
13.397078,52.50027,13.379721,52.495756,61047
13.315309,52.490657,13.446842,52.460011,61048
13.252072,52.419608,13.402366,52.439696,61051
13.374948,52.487678,13.402467,52.516446,61059
13.286718,52.437246,13.350123,52.434211,61059
13.361735,52.425495,13.330462,52.452202,61062
13.721056,52.438918,13.702797,52.434895,61070
13.478061,52.555591,13.516159,52.558911,61073
13.265473,52.487103,13.409668,52.446404,61073
13.324863,52.527793,13.341645,52.526283,61082
13.341987,52.416653,13.336719,52.425206,61083
13.41177,52.378758,13.403837,52.422612,61085
13.313671,52.484115,13.306044,52.501446,61086
13.285572,52.471608,13.319366,52.489453,61087
13.554845,52.432693,13.512126,52.464361,61090
13.584348,52.451705,13.582556,52.435803,61092
13.409596,52.503968,13.392352,52.49053,61095
13.361401,52.481391,13.355996,52.470776,61102
13.325587,52.455447,13.354838,52.448905,61105
13.303728,52.436611,13.319992,52.456292,61107
13.479763,52.501889,13.447346,52.48836,61109
13.275849,52.417844,13.325779,52.452057,61113
13.290512,52.51667,13.33803,52.541153,61114
13.331274,52.458646,13.538861,52.439013,61114
13.556191,52.567127,13.570727,52.557039,61115
13.548128,52.473845,13.593642,52.448371,61119
13.3375,52.473791,13.308136,52.518318,61121
13.264976,52.495457,13.230892,52.548769,61126
13.339292,52.458636,13.280411,52.492029,61128
13.319742,52.492163,13.300674,52.420809,61129
13.140497,52.456282,13.129975,52.449265,61135
13.314701,52.489999,13.300751,52.503203,61136
13.352192,52.506526,13.336106,52.514222,61136
13.508713,52.54734,13.521887,52.525881,61145
13.282873,52.540658,13.529026,52.426361,61146
13.316297,52.592623,13.291016,52.581021,61147
13.424589,52.469826,13.329146,52.471512,61150
13.382952,52.563455,13.360706,52.570875,61152
13.139441,52.534416,13.188072,52.520089,61158
13.567921,52.557733,13.623387,52.510376,61162
13.353026,52.553313,13.388804,52.5307,61170
13.36615,52.522498,13.38219,52.531262,61175
13.354151,52.534283,13.368916,52.526177,61176
13.565834,52.530187,13.589479,52.527939,61176
13.463878,52.450643,13.366893,52.463883,61176
13.566813,52.499329,13.589775,52.509224,61177
13.412396,52.537988,13.419899,52.545788,61179
13.419573,52.49639,13.402979,52.498304,61181
13.438869,52.555616,13.427078,52.535771,61183
13.401271,52.529753,13.434234,52.529241,61184
13.463758,52.629482,13.414469,52.557096,61186
13.376585,52.509417,13.342486,52.506034,61187
13.274861,52.577475,13.283291,52.59232,61192
13.278375,52.508623,13.26046,52.520301,61193
13.387492,52.439512,13.412122,52.43576,61198
13.355317,52.546321,13.359649,52.533384,61206
13.532565,52.510923,13.547511,52.509524,61210
13.493321,52.537766,13.571265,52.525864,61211
13.553547,52.446371,13.428046,52.526566,61211
13.241213,52.545174,13.20264,52.542652,61217
13.309132,52.500288,13.343725,52.553374,61221
13.412337,52.567376,13.394249,52.583435,61226
13.413555,52.512594,13.452367,52.512492,61227
13.469153,52.602274,13.480224,52.613675,61235
13.319613,52.536992,13.290872,52.576619,61236
13.303411,52.505016,13.299525,52.519546,61237
13.271159,52.498977,13.284612,52.473991,61241
13.571622,52.513601,13.62906,52.526736,61245
13.568495,52.553573,13.54294,52.523676,61248
13.319979,52.50893,13.319378,52.492778,61252
13.306301,52.470356,13.267173,52.453572,61254
13.324804,52.494038,13.318167,52.51578,61255
13.354027,52.442588,13.337289,52.469264,61257
13.388502,52.424887,13.408981,52.393989,61260
13.221073,52.61772,13.231319,52.611368,61261
13.618036,52.542319,13.496187,52.586037,61266
13.566373,52.54491,13.609354,52.529459,61271
13.313342,52.532802,13.394039,52.532202,61276
13.422095,52.525262,13.464341,52.514672,61278
13.360922,52.502094,13.342022,52.517876,61281
13.34125,52.484812,13.283322,52.512075,61282
13.520453,52.569236,13.413482,52.464441,61286
13.31721,52.568959,13.299552,52.470583,61287
13.592079,52.524876,13.609933,52.53319,61289
13.297587,52.472294,13.393895,52.444353,61291
13.342089,52.478511,13.322724,52.62273,61305
13.398155,52.514709,13.457782,52.521655,61310
13.468701,52.497425,13.4624,52.495256,61311
13.305453,52.487441,13.411305,52.436885,61318
13.519971,52.538658,13.591614,52.511194,61320
13.355268,52.507416,13.439562,52.470013,61322
13.291466,52.473368,13.310121,52.493447,61325
13.445458,52.528637,13.475515,52.513553,61327
13.488328,52.419295,13.506307,52.402971,61336
13.362791,52.499682,13.390048,52.509439,61337
13.404601,52.511289,13.366848,52.551132,61338
13.207381,52.566608,13.23225,52.539345,61339
13.341679,52.561719,13.349503,52.542272,61340
13.274842,52.589006,13.333831,52.595626,61342
13.469342,52.600007,13.463202,52.597773,61352
13.511346,52.484108,13.431981,52.505757,61356
13.416555,52.544948,13.573642,52.554853,61357
13.295633,52.479416,13.306413,52.483081,61362
13.554024,52.546313,13.57859,52.566156,61371
13.368274,52.550064,13.39279,52.54257,61371
13.38619,52.443949,13.399417,52.464518,61375
13.440504,52.540713,13.541876,52.520211,61376
13.429551,52.532982,13.42951,52.541682,61379
13.457734,52.478391,13.454083,52.479721,61381
13.357051,52.545187,13.379039,52.544492,61384
13.316717,52.500797,13.302342,52.488311,61387
13.399982,52.511039,13.378228,52.49935,61388
13.445676,52.534844,13.442152,52.532982,61389
13.34768,52.486159,13.30867,52.485734,61392
13.480274,52.526283,13.472734,52.515862,61398
13.444799,52.541326,13.427526,52.50644,61405
13.309369,52.468129,13.158463,52.423924,61406
13.171041,52.446421,13.542779,52.450125,61411
13.310135,52.539452,13.361668,52.503829,61418
13.38653,52.451495,13.357747,52.437782,61419
13.453278,52.547675,13.47331,52.536139,61425
13.431028,52.478232,13.395747,52.445248,61430
13.270828,52.539548,13.294565,52.576309,61448
13.403416,52.552204,13.439013,52.541109,61451
13.357201,52.445373,13.414259,52.439572,61459
13.418933,52.508081,13.436839,52.502966,61462
13.473905,52.467666,13.554485,52.455885,61462
13.329357,52.575572,13.312055,52.498063,61466
13.56743,52.572487,13.5945,52.546952,61467
13.29365,52.486079,13.353865,52.443542,61472
13.427283,52.564339,13.411174,52.518751,61473
13.465499,52.52023,13.458087,52.554868,61478
13.417993,52.515461,13.430249,52.510479,61479
13.468206,52.431734,13.410824,52.444817,61491
13.432054,52.464523,13.342655,52.48502,61493
13.416412,52.54051,13.423389,52.542943,61495
13.476125,52.444298,13.276961,52.472555,61500
13.247539,52.544694,13.265793,52.483379,61503
13.288456,52.524439,13.348795,52.53891,61505
13.38198,52.480469,13.32967,52.45719,61505
13.364816,52.508008,13.35396,52.547227,61519
13.447808,52.429379,13.453282,52.439791,61521
13.378898,52.556447,13.447692,52.523981,61543
13.562164,52.557971,13.463814,52.571882,61545
13.37948,52.49229,13.444284,52.463691,61554
13.463069,52.511407,13.555043,52.5376,61559
13.315927,52.621134,13.274841,52.581367,61563
13.387161,52.504288,13.417993,52.515461,61565
13.546977,52.505648,13.558758,52.531782,61569
13.348888,52.458275,13.332604,52.440333,61570
13.32529,52.502849,13.367887,52.5087,61571
13.296518,52.47698,13.494686,52.421273,61571
13.435434,52.532596,13.431105,52.512778,61576
13.33717,52.482306,13.298001,52.447377,61580
13.333508,52.544179,13.203826,52.547178,61584
13.410117,52.510586,13.452026,52.514671,61585
13.556071,52.548731,13.572007,52.560258,61594
13.465779,52.546334,13.452405,52.55785,61600
13.248815,52.441131,13.267379,52.44229,61607
13.430185,52.524356,13.479581,52.491223,61607
13.477809,52.504672,13.505623,52.511359,61609
13.429165,52.5492,13.412337,52.567376,61610
13.21363,52.429626,13.232365,52.437664,61611
13.418753,52.523972,13.424069,52.513411,61613
13.467231,52.441776,13.428752,52.416184,61620
13.615009,52.508073,13.625843,52.507475,61621
13.405304,52.505152,13.39944,52.504619,61622
13.333836,52.464063,13.304677,52.484619,61624
13.521852,52.567043,13.497481,52.570338,61629
13.196542,52.551485,13.207472,52.538765,61631
13.296037,52.517679,13.256027,52.41962,61636
13.305586,52.483494,13.340236,52.452918,61636
13.434234,52.529241,13.364858,52.451369,61637
13.27611,52.51431,13.299218,52.515163,61638
13.329357,52.575572,13.259099,52.54379,61639
13.293939,52.537006,13.269724,52.5503,61640
13.31344,52.435362,13.277816,52.509672,61644
13.412507,52.434911,13.277034,52.478126,61645
13.577592,52.470112,13.539275,52.48967,61648
13.40736,52.613638,13.438658,52.591963,61655
13.597827,52.433153,13.591514,52.435467,61655
13.512407,52.481973,13.500621,52.474367,61659
13.245632,52.507562,13.155641,52.525551,61663
13.397975,52.51091,13.404584,52.508926,61676
13.219123,52.423035,13.252275,52.430382,61680
13.385965,52.515895,13.342894,52.531958,61682
13.271942,52.517922,13.31651,52.46432,61684
13.393371,52.573461,13.251043,52.508277,61686
13.439257,52.489519,13.402979,52.498304,61692
13.34407,52.485553,13.34499,52.4805,61693
13.412278,52.588021,13.394256,52.547406,61693
13.364574,52.556739,13.33752,52.572344,61694
13.285134,52.524205,13.25827,52.508102,61695
13.628478,52.493113,13.612194,52.512039,61696
13.300263,52.569964,13.305604,52.517394,61696
13.314358,52.488385,13.274597,52.488515,61697
13.543678,52.528321,13.555412,52.513428,61711
13.347181,52.488114,13.363837,52.497333,61719
13.329739,52.523847,13.404962,52.539199,61728
13.418673,52.476682,13.36081,52.49132,61733
13.502654,52.555542,13.451852,52.54736,61734
13.293662,52.517579,13.268002,52.572912,61737
13.284293,52.476178,13.282888,52.501232,61747
13.320179,52.474309,13.377886,52.468636,61755
13.383857,52.45584,13.418554,52.389246,61761
13.31633,52.489343,13.333997,52.462587,61767
13.340299,52.559479,13.370563,52.556813,61781
13.459114,52.479165,13.460002,52.455778,61781
13.544642,52.544882,13.53122,52.409085,61786
13.318694,52.501413,13.332017,52.519777,61788
13.496774,52.465518,13.557723,52.442586,61788
13.422538,52.527108,13.389736,52.53174,61793
13.312928,52.430478,13.317316,52.448449,61794
13.370664,52.534048,13.366812,52.496849,61795
13.24192,52.444358,13.288454,52.473041,61797
13.265196,52.456433,13.25531,52.520518,61798
13.500635,52.4739,13.505432,52.539365,61800
13.332925,52.495259,13.345103,52.493342,61807
13.551553,52.518045,13.570568,52.531949,61818
13.462792,52.421438,13.460675,52.468082,61818
13.245553,52.444868,13.273372,52.43083,61819
13.510804,52.543422,13.499729,52.534207,61824
13.339874,52.48507,13.302366,52.470184,61824
13.471334,52.532587,13.52462,52.513757,61825
13.263211,52.449291,13.232365,52.437664,61829
13.304351,52.46166,13.320497,52.48642,61829
13.30937,52.438912,13.315124,52.438075,61830
13.352643,52.543242,13.342541,52.531998,61835
13.286868,52.512971,13.330177,52.525658,61835
13.455054,52.497082,13.478702,52.48169,61841
13.349037,52.433325,13.331697,52.446832,61850
13.269892,52.450918,13.286092,52.474802,61850
13.524474,52.401839,13.49644,52.415786,61852
13.352663,52.56784,13.367465,52.551556,61856
13.450503,52.529258,13.455768,52.500865,61858
13.259067,52.502512,13.381326,52.457236,61860
13.323139,52.491549,13.278255,52.534921,61861
13.264402,52.40667,13.259286,52.430828,61862
13.456235,52.484251,13.427941,52.488344,61867
13.186521,52.547254,13.197637,52.545668,61868
13.269391,52.437613,13.292311,52.441427,61871
13.507145,52.566099,13.545846,52.569464,61875
13.372025,52.452895,13.30757,52.468985,61880
13.542978,52.442348,13.530093,52.427452,61881
13.458386,52.522565,13.509722,52.57544,61882
13.49306,52.521826,13.473208,52.50934,61885
13.513698,52.505441,13.446757,52.483442,61891
13.529065,52.510258,13.612475,52.454146,61891
13.450798,52.524779,13.431977,52.515149,61895
13.455693,52.541372,13.427198,52.544469,61898
13.484831,52.407107,13.361735,52.425495,61899
13.399417,52.464518,13.340914,52.480043,61899
13.431981,52.505757,13.408777,52.511995,61910
13.448977,52.425132,13.476755,52.438952,61914
13.398892,52.418258,13.380112,52.410444,61919
13.499252,52.645529,13.500373,52.627334,61924
13.342372,52.607536,13.351967,52.546198,61926
13.44475,52.468017,13.442396,52.465772,61927
13.347865,52.507097,13.303411,52.505016,61928
13.439013,52.541109,13.458664,52.538496,61931
13.27086,52.515642,13.249405,52.55279,61933
13.542144,52.506421,13.574876,52.513126,61934
13.396907,52.493038,13.420128,52.4917,61934
13.535685,52.405621,13.419781,52.39314,61934
13.474533,52.445082,13.444284,52.463691,61942
13.338999,52.607296,13.345374,52.526313,61945
13.521887,52.525881,13.55818,52.570794,61946
13.461428,52.48372,13.422201,52.492979,61948
13.422676,52.544596,13.445676,52.534844,61951
13.296681,52.539537,13.498964,52.436452,61952
13.374567,52.585346,13.332812,52.581501,61955
13.412236,52.492146,13.464469,52.485749,61966
13.454587,52.432091,13.500937,52.407973,61968
13.408937,52.516972,13.413956,52.500339,61970
13.304227,52.426629,13.33534,52.422857,61970
13.298102,52.528243,13.302341,52.626595,61972
13.315186,52.447053,13.315622,52.419241,61972
13.435462,52.521731,13.432409,52.491283,61973
13.330859,52.489279,13.318167,52.51578,61975
13.335292,52.479586,13.317649,52.465503,61976
13.291604,52.510708,13.288456,52.524439,61977
13.245873,52.506193,13.343886,52.486768,61980
13.413482,52.464441,13.452583,52.464128,61982
13.530311,52.495242,13.519189,52.513459,61982
13.476943,52.465678,13.436213,52.467519,61982
13.426676,52.55384,13.441176,52.549513,61984
13.402979,52.498304,13.391104,52.514882,61984
13.359849,52.533157,13.344549,52.555746,61993
13.313194,52.480462,13.335162,52.487936,61997
13.378035,52.56468,13.370417,52.53982,61999
13.493348,52.41561,13.519349,52.484805,62005
13.295633,52.479416,13.271159,52.498977,62009
13.540315,52.435157,13.53044,52.418802,62010
13.286354,52.637402,13.379055,52.599988,62010
13.414749,52.504841,13.417993,52.515461,62015
13.296225,52.49804,13.469065,52.439875,62017
13.41626,52.444635,13.413174,52.441509,62022
13.470872,52.539036,13.464724,52.524409,62031
13.312677,52.466062,13.312907,52.499977,62035
13.43179,52.472237,13.466495,52.442207,62042
13.207472,52.538765,13.177872,52.550738,62043
13.318316,52.510935,13.33445,52.498468,62046
13.552819,52.531806,13.551169,52.548112,62054
13.365319,52.525644,13.427276,52.531428,62057
13.39248,52.512278,13.405586,52.511233,62058
13.39627,52.449699,13.265405,52.503703,62062
13.275918,52.521942,13.320248,52.565986,62065
13.341012,52.422775,13.329777,52.408972,62065
13.609735,52.543088,13.466539,52.55054,62066
13.496774,52.465518,13.558622,52.450132,62067
13.332818,52.409935,13.39377,52.389639,62069
13.306633,52.467665,13.335863,52.452303,62069
13.417307,52.412196,13.59351,52.443493,62069
13.403011,52.534882,13.439013,52.541109,62071
13.283291,52.59232,13.303636,52.592655,62071
13.351381,52.508396,13.385522,52.507425,62075
13.330177,52.525658,13.363008,52.535718,62076
13.289535,52.50293,13.338707,52.559515,62084
13.454083,52.479721,13.666492,52.420943,62084
13.399558,52.494453,13.402629,52.511798,62086
13.435232,52.530487,13.424165,52.501799,62086
13.394083,52.49033,13.501332,52.444232,62089
13.308501,52.461686,13.259625,52.438077,62092
13.368916,52.526177,13.358402,52.537847,62094
13.309933,52.565795,13.292796,52.600889,62103
13.343054,52.437231,13.323883,52.495235,62109
13.43151,52.588167,13.387914,52.555721,62116
13.426248,52.523828,13.435975,52.547832,62132
13.392882,52.524981,13.425395,52.52977,62136
13.315803,52.578105,13.357202,52.504671,62137
13.432824,52.468746,13.408068,52.489346,62139
13.397144,52.554804,13.441418,52.556915,62140
13.413658,52.585946,13.381039,52.63301,62146
13.184987,52.549408,13.215915,52.52695,62146
13.306413,52.483081,13.288785,52.479329,62156
13.198648,52.544885,13.253195,52.521259,62160
13.33329,52.481523,13.30958,52.479181,62163
13.333439,52.423185,13.337763,52.473698,62175
13.549661,52.558854,13.542979,52.542441,62178
13.436839,52.502966,13.415599,52.508381,62182
13.535596,52.587635,13.510356,52.575423,62189
13.342276,52.46049,13.364085,52.455872,62193
13.31881,52.450688,13.326456,52.421214,62194
13.448174,52.549364,13.454987,52.528475,62197
13.413252,52.441661,13.387492,52.439512,62202
13.481644,52.415065,13.520823,52.412302,62202
13.56642,52.4336,13.58241,52.394381,62202
13.26046,52.520301,13.192358,52.526579,62202
13.322216,52.495604,13.320497,52.48642,62203
13.481619,52.489652,13.394352,52.483946,62206
13.311526,52.461482,13.326875,52.448863,62211
13.638162,52.387968,13.642862,52.373316,62213
13.351774,52.506351,13.239479,52.471588,62219
13.31651,52.46432,13.352238,52.480193,62221
13.523095,52.544586,13.480417,52.523109,62224
13.31005,52.467771,13.377456,52.475579,62231
13.277328,52.433915,13.260287,52.42725,62236
13.309527,52.513567,13.289705,52.592143,62244
13.400153,52.606202,13.363757,52.581229,62250
13.296037,52.517679,13.273542,52.499895,62251
13.502785,52.447162,13.498189,52.445234,62252
13.340289,52.475485,13.349205,52.491237,62252
13.439272,52.489105,13.423126,52.494253,62260
13.265433,52.493412,13.30958,52.479181,62260
13.299286,52.513473,13.442735,52.570515,62261
13.342716,52.480724,13.309572,52.474454,62264
13.457865,52.509494,13.51727,52.503076,62265
13.358495,52.590951,13.272588,52.480646,62266
13.4108,52.503873,13.394212,52.507916,62268
13.292179,52.479112,13.36864,52.485073,62274
13.503532,52.411679,13.478829,52.440732,62276
13.347009,52.59367,13.358142,52.556615,62281
13.55494,52.43581,13.207405,52.421367,62282
13.196601,52.535227,13.198187,52.551801,62287
13.418525,52.525584,13.34841,52.493637,62291
13.313555,52.515284,13.345817,52.519136,62294
13.565808,52.526979,13.54964,52.543639,62296
13.505414,52.63694,13.634517,52.519345,62297
13.380307,52.505994,13.431497,52.483169,62298
13.286829,52.492975,13.289926,52.473538,62300
13.329841,52.482379,13.306387,52.481733,62304
13.30958,52.479181,13.310121,52.493447,62306
13.340746,52.518537,13.357202,52.504671,62312
13.447952,52.6111,13.315098,52.462871,62316
13.237344,52.428535,13.315676,52.437844,62317
13.419563,52.465024,13.347885,52.4784,62321
13.594874,52.487342,13.588781,52.512706,62322
13.695701,52.37149,13.612301,52.378887,62331
13.453556,52.514158,13.460748,52.528009,62346
13.430262,52.523106,13.425131,52.512994,62348
13.164938,52.52386,13.196601,52.535227,62352
13.19976,52.53541,13.169946,52.511624,62353
13.572293,52.543097,13.594694,52.519781,62353
13.52084,52.554824,13.478594,52.553895,62355
13.304621,52.490695,13.331618,52.562066,62355
13.343191,52.474104,13.336655,52.418717,62356
13.336909,52.500867,13.370923,52.492677,62369
13.366893,52.463883,13.407745,52.488919,62369
13.390895,52.434574,13.385873,52.445571,62375
13.645554,52.378194,13.574372,52.413318,62378
13.303411,52.505016,13.303714,52.485393,62380
13.203215,52.417572,13.272143,52.413166,62380
13.47331,52.536139,13.452355,52.546509,62383
13.439013,52.541109,13.450809,52.552379,62388
13.278655,52.490367,13.330839,52.465211,62392
13.34499,52.4805,13.343127,52.485536,62393
13.390119,52.535465,13.385953,52.538893,62395
13.497208,52.486975,13.484272,52.50327,62400
13.423389,52.542943,13.382104,52.513963,62402
13.320484,52.499713,13.345934,52.516205,62403
13.599938,52.474736,13.584099,52.519716,62403
13.379721,52.495756,13.481191,52.538665,62405
13.49644,52.415786,13.511759,52.415007,62410
13.374334,52.426428,13.383624,52.393048,62414
13.468249,52.427725,13.505622,52.404849,62418
13.583733,52.49728,13.6264,52.508609,62422
13.585219,52.450974,13.579619,52.458922,62439
13.354866,52.413378,13.374813,52.415826,62441
13.407008,52.570433,13.380624,52.58417,62452
13.306699,52.463459,13.352503,52.514719,62452
13.434234,52.529241,13.454987,52.528475,62454
13.341661,52.452848,13.288767,52.443955,62458
13.308212,52.487662,13.31754,52.493868,62459
13.522378,52.491075,13.485207,52.496069,62461
13.414072,52.498442,13.402887,52.494027,62473
13.566298,52.57137,13.548136,52.56539,62476
13.454402,52.549117,13.439013,52.541109,62477
13.454231,52.445379,13.444284,52.463691,62478
13.410753,52.490887,13.4108,52.503873,62492
13.380289,52.449968,13.385753,52.470773,62493
13.382784,52.491541,13.278698,52.506571,62498
13.405119,52.431009,13.424383,52.444771,62510
13.39715,52.550814,13.352124,52.55033,62511
13.432739,52.517288,13.39944,52.504619,62514
13.290738,52.515346,13.154438,52.55832,62515
13.349615,52.487323,13.432377,52.450454,62521
13.526861,52.428815,13.508094,52.403658,62521
13.365339,52.51015,13.377453,52.517882,62524
13.41782,52.444662,13.387492,52.439512,62528
13.32833,52.47864,13.360268,52.481404,62531
13.441455,52.481107,13.392914,52.489229,62531
13.262061,52.501105,13.341799,52.59798,62535
13.20416,52.543769,13.199568,52.528906,62539
13.276558,52.468299,13.303078,52.45195,62539
13.418303,52.462451,13.415693,52.480609,62539
13.562712,52.446007,13.554959,52.432583,62540
13.50093,52.496409,13.613218,52.508637,62553
13.180177,52.496532,13.203186,52.519496,62555
13.41177,52.378758,13.389673,52.398549,62563
13.292504,52.481652,13.359375,52.456744,62563
13.564142,52.545596,13.548462,52.550781,62563
13.479382,52.523859,13.50829,52.505779,62566
13.471256,52.535545,13.453278,52.547675,62566
13.516618,52.419978,13.506879,52.401202,62568
13.37375,52.556857,13.352124,52.55033,62569
13.457261,52.499706,13.428942,52.60264,62570
13.267379,52.44229,13.25153,52.449227,62574
13.553234,52.447912,13.469383,52.460488,62578
13.422662,52.558742,13.438321,52.592039,62580
13.284089,52.518681,13.262819,52.527546,62583
13.58043,52.552947,13.560738,52.571399,62594
13.35917,52.546484,13.351205,52.558321,62596
13.516123,52.546338,13.467372,52.509682,62597
13.449011,52.51123,13.412435,52.508931,62601
13.30924,52.601913,13.31723,52.607971,62603
13.384309,52.391476,13.326456,52.421214,62604
13.320186,52.607112,13.300358,52.605534,62605
13.287162,52.433817,13.306177,52.447314,62606
13.342541,52.531998,13.405476,52.546994,62617
13.526101,52.408531,13.554845,52.432693,62622
13.47527,52.502727,13.43064,52.528835,62625
13.589678,52.416312,13.568322,52.463117,62629
13.41205,52.46107,13.380789,52.512433,62631
13.301753,52.587868,13.291161,52.506633,62632
13.123654,52.530802,13.133476,52.553993,62635
13.399518,52.498273,13.30313,52.513431,62637
13.389751,52.511231,13.417993,52.515461,62638
13.49874,52.503007,13.547027,52.534731,62641
13.321233,52.568357,13.333574,52.560939,62644
13.299552,52.470583,13.377814,52.472438,62645
13.2962,52.483696,13.475121,52.433616,62647
13.181419,52.507169,13.157841,52.525152,62648
13.442273,52.49846,13.531053,52.515732,62657
13.313917,52.46718,13.316768,52.447341,62658
13.389636,52.495442,13.403072,52.498438,62659
13.315556,52.504324,13.360247,52.479768,62660
13.304227,52.426629,13.343218,52.439718,62664
13.486547,52.541006,13.525671,52.564037,62665
13.459277,52.434289,13.455174,52.445439,62668
13.476154,52.487815,13.457718,52.49171,62672
13.23225,52.539345,13.230957,52.550548,62677
13.345153,52.581253,13.360738,52.576672,62682
13.295953,52.490817,13.294242,52.497738,62684
13.501724,52.549038,13.477542,52.526542,62685
13.522485,52.427703,13.424338,52.38958,62686
13.369719,52.536359,13.43366,52.512522,62691
13.31563,52.484129,13.296642,52.513727,62693
13.305117,52.528768,13.265657,52.517109,62697
13.44414,52.552685,13.480035,52.50868,62699
13.515547,52.402448,13.444951,52.545503,62701
13.326335,52.447539,13.354819,52.45881,62706
13.432937,52.557297,13.608308,52.53953,62716
13.360177,52.441232,13.353199,52.441492,62722
13.536436,52.42595,13.452979,52.47525,62722
13.291016,52.581021,13.316297,52.592623,62734
13.289846,52.586417,13.326108,52.485513,62735
13.566555,52.55128,13.563791,52.502578,62736
13.501967,52.431768,13.42494,52.457913,62737
13.430022,52.503489,13.415895,52.520313,62739
13.282628,52.506474,13.265405,52.503703,62740
13.348912,52.457619,13.205153,52.524607,62744
13.355996,52.470776,13.302192,52.442352,62749
13.340419,52.492325,13.36081,52.49132,62750
13.387492,52.439512,13.362874,52.439062,62758
13.414437,52.409337,13.432873,52.422227,62761
13.472859,52.512122,13.480379,52.537291,62768
13.395381,52.386682,13.392063,52.378335,62772
13.360489,52.505739,13.344328,52.526324,62773
13.315777,52.441708,13.433959,52.474682,62775
13.460353,52.608871,13.476337,52.599075,62775
13.196601,52.535227,13.197511,52.524253,62776
13.301949,52.569119,13.300029,52.586458,62777
13.442502,52.590828,13.439735,52.611748,62778
13.323381,52.625913,13.307504,52.618477,62784
13.449471,52.522081,13.388924,52.497616,62786
13.27928,52.414517,13.387608,52.438999,62786
13.369995,52.570283,13.485615,52.630279,62791
13.298127,52.583019,13.326529,52.587431,62795
13.320186,52.607112,13.287014,52.611584,62797
13.279529,52.510822,13.25158,52.413646,62798
13.295396,52.43779,13.327659,52.42848,62801
13.330416,52.496519,13.317208,52.492595,62806
13.473974,52.425703,13.510268,52.414379,62806
13.446556,52.511386,13.445276,52.538813,62814
13.552859,52.430571,13.530032,52.475761,62816
13.356424,52.595073,13.387996,52.567188,62823
13.441354,52.490635,13.477693,52.532795,62828
13.298567,52.48359,13.28995,52.475856,62831
13.578653,52.419579,13.58576,52.39439,62833
13.430679,52.475198,13.388803,52.503136,62836
13.36412,52.475554,13.33732,52.455243,62838
13.279077,52.439459,13.287905,52.463296,62843
13.320859,52.520568,13.437453,52.618696,62846
13.463643,52.463534,13.43624,52.452537,62850
13.350477,52.564378,13.363757,52.581229,62859
13.338544,52.521222,13.296229,52.50221,62859
13.402979,52.498304,13.418036,52.502645,62865
13.319992,52.456292,13.330268,52.445302,62866
13.368386,52.488275,13.385753,52.470773,62868
13.398686,52.593988,13.304898,52.547742,62868
13.352903,52.528222,13.370417,52.53982,62869
13.300263,52.522117,13.307153,52.500094,62871
13.623363,52.530086,13.608999,52.52054,62881
13.469383,52.460488,13.427665,52.50936,62882
13.267889,52.494842,13.302227,52.53022,62882
13.286693,52.533176,13.32482,52.530778,62885
13.541333,52.41041,13.327405,52.411236,62890
13.24707,52.526599,13.284089,52.518681,62895
13.265657,52.517109,13.284089,52.518681,62902
13.268857,52.590742,13.238519,52.544771,62910
13.277095,52.441611,13.385727,52.469479,62917
13.468256,52.53267,13.489885,52.512043,62920
13.303297,52.475287,13.283488,52.47838,62926
13.233439,52.430867,13.263277,52.453649,62928
13.343693,52.558596,13.349503,52.542272,62936
13.196597,52.509632,13.302056,52.569225,62936
13.339575,52.478611,13.372025,52.452895,62937
13.361191,52.544627,13.405476,52.546994,62939
13.306387,52.481733,13.329584,52.456265,62940
13.2667,52.455554,13.332569,52.456699,62941
13.326085,52.485234,13.355996,52.470776,62945
13.49644,52.415786,13.482011,52.40539,62950
13.224132,52.512459,13.185459,52.523171,62950
13.47694,52.464707,13.310033,52.466702,62959
13.547511,52.509524,13.532565,52.510923,62959
13.483328,52.47437,13.480459,52.535295,62962
13.418501,52.500159,13.421459,52.524731,62968
13.427078,52.535771,13.438869,52.555616,62969
13.223316,52.544075,13.24976,52.531046,62980
13.398477,52.419557,13.387492,52.439512,62982
13.384923,52.419042,13.349882,52.405643,62987
13.36412,52.475554,13.339078,52.471445,62988
13.220473,52.441023,13.171041,52.446421,62988
13.560327,52.426365,13.542214,52.407423,62989
13.349704,52.495518,13.283917,52.529961,62990
13.36045,52.597363,13.312554,52.569622,62995
13.539094,52.570828,13.543678,52.528321,62995
13.48749,52.429335,13.473989,52.461832,62997
13.467317,52.502727,13.452857,52.48494,63002
13.417834,52.543926,13.484201,52.62211,63002
13.401469,52.485093,13.452264,52.481244,63005
13.278539,52.507165,13.203215,52.417572,63009
13.322621,52.497837,13.30994,52.569983,63013
13.402382,52.573381,13.381568,52.552273,63016
13.260641,52.478248,13.330786,52.498537,63016
13.424069,52.513411,13.418753,52.523972,63017
13.348486,52.475446,13.354669,52.458721,63022
13.303824,52.470707,13.401943,52.446774,63024
13.353008,52.484651,13.397914,52.418,63027
13.183828,52.515674,13.20918,52.529087,63029
13.291478,52.496357,13.320497,52.48642,63039
13.404584,52.508926,13.460841,52.627514,63045
13.365785,52.471814,13.346699,52.547462,63047
13.409312,52.444925,13.357563,52.437532,63055
13.306574,52.479098,13.317719,52.491475,63056
13.351729,52.526474,13.351205,52.558321,63058
13.598648,52.534925,13.556832,52.568988,63060
13.430022,52.503489,13.421101,52.480311,63064
13.479581,52.491223,13.436577,52.477338,63069
13.476125,52.444298,13.444284,52.463691,63072
13.426932,52.487197,13.445032,52.490087,63077
13.523903,52.482814,13.491211,52.502491,63081
13.452583,52.464128,13.461034,52.460726,63085
13.458295,52.529603,13.569874,52.486868,63088
13.306641,52.475403,13.29304,52.507942,63095
13.356043,52.448847,13.326661,52.469141,63096
13.530093,52.427452,13.55703,52.447107,63105
13.348486,52.475446,13.574963,52.398956,63110
13.281029,52.479854,13.346196,52.445274,63112
13.525019,52.569051,13.400449,52.490515,63124
13.554561,52.523137,13.517634,52.536729,63125
13.471883,52.418989,13.512038,52.470798,63129
13.323329,52.44982,13.328329,52.464925,63129
13.382484,52.445368,13.364651,52.440407,63135
13.390509,52.61861,13.418421,52.619204,63136
13.579289,52.508852,13.602543,52.539078,63137
13.311481,52.567279,13.318691,52.574065,63141
13.462374,52.514876,13.487858,52.537494,63142
13.313433,52.503269,13.247575,52.467503,63144
13.537667,52.53301,13.555412,52.513428,63151
13.259286,52.430828,13.266672,52.419704,63156
13.288916,52.511457,13.273902,52.489951,63156
13.402467,52.516446,13.332026,52.575524,63159
13.339448,52.595895,13.287862,52.486511,63159
13.397144,52.554804,13.435711,52.551008,63160
13.297116,52.478806,13.289328,52.607461,63160
13.299957,52.511246,13.328824,52.500392,63161
13.417699,52.37679,13.526661,52.426418,63161
13.248535,52.44942,13.261369,52.483624,63161
13.564685,52.438584,13.577821,52.461301,63166
13.562178,52.532644,13.597348,52.532013,63168
13.472278,52.494738,13.463551,52.451447,63168
13.379464,52.54021,13.382835,52.548034,63169
13.464724,52.524409,13.472311,52.547691,63182
13.333475,52.502236,13.306638,52.51749,63188
13.435641,52.504176,13.507023,52.532012,63189
13.484226,52.447711,13.489259,52.467393,63197
13.561405,52.479287,13.564216,52.506248,63201
13.477633,52.402784,13.524543,52.405118,63205
13.345374,52.526313,13.375696,52.568626,63208
13.289427,52.578674,13.307685,52.498183,63210
13.488092,52.49472,13.459176,52.444572,63211
13.49644,52.415786,13.512414,52.405364,63220
13.383425,52.511467,13.469232,52.511574,63224
13.25153,52.449227,13.248112,52.442783,63226
13.504382,52.460353,13.566163,52.437963,63232
13.366443,52.613983,13.467213,52.568991,63234
13.403715,52.503373,13.398032,52.53495,63234
13.329841,52.482379,13.304208,52.472752,63236
13.467104,52.485294,13.520599,52.474507,63236
13.406652,52.48513,13.39244,52.506832,63240
13.519484,52.519459,13.489107,52.536939,63241
13.321518,52.499845,13.392063,52.378335,63260
13.440679,52.51862,13.436081,52.509536,63260
13.557417,52.543042,13.522129,52.532016,63267
13.336282,52.595661,13.359076,52.521986,63278
13.427941,52.488344,13.456235,52.484251,63286
13.567336,52.497893,13.559713,52.499297,63289
13.419899,52.545788,13.390262,52.519961,63291
13.239479,52.471588,13.363338,52.574386,63295
13.37841,52.534299,13.373432,52.5566,63296
13.243341,52.446761,13.303851,52.499475,63302
13.404477,52.507858,13.37796,52.509599,63302
13.388804,52.5307,13.375511,52.542457,63303
13.408631,52.379802,13.397424,52.423883,63304
13.527806,52.490529,13.481872,52.514247,63311
13.20264,52.542652,13.216042,52.509173,63313
13.514329,52.539602,13.584556,52.526289,63314
13.616992,52.453752,13.700741,52.466265,63315
13.448691,52.561032,13.489151,52.539967,63316
13.355606,52.548502,13.360801,52.545369,63322
13.386077,52.433795,13.501386,52.440637,63324
13.304208,52.472752,13.310121,52.493447,63332
13.339794,52.557435,13.349503,52.542272,63332
13.427588,52.560561,13.461976,52.550767,63340
13.314054,52.494491,13.292585,52.504478,63342
13.575615,52.558062,13.410186,52.549967,63351
13.229672,52.507783,13.240703,52.511415,63361
13.447575,52.510115,13.45011,52.531645,63362
13.30632,52.467552,13.341174,52.463908,63365
13.401262,52.546604,13.574522,52.55512,63372
13.57189,52.560691,13.445818,52.496979,63376
13.370923,52.492677,13.355529,52.519699,63376
13.309572,52.474454,13.336791,52.614771,63379
13.339119,52.499934,13.347151,52.505442,63380
13.273542,52.499895,13.304621,52.490695,63381
13.557723,52.442586,13.544151,52.498136,63382
13.348087,52.47297,13.41228,52.446202,63398
13.484272,52.50327,13.514622,52.494617,63401
13.589012,52.517457,13.574501,52.533541,63403
13.323316,52.492024,13.374797,52.460188,63403
13.346723,52.593,13.340943,52.607148,63403
13.215915,52.52695,13.196684,52.527452,63413
13.213714,52.557205,13.23225,52.539345,63413
13.607834,52.529785,13.617527,52.483988,63414
13.38118,52.46573,13.409544,52.445722,63418
13.403787,52.512557,13.46395,52.551183,63418
13.218868,52.424988,13.240704,52.442439,63419
13.399434,52.382472,13.391875,52.382157,63419
13.374633,52.506348,13.356372,52.52554,63420
13.220205,52.423375,13.179649,52.421827,63421
13.353921,52.549312,13.167132,52.420433,63431
13.35577,52.523713,13.342041,52.50497,63444
13.31193,52.4162,13.252112,52.426699,63445
13.328044,52.479883,13.247728,52.534743,63447
13.252275,52.430382,13.345889,52.498833,63447
13.591514,52.435467,13.386643,52.450891,63447
13.476076,52.532932,13.409789,52.506797,63450
13.308101,52.602851,13.346723,52.593,63453
13.412337,52.567376,13.389239,52.586909,63464
13.452093,52.563138,13.427198,52.544469,63466
13.57028,52.542045,13.53634,52.525802,63467
13.449254,52.452378,13.422558,52.444748,63469
13.39981,52.443061,13.414134,52.451734,63472
13.32517,52.569769,13.353921,52.523941,63472
13.366516,52.4194,13.521632,52.466513,63476
13.574372,52.413318,13.575613,52.423789,63477
13.333424,52.429988,13.346092,52.434617,63482
13.540113,52.532583,13.52462,52.513757,63482
13.451108,52.473862,13.428638,52.478512,63485
13.291604,52.510708,13.277256,52.513695,63492
13.321298,52.573937,13.371198,52.551638,63493
13.316053,52.50768,13.342022,52.517876,63503
13.337642,52.503663,13.359688,52.525097,63513
13.57344,52.404055,13.574372,52.413318,63513
13.314547,52.473482,13.37186,52.452789,63517
13.417988,52.558762,13.365319,52.525644,63519
13.340105,52.448112,13.345083,52.458948,63520
13.591692,52.529249,13.595784,52.52869,63522
13.320484,52.499713,13.328308,52.531116,63522
13.329814,52.569213,13.295199,52.599785,63531
13.388109,52.411905,13.409399,52.382219,63535
13.336847,52.490568,13.303411,52.505016,63537
13.437543,52.47898,13.445863,52.488504,63538
13.336896,52.480062,13.337,52.492211,63538
13.318698,52.458751,13.310121,52.493447,63542
13.50795,52.512201,13.495856,52.508292,63548
13.589775,52.509224,13.566813,52.499329,63549
13.42178,52.600273,13.429518,52.576391,63554
13.415159,52.515756,13.441225,52.513671,63560
13.250015,52.521877,13.302175,52.486633,63563
13.157467,52.554642,13.172009,52.552566,63564
13.362103,52.567875,13.379039,52.544492,63565
13.605192,52.529291,13.542952,52.52106,63568
13.196601,52.535227,13.171933,52.540866,63571
13.196601,52.535227,13.179137,52.514894,63571
13.297481,52.591132,13.293584,52.599074,63571
13.251098,52.450085,13.303746,52.47504,63575
13.279409,52.538108,13.248566,52.550255,63576
13.355018,52.540438,13.421295,52.545179,63578
13.447064,52.513842,13.625843,52.507475,63581
13.335151,52.525449,13.339363,52.47891,63583
13.197637,52.545668,13.144668,52.528569,63584
13.380877,52.511964,13.321233,52.568357,63588
13.295633,52.479416,13.277095,52.441611,63592
13.306301,52.470356,13.263624,52.487311,63593
13.506879,52.401202,13.4782,52.436004,63604
13.470764,52.555197,13.464868,52.572085,63604
13.177243,52.547059,13.20264,52.542652,63615
13.496187,52.586037,13.615564,52.534021,63622
13.406024,52.530469,13.387377,52.526106,63626
13.342022,52.517876,13.322156,52.522063,63628
13.283555,52.579664,13.351838,52.565953,63637
13.470256,52.591134,13.442502,52.590828,63638
13.406678,52.505756,13.396358,52.49104,63640
13.408673,52.532676,13.368916,52.526177,63654
13.339018,52.573576,13.341386,52.575293,63654
13.441165,52.501494,13.431623,52.481586,63656
13.453189,52.435182,13.378633,52.451102,63657
13.580582,52.468535,13.608999,52.52054,63657
13.39944,52.504619,13.379731,52.516283,63665
13.43709,52.476361,13.477687,52.446588,63678
13.508256,52.401076,13.488738,52.416656,63686
13.232252,52.541556,13.281679,52.508785,63687
13.379488,52.49255,13.351775,52.493418,63688
13.315622,52.419241,13.315186,52.447053,63693
13.56623,52.52061,13.551978,52.541802,63697
13.23739,52.505671,13.283961,52.512796,63697
13.495676,52.5654,13.528081,52.483156,63698
13.340914,52.480043,13.334725,52.466219,63700
13.426755,52.515814,13.406558,52.498316,63702
13.521887,52.525881,13.508713,52.54734,63704
13.329841,52.482379,13.337638,52.459401,63706
13.575579,52.481732,13.5265,52.556064,63708
13.228247,52.442946,13.222956,52.432441,63711
13.324461,52.526692,13.292426,52.519147,63714
13.360573,52.596553,13.496454,52.618963,63723
13.614623,52.540496,13.591628,52.544987,63724
13.471961,52.458371,13.485752,52.472946,63729
13.394913,52.422583,13.351575,52.415825,63730
13.4624,52.495256,13.453975,52.488934,63731
13.588781,52.512706,13.596716,52.521488,63737
13.428046,52.526566,13.457649,52.537672,63737
13.39831,52.41103,13.389673,52.398549,63739
13.562712,52.446007,13.592881,52.426461,63740
13.364251,52.549661,13.379039,52.544492,63743
13.460002,52.455778,13.456079,52.473747,63744
13.295551,52.442578,13.243954,52.422597,63745
13.354126,52.528226,13.281068,52.524241,63749
13.333831,52.595626,13.341479,52.586058,63750
13.395315,52.516208,13.47157,52.493831,63752
13.23089,52.440699,13.278098,52.526466,63756
13.597916,52.438454,13.647755,52.410061,63758
13.419204,52.595038,13.293752,52.548188,63758
13.501475,52.51542,13.475515,52.513553,63759
13.346371,52.480889,13.247018,52.52686,63759
13.235071,52.622427,13.208009,52.547594,63762
13.470316,52.553728,13.394212,52.507916,63766
13.430295,52.49555,13.441282,52.532067,63768
13.366848,52.551132,13.404601,52.511289,63771
13.306574,52.479098,13.301583,52.413726,63773
13.361654,52.444298,13.316237,52.469949,63775
13.470035,52.495485,13.447245,52.530565,63777
13.338494,52.494396,13.307153,52.500094,63779
13.471933,52.570739,13.499441,52.540448,63786
13.179649,52.421827,13.219123,52.423035,63793
13.346744,52.526306,13.368916,52.526177,63794
13.282069,52.47259,13.310441,52.489345,63796
13.266657,52.436097,13.24608,52.434357,63798
13.271033,52.512477,13.304621,52.490695,63804
13.342329,52.482535,13.330557,52.519219,63809
13.35454,52.534476,13.369244,52.498843,63819
13.259505,52.548189,13.340881,52.495421,63821
13.347647,52.45908,13.336054,52.495979,63822
13.44647,52.519089,13.408777,52.511995,63824
13.267889,52.494842,13.29673,52.609636,63825
13.532916,52.406718,13.352277,52.495866,63825
13.291297,52.458038,13.302258,52.486452,63826
13.318482,52.49729,13.343703,52.508285,63828
13.428752,52.416184,13.454244,52.429722,63832
13.265005,52.50209,13.250625,52.500319,63833
13.555688,52.563745,13.599615,52.524226,63833
13.283488,52.47838,13.253853,52.510243,63843
13.411866,52.498522,13.400452,52.494317,63845
13.334062,52.413157,13.214656,52.559811,63845
13.324418,52.516942,13.344002,52.536888,63852
13.161604,52.419831,13.244518,52.438435,63852
13.378228,52.49935,13.361334,52.50306,63854
13.474898,52.549663,13.495676,52.5654,63855
13.34928,52.499441,13.505459,52.401364,63855
13.394352,52.483946,13.426035,52.491333,63858
13.308304,52.483824,13.279409,52.538108,63861
13.452405,52.55785,13.465779,52.546334,63862
13.554959,52.432583,13.478702,52.48169,63868
13.37907,52.448131,13.381685,52.439571,63870
13.287042,52.432722,13.290288,52.457734,63877
13.575615,52.558062,13.57028,52.542045,63878
13.328559,52.53114,13.386386,52.489513,63879
13.461026,52.511082,13.519224,52.505523,63881
13.416317,52.497255,13.415029,52.52088,63886
13.579619,52.458922,13.585366,52.448941,63909
13.431981,52.505757,13.423153,52.531532,63909
13.503774,52.497748,13.467317,52.502727,63913
13.307534,52.574378,13.295076,52.537596,63916
13.441176,52.549513,13.383749,52.555051,63920
13.536255,52.477783,13.574043,52.527328,63925
13.446757,52.483442,13.513698,52.505441,63926
13.574214,52.540357,13.5812,52.548533,63927
13.429384,52.555956,13.397144,52.554804,63935
13.579006,52.525617,13.612194,52.512039,63937
13.302214,52.538731,13.35547,52.548396,63937
13.351213,52.544211,13.348947,52.54865,63941
13.354669,52.458721,13.33625,52.467496,63946
13.330177,52.525658,13.246221,52.606889,63947
13.241437,52.473194,13.208513,52.526793,63951
13.355606,52.548502,13.363885,52.528338,63953
13.730532,52.428561,13.627608,52.450425,63957
13.326875,52.448863,13.363758,52.424357,63963
13.276583,52.483398,13.463146,52.439669,63968
13.340283,52.464637,13.419314,52.48745,63969
13.365079,52.590084,13.360706,52.570875,63971
13.480451,52.606824,13.466104,52.617069,63972
13.41697,52.52855,13.398345,52.514662,63984
13.423189,52.48664,13.404131,52.499782,63984
13.325666,52.605747,13.319025,52.590103,63988
13.327456,52.524358,13.279803,52.541006,63996
13.419781,52.39314,13.363495,52.457721,63997
13.556289,52.558632,13.418964,52.524131,64001
13.344575,52.506451,13.311023,52.476244,64006
13.337775,52.410562,13.405376,52.402138,64007
13.357747,52.437782,13.424338,52.38958,64010
13.405586,52.511233,13.39248,52.512278,64024
13.439013,52.541109,13.467089,52.55997,64031
13.387377,52.526106,13.41585,52.531745,64032
13.439013,52.541109,13.442346,52.557308,64032
13.284475,52.491526,13.278143,52.506702,64032
13.442152,52.532982,13.445276,52.538813,64039
13.326108,52.485513,13.461841,52.450902,64040
13.425836,52.503387,13.361772,52.540999,64041
13.344585,52.477341,13.385753,52.470773,64042
13.202252,52.534936,13.171755,52.518167,64045
13.545575,52.41235,13.574372,52.413318,64055
13.567444,52.547682,13.559161,52.559367,64060
13.353199,52.441492,13.459073,52.427236,64068
13.312677,52.466062,13.15318,52.415294,64074
13.401242,52.486282,13.278509,52.468584,64076
13.574372,52.413318,13.640081,52.385856,64077
13.332567,52.493178,13.349914,52.481217,64078
13.57829,52.515902,13.572979,52.472411,64079
13.458087,52.554868,13.473208,52.50934,64081
13.391875,52.382157,13.420172,52.394807,64086
13.593874,52.447478,13.625466,52.456952,64091
13.436577,52.477338,13.442844,52.465075,64095
13.300358,52.605534,13.291016,52.581021,64097
13.354194,52.483487,13.385753,52.470773,64100
13.283629,52.433667,13.277881,52.415422,64101
13.28599,52.463236,13.308041,52.472467,64101
13.581092,52.539789,13.555402,52.517724,64103
13.298488,52.421938,13.299385,52.460421,64104
13.382329,52.485004,13.362791,52.499682,64107
13.5779,52.497645,13.594192,52.524614,64110
13.305788,52.459011,13.367017,52.465508,64114
13.236131,52.622336,13.246221,52.606889,64117
13.273542,52.499895,13.374284,52.475337,64119
13.422433,52.517035,13.417242,52.521878,64120
13.31754,52.493868,13.322216,52.495604,64121
13.349353,52.508572,13.300384,52.500268,64121
13.301732,52.581685,13.316404,52.587337,64124
13.526451,52.424606,13.631588,52.394925,64126
13.374048,52.451236,13.385753,52.470773,64134
13.40538,52.463684,13.288281,52.513441,64137
13.344638,52.598155,13.347702,52.574412,64140
13.385867,52.476271,13.36412,52.475554,64141
13.349882,52.405643,13.384923,52.419042,64142
13.529185,52.52558,13.555412,52.513428,64145
13.3571,52.498974,13.230892,52.548769,64148
13.507656,52.535868,13.391508,52.551419,64151
13.534031,52.58974,13.504971,52.596485,64154
13.352903,52.528222,13.415553,52.544025,64156
13.338074,52.523699,13.34912,52.490393,64159
13.296873,52.627482,13.305031,52.512951,64165
13.343373,52.531737,13.313165,52.500711,64174
13.324496,52.428435,13.339576,52.433118,64174
13.329868,52.577813,13.349151,52.561068,64174
13.390658,52.469052,13.434207,52.465998,64178
13.547289,52.530449,13.541901,52.50495,64181
13.169939,52.518571,13.247011,52.543235,64182
13.578986,52.499994,13.495081,52.564823,64184
13.548136,52.56539,13.513607,52.566583,64185
13.47371,52.461836,13.319237,52.447744,64189
13.450101,52.447703,13.454244,52.429722,64190
13.416097,52.451468,13.429868,52.459723,64192
13.334453,52.561711,13.274392,52.500784,64196
13.370923,52.492677,13.353311,52.50219,64203
13.387434,52.552689,13.39037,52.553194,64208
13.456338,52.442818,13.444284,52.463691,64209
13.628279,52.445464,13.625532,52.457545,64214
13.501851,52.498357,13.504861,52.493349,64218
13.366242,52.553466,13.466389,52.558001,64220
13.377227,52.599119,13.405325,52.590683,64220
13.37425,52.556816,13.384452,52.567544,64220
13.336488,52.463215,13.363485,52.48356,64224
13.382835,52.548034,13.440062,52.567258,64226
13.423102,52.542281,13.375783,52.510649,64230
13.38662,52.505363,13.354316,52.564532,64231
13.379501,52.523502,13.368899,52.505741,64232
13.548072,52.453812,13.592085,52.414186,64235
13.277726,52.517707,13.247011,52.543235,64236
13.475515,52.513553,13.485516,52.523997,64243
13.377886,52.468636,13.379647,52.467069,64245
13.332675,52.464589,13.320497,52.48642,64247
13.332812,52.581501,13.369236,52.560603,64250
13.559129,52.569685,13.471631,52.537957,64253
13.287071,52.51739,13.293939,52.537006,64255
13.154676,52.416286,13.109732,52.414048,64257
13.483611,52.515996,13.493679,52.516183,64261
13.318495,52.526247,13.328458,52.534628,64263
13.36116,52.596942,13.3854,52.583099,64264
13.312554,52.569622,13.376628,52.487712,64265
13.421101,52.480311,13.288119,52.477188,64266
13.300751,52.503203,13.356655,52.519425,64268
13.443908,52.461179,13.247539,52.544694,64270
13.319464,52.492238,13.311856,52.458225,64274
13.530432,52.460567,13.49202,52.501151,64275
13.628283,52.540381,13.566855,52.529086,64277
13.328944,52.566788,13.295231,52.590375,64281
13.424726,52.546899,13.43151,52.588167,64284
13.459176,52.444572,13.46629,52.469235,64286
13.191187,52.514351,13.229316,52.510321,64300
13.432111,52.5437,13.347151,52.505442,64303
13.312674,52.511914,13.344257,52.546178,64305
13.303072,52.494073,13.342056,52.475995,64312
13.328584,52.492899,13.330991,52.467313,64312
13.414097,52.550558,13.444207,52.560098,64317
13.471215,52.512277,13.522718,52.506898,64320
13.5812,52.548533,13.628283,52.540381,64323
13.176924,52.53954,13.207472,52.538765,64324
13.552199,52.439396,13.478597,52.471562,64335
13.348068,52.503625,13.328028,52.525754,64341
13.301046,52.471322,13.320497,52.48642,64342
13.351385,52.528212,13.360268,52.481404,64350
13.416317,52.497255,13.374941,52.503019,64353
13.390693,52.517269,13.446353,52.486368,64360
13.206789,52.546132,13.217291,52.53782,64362
13.435984,52.48218,13.422201,52.492979,64367
13.589391,52.408344,13.443392,52.420239,64368
13.309667,52.478174,13.40559,52.407016,64370
13.341876,52.492318,13.349778,52.480149,64371
13.232699,52.442801,13.364858,52.451369,64377
13.254769,52.442605,13.259286,52.430828,64378
13.174128,52.550748,13.377714,52.553028,64380
13.379653,52.552807,13.313213,52.571421,64381
13.328458,52.534628,13.310135,52.539452,64388
13.606426,52.50535,13.500058,52.56458,64393
13.252275,52.430382,13.265323,52.417777,64394
13.35292,52.420887,13.322059,52.410371,64398
13.404372,52.513809,13.436506,52.551897,64407
13.527096,52.49212,13.583733,52.49728,64410
13.301333,52.445633,13.319613,52.536992,64411
13.275293,52.500361,13.305251,52.51143,64412
13.360738,52.576672,13.36891,52.583255,64413
13.518099,52.452359,13.516162,52.476892,64418
13.434501,52.549621,13.397144,52.554804,64420
13.421467,52.465199,13.439159,52.472112,64420
13.494455,52.581961,13.520949,52.572052,64420
13.612194,52.512039,13.605033,52.493415,64424
13.202643,52.562162,13.412269,52.406774,64430
13.444211,52.531968,13.428959,52.551476,64431
13.355996,52.470776,13.529961,52.418125,64440
13.385392,52.550089,13.371708,52.540111,64441
13.467873,52.437193,13.338205,52.479535,64442
13.58576,52.39439,13.573994,52.401055,64443
13.372505,52.556665,13.397144,52.554804,64445
13.545846,52.569464,13.551921,52.561485,64450
13.443869,52.572271,13.406704,52.562806,64450
13.368899,52.505741,13.408777,52.511995,64452
13.593739,52.414397,13.589173,52.428425,64456
13.448147,52.481385,13.597563,52.442926,64462
13.46866,52.531946,13.56288,52.540804,64464
13.461976,52.550767,13.472447,52.547779,64464
13.445032,52.490087,13.426932,52.487197,64466
13.205153,52.524607,13.270687,52.515267,64467
13.356232,52.562119,13.350336,52.573241,64468
13.288785,52.479329,13.341999,52.612717,64473
13.369941,52.589354,13.360706,52.570875,64476
13.484982,52.536568,13.343703,52.508285,64476
13.464202,52.496753,13.410117,52.510586,64477
13.513897,52.461948,13.505404,52.495472,64479
13.314143,52.507809,13.279669,52.495865,64487
13.299482,52.546525,13.299286,52.513473,64489
13.268002,52.572912,13.371786,52.57472,64503
13.371387,52.477321,13.328308,52.508181,64513
13.545846,52.569464,13.572706,52.544332,64516
13.27367,52.481416,13.335454,52.526695,64520
13.603478,52.544099,13.525671,52.564037,64526
13.414097,52.550558,13.403217,52.560744,64533
13.574998,52.560164,13.562293,52.535878,64540
13.412712,52.533598,13.448145,52.508203,64543
13.44834,52.497551,13.40101,52.518324,64546
13.398885,52.532603,13.439013,52.541109,64548
13.294242,52.497738,13.29388,52.488413,64551
13.422495,52.528502,13.363676,52.508299,64563
13.544029,52.542094,13.49915,52.539697,64564
13.378475,52.47758,13.403357,52.430625,64568
13.418421,52.619204,13.442502,52.590828,64575
13.514193,52.415704,13.508256,52.401076,64576
13.296311,52.541995,13.361704,52.537872,64579
13.400452,52.494317,13.447941,52.521704,64581
13.270761,52.547925,13.268006,52.529594,64584
13.510472,52.429817,13.587231,52.444359,64584
13.381299,52.440879,13.376017,52.454952,64593
13.359225,52.536804,13.381568,52.552273,64596
13.453695,52.473758,13.433536,52.48203,64604
13.479087,52.443174,13.449254,52.452378,64604
13.185719,52.55198,13.217291,52.53782,64608
13.347142,52.602305,13.319906,52.578194,64611
13.519485,52.546358,13.475035,52.55331,64613
13.186377,52.506401,13.143664,52.544908,64614
13.34013,52.475559,13.313648,52.483818,64616
13.427028,52.636823,13.329493,52.605893,64617
13.331322,52.503114,13.329617,52.500302,64620
13.323725,52.494374,13.324568,52.613875,64624
13.367812,52.418999,13.373168,52.413985,64625
13.595784,52.52869,13.619847,52.512249,64632
13.323139,52.491046,13.317978,52.592092,64633
13.407909,52.54195,13.381568,52.552273,64635
13.307425,52.485928,13.28705,52.472329,64637
13.32482,52.530778,13.261836,52.491707,64640
13.362308,52.433577,13.273502,52.467946,64648
13.410569,52.498474,13.37003,52.492849,64654
13.619283,52.528146,13.56005,52.556579,64657
13.721056,52.438918,13.708277,52.395243,64670
13.322889,52.523403,13.278375,52.508623,64671
13.500446,52.43549,13.448218,52.472792,64672
13.336488,52.463215,13.34912,52.490393,64677
13.478005,52.443789,13.437162,52.469979,64682
13.196601,52.535227,13.198445,52.555303,64687
13.44953,52.451386,13.568839,52.426351,64688
13.155641,52.525551,13.248935,52.517035,64693
13.346092,52.434617,13.299661,52.421341,64698
13.540315,52.435157,13.546564,52.418772,64710
13.248225,52.538234,13.239278,52.559124,64713
13.585859,52.463045,13.570858,52.467811,64715
13.2193,52.575167,13.174804,52.48279,64720
13.560369,52.397191,13.58218,52.44254,64724
13.541565,52.542891,13.576859,52.549579,64728
13.28705,52.472329,13.33555,52.488094,64729
13.387996,52.567188,13.355689,52.526348,64734
13.441183,52.489001,13.456079,52.473747,64735
13.383576,52.493787,13.485697,52.460823,64736
13.384844,52.591194,13.347298,52.594404,64748
13.208645,52.539643,13.198704,52.545334,64749
13.453282,52.539757,13.454987,52.528475,64751
13.39829,52.570877,13.41342,52.559769,64753
13.500373,52.627334,13.497591,52.644481,64757
13.586368,52.520549,13.596996,52.52596,64763
13.379039,52.544492,13.353401,52.531461,64768
13.406486,52.484072,13.353198,52.489888,64768
13.290613,52.590407,13.320186,52.607112,64774
13.358972,52.537697,13.337352,52.541637,64775
13.314424,52.523165,13.331415,52.503751,64786
13.28995,52.475856,13.348852,52.492221,64788
13.290571,52.493051,13.307153,52.500094,64790
13.273502,52.467946,13.257232,52.445931,64793
13.268253,52.507474,13.332822,52.609046,64796
13.345083,52.458948,13.385679,52.466091,64807
13.370009,52.505889,13.396358,52.49104,64809
13.281543,52.47628,13.364057,52.436397,64810
13.368274,52.550064,13.348795,52.53891,64810
13.345347,52.539425,13.335756,52.520625,64811
13.43064,52.528835,13.401271,52.529753,64813
13.500118,52.407642,13.327737,52.471151,64820
13.466916,52.553016,13.417228,52.549829,64823
13.337991,52.584902,13.403618,52.579307,64824
13.48901,52.515344,13.518777,52.510489,64829
13.303652,52.488279,13.313249,52.567682,64839
13.323883,52.495235,13.381059,52.417695,64841
13.322621,52.497837,13.370708,52.499968,64842
13.587759,52.521519,13.694944,52.434514,64850
13.387437,52.549032,13.386055,52.558502,64854
13.456079,52.473747,13.466767,52.460565,64859
13.20918,52.529087,13.183828,52.515674,64860
13.405476,52.546994,13.397747,52.5325,64875
13.406989,52.518271,13.412393,52.535166,64883
13.295828,52.508092,13.303722,52.536395,64887
13.320022,52.454827,13.31179,52.479768,64893
13.333424,52.429988,13.361846,52.436719,64893
13.316545,52.51082,13.336896,52.480062,64894
13.447575,52.510115,13.464738,52.514631,64895
13.331415,52.503751,13.348273,52.497826,64900
13.161982,52.519602,13.132122,52.51973,64905
13.571983,52.425474,13.600717,52.529406,64907
13.504879,52.465856,13.630242,52.518891,64908
13.50829,52.505779,13.445676,52.534844,64910
13.122112,52.528138,13.129227,52.548705,64910
13.420819,52.533654,13.400281,52.588451,64912
13.481556,52.438712,13.511645,52.454616,64915
13.52462,52.513757,13.412585,52.545247,64916
13.314381,52.423973,13.382536,52.404304,64923
13.436081,52.509536,13.432061,52.497335,64924
13.382694,52.467106,13.275358,52.512781,64926
13.435462,52.521731,13.369869,52.577123,64931
13.410786,52.413263,13.381851,52.39696,64935
13.383122,52.580088,13.463076,52.548848,64938
13.25071,52.437938,13.229792,52.430824,64939
13.562712,52.446007,13.552938,52.432825,64940
13.575613,52.423789,13.574372,52.413318,64943
13.625843,52.507475,13.462085,52.525251,64947
13.541876,52.520211,13.480035,52.50868,64948
13.501523,52.572057,13.512574,52.565302,64956
13.410606,52.387831,13.316742,52.425762,64956
13.39134,52.550307,13.28476,52.576478,64971
13.433593,52.445298,13.456577,52.442501,64979
13.388331,52.533923,13.412555,52.53608,64979
13.382302,52.431116,13.382784,52.491541,64983
13.584959,52.49818,13.594192,52.524614,64985
13.430726,52.468475,13.458348,52.485843,64992
13.256696,52.485992,13.41843,52.555072,64998
13.267764,52.445989,13.309977,52.46335,65004
13.485207,52.496069,13.484042,52.530541,65014
13.330786,52.498537,13.369354,52.488165,65017
13.435114,52.418345,13.180855,52.558589,65019
13.612194,52.512039,13.631498,52.513419,65024
13.341679,52.561719,13.306187,52.592088,65031
13.312055,52.498063,13.335313,52.458429,65044
13.293977,52.536817,13.303824,52.470707,65052
13.313164,52.543624,13.335312,52.474418,65052
13.562943,52.566193,13.553667,52.551621,65053
13.345752,52.552182,13.321045,52.523828,65056
13.558627,52.406965,13.577815,52.392843,65059
13.348611,52.474231,13.428258,52.458161,65062
13.34834,52.437952,13.318307,52.422042,65071
13.53634,52.525802,13.556551,52.510232,65072
13.293752,52.548188,13.250015,52.521877,65072
13.273848,52.487561,13.31179,52.479768,65073
13.246221,52.606889,13.236131,52.622336,65073
13.323242,52.464578,13.272999,52.543758,65079
13.510356,52.575423,13.535596,52.587635,65080
13.512864,52.462698,13.423295,52.482154,65081
13.366704,52.43545,13.395747,52.445248,65087
13.463814,52.571882,13.588202,52.462339,65087
13.444338,52.557823,13.367175,52.567332,65104
13.435707,52.466878,13.347647,52.45908,65109
13.317976,52.508916,13.351039,52.48621,65124
13.427198,52.544469,13.44169,52.55666,65127
13.345817,52.519136,13.254538,52.517209,65127
13.384218,52.510011,13.420105,52.496455,65129
13.216516,52.424473,13.30793,52.523264,65131
13.25286,52.522952,13.167207,52.556056,65131
13.37069,52.563229,13.318507,52.56499,65143
13.332882,52.44858,13.48504,52.402826,65145
13.451852,52.54736,13.549123,52.553226,65145
13.159513,52.426394,13.243361,52.427124,65147
13.287635,52.447005,13.319992,52.456292,65149
13.389147,52.52755,13.390968,52.544613,65154
13.1243,52.535316,13.142292,52.538046,65167
13.299637,52.47344,13.313671,52.484115,65170
13.624167,52.446859,13.625581,52.457688,65172
13.315437,52.479143,13.314277,52.508868,65173
13.395381,52.386682,13.404447,52.377515,65175
13.336106,52.514222,13.394778,52.539724,65175
13.303422,52.509869,13.377453,52.517882,65177
13.375511,52.542457,13.570004,52.548349,65179
13.281679,52.508785,13.310121,52.493447,65187
13.414749,52.504841,13.48392,52.517322,65190
13.29348,52.597045,13.297516,52.60277,65195
13.320186,52.607112,13.299491,52.605193,65197
13.370721,52.572728,13.418285,52.561113,65197
13.255299,52.446248,13.358859,52.49633,65201
13.495856,52.508292,13.50795,52.512201,65209
13.538741,52.41616,13.599901,52.443317,65218
13.240703,52.511415,13.242572,52.625557,65218
13.439013,52.541109,13.455693,52.541372,65232
13.304431,52.488243,13.335162,52.487936,65235
13.276961,52.472555,13.476125,52.444298,65237
13.420608,52.574557,13.228121,52.509201,65244
13.304621,52.490695,13.296037,52.517679,65246
13.340905,52.460415,13.396723,52.487225,65248
13.229168,52.424801,13.240704,52.442439,65250
13.476337,52.599075,13.418933,52.508081,65252
13.487078,52.465569,13.444284,52.463691,65266
13.416852,52.504277,13.367858,52.50258,65268
13.395559,52.510893,13.414039,52.519877,65269
13.511591,52.440174,13.246622,52.420771,65279
13.303422,52.509869,13.333699,52.499897,65288
13.20264,52.542652,13.182956,52.547928,65291
13.463643,52.463534,13.491189,52.433504,65293
13.505805,52.484376,13.484272,52.50327,65294
13.330126,52.475725,13.349535,52.493363,65298
13.289791,52.633221,13.306502,52.640354,65300
13.431623,52.481586,13.408136,52.5343,65302
13.384136,52.458191,13.342859,52.496063,65302
13.316404,52.587337,13.308602,52.578041,65302
13.402127,52.590828,13.401792,52.57754,65303
13.36081,52.49132,13.414847,52.459742,65305
13.436081,52.509536,13.430411,52.524964,65308
13.346098,52.51916,13.323951,52.525413,65315
13.522949,52.501206,13.530311,52.495242,65317
13.383624,52.393048,13.382553,52.415179,65317
13.385256,52.46713,13.366541,52.495235,65319
13.420254,52.462257,13.385913,52.478194,65320
13.29579,52.533822,13.326667,52.530955,65321
13.326456,52.421214,13.356373,52.490202,65322
13.335863,52.452303,13.319535,52.467073,65329
13.239901,52.525812,13.194053,52.545606,65335
13.437591,52.529595,13.463043,52.532339,65336
13.238413,52.493348,13.274298,52.477149,65336
13.544642,52.544882,13.512523,52.543238,65339
13.295953,52.490817,13.342667,52.48156,65344
13.370664,52.454538,13.239471,52.621887,65352
13.48159,52.473025,13.491314,52.466819,65353
13.435711,52.551008,13.454987,52.528475,65356
13.50093,52.496409,13.470823,52.510269,65360
13.30244,52.486117,13.329279,52.591022,65365
13.330177,52.525658,13.353121,52.546796,65368
13.564216,52.506248,13.561405,52.479287,65368
13.316972,52.574318,13.228771,52.52564,65371
13.499441,52.540448,13.613593,52.50962,65374
13.29304,52.507942,13.306641,52.475403,65376
13.548128,52.473845,13.521322,52.501433,65378
13.439013,52.541109,13.467634,52.546698,65381
13.499842,52.511153,13.530112,52.51028,65398
13.287905,52.463296,13.279077,52.439459,65398
13.303722,52.536395,13.309627,52.476314,65399
13.196709,52.425925,13.262189,52.479876,65400
13.130514,52.53629,13.175855,52.519959,65403
13.585296,52.549682,13.54668,52.53407,65405
13.314022,52.457347,13.337623,52.416711,65406
13.435434,52.532596,13.454987,52.528475,65407
13.283157,52.419958,13.388007,52.420822,65408
13.498189,52.445234,13.492532,52.43018,65413
13.616835,52.448272,13.563251,52.452067,65421
13.32536,52.589277,13.302769,52.618143,65422
13.222956,52.432441,13.240704,52.442439,65423
13.326529,52.587431,13.298127,52.583019,65423
13.302354,52.419945,13.252973,52.420794,65425
13.366252,52.532445,13.365438,52.537074,65426
13.205531,52.563149,13.208383,52.548884,65430
13.273848,52.487561,13.288916,52.511457,65436
13.427028,52.636823,13.473709,52.53617,65441
13.253195,52.521259,13.250312,52.51108,65442
13.423126,52.494253,13.46724,52.436293,65443
13.328028,52.525754,13.35179,52.502558,65443
13.36864,52.485073,13.292179,52.479112,65452
13.209353,52.428079,13.321591,52.577313,65452
13.369236,52.560603,13.379279,52.522534,65456
13.557035,52.525181,13.551988,52.527871,65473
13.320314,52.478819,13.370525,52.468533,65474
13.335397,52.451481,13.332775,52.456706,65477
13.446574,52.521361,13.439013,52.541109,65479
13.506307,52.402971,13.427287,52.421324,65480
13.441286,52.543436,13.445467,52.520386,65498
13.423132,52.54867,13.369151,52.507194,65501
13.397424,52.423883,13.353294,52.416758,65503
13.196601,52.535227,13.200487,52.54963,65506
13.331036,52.495128,13.344943,52.460621,65506
13.337763,52.473698,13.306023,52.474889,65507
13.185129,52.5421,13.207472,52.538765,65514
13.534147,52.53941,13.436042,52.565671,65519
13.403637,52.52311,13.416184,52.525189,65526
13.627608,52.450425,13.730532,52.428561,65528
13.501209,52.569778,13.493646,52.541267,65529
13.31723,52.607971,13.338606,52.559588,65531
13.346198,52.509434,13.268657,52.478073,65536
13.472278,52.494738,13.387161,52.504288,65540
13.613593,52.50962,13.527398,52.568302,65544
13.299416,52.52085,13.396613,52.511636,65548
13.372206,52.572126,13.367164,52.505842,65558
13.339377,52.459489,13.328373,52.471278,65558
13.387115,52.429873,13.387492,52.439512,65559
13.326653,52.435142,13.367639,52.423387,65561
13.407296,52.562386,13.371899,52.564185,65565
13.485752,52.472946,13.459182,52.485239,65566
13.386021,52.481653,13.373556,52.468983,65569
13.35893,52.521071,13.40434,52.533131,65573
13.239479,52.471588,13.207443,52.431909,65577
13.572907,52.552436,13.468049,52.441163,65579
13.414664,52.54116,13.396089,52.53828,65582
13.405851,52.51398,13.412809,52.507723,65585
13.373673,52.550621,13.323302,52.575829,65590
13.17336,52.545741,13.207472,52.538765,65591
13.198357,52.485511,13.283961,52.512796,65594
13.326661,52.469141,13.328487,52.483823,65597
13.320311,52.478738,13.380582,52.442874,65599
13.194647,52.43176,13.171041,52.446421,65606
13.623387,52.510376,13.455673,52.52205,65610
13.216042,52.509173,13.26663,52.424935,65612
13.350336,52.573241,13.356232,52.562119,65613
13.575648,52.55816,13.474592,52.532609,65613
13.313133,52.470478,13.419858,52.442633,65618
13.272143,52.413166,13.268282,52.510026,65623
13.319025,52.590103,13.262725,52.452343,65629
13.511239,52.418267,13.555196,52.446007,65632
13.39037,52.553194,13.429514,52.530017,65640
13.596695,52.44292,13.562712,52.446007,65658
13.166414,52.52398,13.133191,52.526334,65659
13.14726,52.54091,13.261641,52.542981,65660
13.354235,52.506871,13.342022,52.517876,65662
13.388464,52.527405,13.401271,52.529753,65673
13.50526,52.511067,13.50646,52.492744,65673
13.46823,52.433782,13.449254,52.452378,65675
13.310121,52.493447,13.347013,52.480702,65684
13.602543,52.539078,13.524899,52.50988,65684
13.387038,52.430225,13.406178,52.415798,65686
13.623484,52.512621,13.58369,52.514913,65687
13.571633,52.438366,13.507541,52.510579,65688
13.469065,52.439875,13.531273,52.405112,65692
13.298071,52.629518,13.287959,52.659357,65695
13.408804,52.49304,13.434946,52.481042,65697
13.511274,52.432197,13.527578,52.523839,65702
13.209101,52.532619,13.271979,52.603775,65704
13.345144,52.479276,13.385753,52.470773,65708
13.604465,52.452341,13.457111,52.44351,65715
13.292386,52.553901,13.2792,52.485311,65715
13.477946,52.492511,13.485079,52.532891,65719
13.436213,52.467519,13.476943,52.465678,65721
13.372678,52.503162,13.347444,52.487078,65730
13.30351,52.538689,13.23163,52.508257,65732
13.314605,52.465078,13.330806,52.487006,65740
13.204479,52.420786,13.179649,52.421827,65741
13.333424,52.429988,13.338767,52.4268,65742
13.418446,52.554218,13.445715,52.558426,65744
13.319992,52.456292,13.300442,52.446847,65746
13.343248,52.601451,13.341386,52.575293,65759
13.319568,52.587545,13.353814,52.528598,65760
13.43151,52.588167,13.542434,52.568502,65764
13.327405,52.411236,13.333273,52.462982,65767
13.347395,52.472492,13.392365,52.425686,65771
13.253853,52.510243,13.325836,52.578155,65772
13.578943,52.405905,13.390348,52.382175,65772
13.649626,52.410188,13.503181,52.400476,65774
13.381685,52.439571,13.394394,52.462007,65775
13.373405,52.412167,13.346129,52.418951,65776
13.607737,52.504945,13.515547,52.532613,65779
13.260842,52.450296,13.261762,52.421779,65781
13.483979,52.528681,13.611642,52.540015,65783
13.409544,52.445722,13.344756,52.522482,65784
13.270687,52.515267,13.303411,52.505016,65787
13.36891,52.583255,13.351409,52.570254,65789
13.311162,52.453694,13.360508,52.446746,65792
13.399184,52.54431,13.351385,52.528212,65793
13.383574,52.551369,13.453005,52.550114,65794
13.278805,52.477766,13.344638,52.598155,65795
13.515119,52.452972,13.53352,52.452052,65798
13.353401,52.531461,13.393673,52.541112,65801
13.473371,52.513769,13.437858,52.520183,65803
13.496394,52.434373,13.527697,52.421534,65807
13.265323,52.417777,13.264402,52.40667,65808
13.428942,52.60264,13.411428,52.582234,65814
13.373168,52.413985,13.322309,52.418735,65815
13.49253,52.6256,13.520097,52.635207,65817
13.481053,52.619848,13.372262,52.59232,65822
13.502485,52.428409,13.511645,52.454616,65825
13.503946,52.436767,13.478497,52.404904,65829
13.263542,52.546555,13.294869,52.430381,65833
13.492509,52.539035,13.527398,52.568302,65834
13.374697,52.434305,13.301405,52.436106,65835
13.347168,52.532934,13.379721,52.495756,65838
13.299552,52.470583,13.261368,52.485664,65839
13.596219,52.51754,13.545591,52.440103,65843
13.34377,52.564993,13.573642,52.554853,65845
13.330839,52.465211,13.301462,52.524773,65847
13.408981,52.393989,13.424338,52.38958,65851
13.275254,52.489344,13.232067,52.426999,65851
13.339605,52.505249,13.367164,52.505842,65853
13.433472,52.582275,13.393598,52.572694,65855
13.14725,52.551838,13.346701,52.459882,65855
13.60578,52.53934,13.605192,52.529291,65860
13.317512,52.559852,13.274842,52.589006,65862
13.341386,52.575293,13.354455,52.56045,65863
13.304208,52.472752,13.421594,52.478732,65864
13.378014,52.57294,13.367175,52.567332,65864
13.226894,52.549709,13.23225,52.539345,65865
13.611264,52.511189,13.598944,52.51265,65867
13.4108,52.503873,13.399671,52.509119,65868
13.269615,52.488829,13.289535,52.50293,65875
13.574372,52.413318,13.56459,52.393567,65877
13.500697,52.400471,13.496668,52.410346,65878
13.400042,52.512907,13.442647,52.547185,65881
13.552859,52.430571,13.540315,52.435157,65882
13.329724,52.557954,13.326801,52.527574,65884
13.311798,52.455296,13.306872,52.419635,65885
13.489748,52.403441,13.49644,52.415786,65890
13.342301,52.477259,13.382694,52.467106,65893
13.428173,52.525009,13.420917,52.542631,65895
13.338707,52.559515,13.359253,52.554419,65898
13.437792,52.513677,13.407631,52.511613,65904
13.390048,52.509439,13.390261,52.49938,65906
13.428553,52.514939,13.456084,52.484136,65907
13.581672,52.440686,13.257642,52.485605,65912
13.351079,52.529762,13.34768,52.486159,65919
13.553667,52.551621,13.572293,52.543097,65921
13.284723,52.540405,13.281149,52.513851,65938
13.278624,52.474065,13.466495,52.442207,65942
13.344617,52.506361,13.402117,52.4467,65943
13.280408,52.441764,13.232663,52.43412,65943
13.348516,52.546156,13.368916,52.526177,65948
13.320918,52.488653,13.339893,52.450828,65948
13.356373,52.490202,13.309248,52.488846,65951
13.229241,52.568288,13.22308,52.587503,65952
13.512574,52.565302,13.499547,52.571219,65953
13.516162,52.476892,13.481738,52.479171,65953
13.434024,52.451782,13.30581,52.465706,65954
13.542568,52.486563,13.513698,52.505441,65958
13.297517,52.525409,13.307153,52.500094,65968
13.240704,52.442439,13.21363,52.429626,65970
13.335203,52.471309,13.337207,52.495166,65970
13.306434,52.517555,13.327571,52.606274,65975
13.514064,52.497662,13.499842,52.511153,65976
13.3854,52.583099,13.401693,52.582772,65977
13.501485,52.61711,13.430292,52.59787,65978
13.43137,52.417123,13.419496,52.423144,65980
13.32114,52.465626,13.311066,52.506387,65982
13.363052,52.517626,13.354456,52.538467,65990
13.315139,52.494335,13.332827,52.506629,65994
13.561248,52.477788,13.553181,52.469383,65996
13.520505,52.570305,13.38253,52.551911,66000
13.394327,52.388653,13.529485,52.39844,66022
13.33752,52.572344,13.367601,52.541695,66023
13.411241,52.537372,13.411007,52.530554,66033
13.474136,52.427481,13.366513,52.4597,66034
13.27547,52.577603,13.288477,52.588508,66037
13.272365,52.500456,13.240989,52.443685,66043
13.406465,52.514763,13.391402,52.528036,66043
13.300408,52.522538,13.261877,52.518839,66048
13.368899,52.505741,13.392902,52.527479,66050
13.448563,52.52539,13.475892,52.559069,66051
13.397472,52.420755,13.387492,52.439512,66053
13.352217,52.496793,13.362791,52.499682,66056
13.565403,52.525124,13.592977,52.447481,66058
13.549509,52.56876,13.472667,52.535446,66069
13.612475,52.454146,13.54294,52.523676,66070
13.307858,52.488619,13.338968,52.481404,66072
13.435814,52.483737,13.432862,52.4948,66078
13.300194,52.498805,13.320765,52.464399,66081
13.634653,52.538468,13.656172,52.527096,66083
13.207472,52.538765,13.182142,52.549437,66093
13.324366,52.417714,13.3259,52.420348,66095
13.464738,52.514631,13.447575,52.510115,66097
13.30958,52.479181,13.30227,52.529168,66098
13.247011,52.543235,13.169939,52.518571,66099
13.596716,52.521488,13.570032,52.552861,66106
13.544351,52.410559,13.33625,52.41697,66106
13.318284,52.482796,13.384047,52.495175,66107
13.406202,52.398992,13.339304,52.424134,66110
13.417242,52.521878,13.437336,52.491124,66112
13.563802,52.538959,13.557959,52.515471,66114
13.34912,52.490393,13.336488,52.463215,66127
13.361876,52.447225,13.324501,52.445753,66131
13.439013,52.541109,13.455693,52.541372,66131
13.330564,52.495088,13.274289,52.510447,66131
13.433816,52.585578,13.537667,52.53301,66132
13.417174,52.528458,13.394592,52.496175,66136
13.562712,52.446007,13.586197,52.436033,66140
13.33488,52.547605,13.328458,52.534628,66168
13.380789,52.512433,13.40817,52.592437,66169
13.398767,52.570575,13.43944,52.555474,66172
13.304456,52.488576,13.339789,52.60078,66176
13.442396,52.465772,13.303824,52.470707,66179
13.346723,52.593,13.34851,52.574286,66181
13.327832,52.505562,13.341713,52.445361,66182
13.535795,52.521585,13.555412,52.513428,66192
13.485271,52.539,13.454987,52.528475,66193
13.419563,52.465024,13.441791,52.468871,66195
13.451789,52.477997,13.422201,52.492979,66199
13.475515,52.513553,13.482765,52.531563,66199
13.313671,52.484115,13.299637,52.47344,66201
13.320186,52.607112,13.301461,52.599941,66205
13.43339,52.505147,13.416464,52.511004,66211
13.445863,52.488504,13.436744,52.52983,66221
13.377165,52.554337,13.387437,52.549032,66228
13.3311,52.463618,13.434422,52.465842,66231
13.420059,52.550739,13.412337,52.567376,66232
13.574126,52.455895,13.563555,52.437835,66238
13.302258,52.486452,13.310844,52.481612,66245
13.634932,52.376481,13.564433,52.409468,66246
13.323697,52.565939,13.308623,52.478185,66249
13.484842,52.409192,13.438862,52.426936,66253
13.364968,52.436368,13.274618,52.445457,66258
13.374982,52.418907,13.459366,52.440561,66267
13.261369,52.483624,13.300751,52.503203,66272
13.446765,52.489077,13.417068,52.49819,66277
13.379276,52.461331,13.39944,52.504619,66281
13.497791,52.536146,13.454987,52.528475,66282
13.51373,52.532492,13.526972,52.516145,66292
13.592492,52.519595,13.544642,52.544882,66296
13.452979,52.47525,13.466741,52.483223,66309
13.268607,52.509025,13.275441,52.571034,66316
13.381039,52.63301,13.443863,52.615158,66316
13.427228,52.590807,13.280919,52.538855,66317
13.300384,52.500268,13.344368,52.548855,66320
13.500676,52.567565,13.442555,52.53135,66321
13.303369,52.600558,13.294804,52.576405,66326
13.427198,52.544469,13.444338,52.557823,66327
13.23425,52.420946,13.259286,52.430828,66330
13.511645,52.454616,13.534704,52.460718,66332
13.525671,52.564037,13.512779,52.637592,66333
13.346321,52.602009,13.360546,52.548553,66336
13.338767,52.4268,13.316768,52.447341,66340
13.538861,52.439013,13.455233,52.510093,66342
13.412393,52.535166,13.406989,52.518271,66347
13.18236,52.538372,13.207472,52.538765,66349
13.421559,52.582517,13.354151,52.534283,66352
13.196601,52.535227,13.188072,52.520089,66376
13.196601,52.535227,13.209445,52.547283,66376
13.278805,52.477766,13.294527,52.534474,66378
13.518777,52.510489,13.48901,52.515344,66388
13.381568,52.552273,13.394559,52.574633,66389
13.346287,52.449686,13.505863,52.437362,66389
13.203442,52.423753,13.179649,52.421827,66390
13.413956,52.500339,13.37796,52.509599,66390
13.329671,52.602009,13.364722,52.605645,66393
13.57336,52.394394,13.574372,52.413318,66395
13.405861,52.493543,13.380724,52.454924,66398
13.19976,52.53541,13.173707,52.528941,66403
13.431133,52.476029,13.4363,52.457991,66416
13.565723,52.559371,13.606516,52.527997,66417
13.387492,52.439512,13.420557,52.44471,66418
13.497882,52.418842,13.346824,52.472121,66424
13.241437,52.473194,13.444645,52.443708,66428
13.31089,52.472265,13.298839,52.495306,66429
13.439013,52.541109,13.44414,52.552685,66431
13.565034,52.445518,13.579619,52.458922,66435
13.435975,52.547832,13.481145,52.497009,66437
13.247607,52.538286,13.184761,52.547586,66437
13.52462,52.513757,13.578398,52.509484,66437
13.454686,52.434642,13.300851,52.487645,66439
13.485466,52.424256,13.548033,52.410358,66443
13.438553,52.528847,13.397948,52.538806,66447
13.379276,52.461331,13.325733,52.509243,66447
13.263277,52.453649,13.265775,52.452023,66448
13.277476,52.514187,13.297243,52.51062,66454
13.355018,52.540438,13.314481,52.566491,66458
13.313165,52.500711,13.343373,52.531737,66459
13.62817,52.45767,13.591283,52.46006,66461
13.392485,52.510579,13.290808,52.476521,66464
13.446353,52.486368,13.50628,52.437519,66464
13.320222,52.483601,13.38801,52.434015,66474
13.447956,52.519484,13.430872,52.529174,66474
13.581874,52.539797,13.60709,52.538873,66475
13.329146,52.471512,13.34666,52.482638,66476
13.407404,52.414139,13.333586,52.427083,66480
13.476222,52.607947,13.415553,52.544025,66480
13.47299,52.467156,13.456079,52.473747,66480
13.371198,52.551638,13.321298,52.573937,66481
13.413174,52.441509,13.379497,52.462739,66483
13.410318,52.604149,13.382478,52.630378,66483
13.296233,52.624802,13.288753,52.522494,66489
13.496939,52.624088,13.399293,52.54634,66490
13.387232,52.440153,13.339005,52.492314,66492
13.547121,52.426709,13.255102,52.411901,66495
13.346196,52.445274,13.297034,52.53601,66495
13.472734,52.515862,13.501523,52.572057,66503
13.366513,52.4597,13.382798,52.439441,66505
13.538435,52.569695,13.575514,52.445729,66511
13.354455,52.56045,13.320214,52.563407,66511
13.600719,52.538384,13.608656,52.537369,66512
13.318698,52.458751,13.338748,52.448954,66516
13.412809,52.507723,13.392914,52.489229,66528
13.507518,52.428138,13.466741,52.483223,66531
13.310033,52.466702,13.595009,52.414551,66541
13.353026,52.553313,13.328458,52.534628,66545
13.438397,52.632597,13.398261,52.514825,66545
13.363008,52.535718,13.354456,52.538467,66551
13.326046,52.49468,13.320497,52.48642,66562
13.447719,52.555256,13.472447,52.547779,66562
13.431321,52.467327,13.478702,52.48169,66563
13.433883,52.640452,13.352554,52.509676,66564
13.327934,52.522142,13.306,52.525765,66564
13.40286,52.521367,13.44807,52.536379,66575
13.365496,52.446311,13.30957,52.456084,66578
13.577821,52.461301,13.56572,52.468598,66582
13.336282,52.595661,13.353264,52.600276,66586
13.330174,52.477289,13.30957,52.456084,66590
13.138511,52.542864,13.151187,52.458353,66591
13.24285,52.620234,13.221374,52.58185,66594
13.179649,52.421827,13.150614,52.413261,66595
13.351947,52.506232,13.384566,52.496724,66595
13.249405,52.55279,13.305941,52.476588,66596
13.452355,52.546509,13.468879,52.534541,66598
13.442633,52.557071,13.39332,52.513229,66598
13.511591,52.440174,13.277816,52.509672,66599
13.351775,52.493418,13.361942,52.476514,66600
13.22308,52.587503,13.229241,52.568288,66604
13.382743,52.402927,13.387238,52.411771,66605
13.337433,52.439559,13.26663,52.424935,66608
13.446699,52.486597,13.468748,52.504587,66619
13.371238,52.554343,13.364309,52.544879,66629
13.390745,52.589273,13.437166,52.497633,66632
13.505622,52.404849,13.468249,52.427725,66638
13.544395,52.424408,13.562712,52.446007,66639
13.700741,52.466265,13.702797,52.434895,66642
13.551921,52.561485,13.439072,52.533442,66644
13.386029,52.48425,13.398873,52.4659,66647
13.463202,52.597773,13.445208,52.581575,66651
13.393623,52.564668,13.424747,52.564819,66651
13.289328,52.607461,13.4979,52.552771,66657
13.448724,52.447423,13.444284,52.463691,66659
13.587611,52.509666,13.547977,52.573004,66678
13.291604,52.510708,13.369236,52.560603,66685
13.557956,52.550746,13.580102,52.554066,66686
13.360738,52.523791,13.446842,52.460011,66691
13.363676,52.508299,13.383533,52.538805,66694
13.332775,52.456706,13.320918,52.488653,66697
13.511305,52.560555,13.483497,52.617903,66706
13.450759,52.501709,13.43307,52.536031,66706
13.4782,52.436004,13.516618,52.419978,66707
13.477688,52.526513,13.499842,52.511153,66709
13.449254,52.452378,13.4973,52.448499,66709
13.305251,52.51143,13.264309,52.495815,66723
13.440529,52.518514,13.414819,52.520299,66729
13.327038,52.500232,13.369386,52.492973,66738
13.2602,52.434521,13.352021,52.573824,66740
13.295342,52.477037,13.320497,52.48642,66743
13.266519,52.518897,13.518081,52.421909,66744
13.56005,52.556579,13.440705,52.487452,66747
13.489151,52.539967,13.464724,52.524409,66749
13.459176,52.444572,13.466147,52.429063,66753
13.247515,52.505403,13.324897,52.500068,66757
13.461428,52.48372,13.448326,52.536529,66760
13.408673,52.532676,13.380424,52.518189,66771
13.414039,52.519877,13.395559,52.510893,66771
13.371367,52.501758,13.307819,52.510135,66772
13.144668,52.528569,13.18926,52.517183,66776
13.328559,52.53114,13.382844,52.54221,66779
13.483048,52.554828,13.591435,52.522943,66780
13.31816,52.589313,13.336155,52.530389,66790
13.307436,52.572105,13.316458,52.516285,66797
13.446733,52.54771,13.452738,52.488024,66804
13.425723,52.485791,13.436081,52.509536,66805
13.16687,52.516723,13.195036,52.55194,66811
13.500058,52.56458,13.606426,52.50535,66811
13.379647,52.467069,13.365827,52.453219,66818
13.496187,52.586037,13.561785,52.560187,66825
13.317935,52.495265,13.295684,52.493193,66826
13.417993,52.515461,13.421974,52.505105,66843
13.204535,52.545634,13.217291,52.53782,66849
13.418036,52.502645,13.422095,52.525262,66852
13.293426,52.55415,13.350845,52.573954,66853
13.328814,52.486866,13.470206,52.583487,66861
13.328308,52.531116,13.303186,52.421743,66863
13.402979,52.498304,13.378963,52.526573,66866
13.390458,52.55925,13.393673,52.541112,66878
13.558627,52.406965,13.563731,52.393803,66889
13.411261,52.459884,13.288753,52.522494,66895
13.467451,52.554016,13.458489,52.562098,66896
13.277431,52.50298,13.297243,52.51062,66903
13.618493,52.450955,13.578291,52.454284,66903
13.469962,52.472991,13.491855,52.433217,66913
13.543676,52.424454,13.540315,52.435157,66918
13.330177,52.525658,13.344002,52.536888,66929
13.415553,52.544025,13.422528,52.539556,66930
13.338249,52.451898,13.326753,52.456549,66935
13.495081,52.564823,13.562164,52.557971,66948
13.271304,52.497349,13.282628,52.506474,66952
13.579794,52.5254,13.588781,52.512706,66956
13.455793,52.423187,13.467766,52.464049,66962
13.326597,52.459687,13.315124,52.438075,66962
13.371417,52.590766,13.40927,52.557743,66981
13.185459,52.523171,13.13561,52.485339,66992
13.519224,52.505523,13.588989,52.526607,66996
13.484043,52.511353,13.473208,52.50934,67000
13.229792,52.430824,13.25071,52.437938,67002
13.515547,52.532613,13.388775,52.517174,67010
13.572293,52.543097,13.575482,52.494667,67019
13.375242,52.465009,13.342301,52.477259,67020
13.3259,52.420348,13.31354,52.419444,67022
13.277256,52.513695,13.31647,52.5669,67034
13.555412,52.513428,13.572656,52.533476,67036
13.436577,52.477338,13.344469,52.464859,67036
13.36412,52.475554,13.335203,52.471309,67038
13.484633,52.513979,13.470397,52.527503,67040
13.382798,52.439441,13.374697,52.434305,67043
13.260142,52.526182,13.3781,52.541834,67044
13.373556,52.468983,13.356032,52.472438,67046
13.337465,52.450299,13.326046,52.49468,67047
13.594192,52.524614,13.54857,52.4969,67055
13.636767,52.523978,13.581004,52.469635,67060
13.304621,52.490695,13.432314,52.440802,67060
13.299087,52.534182,13.318758,52.520285,67065
13.374877,52.44622,13.30091,52.423799,67067
13.257232,52.445931,13.259286,52.430828,67070
13.332647,52.461255,13.361846,52.436719,67071
13.304436,52.488405,13.19541,52.549951,67083
13.658542,52.375577,13.633503,52.390684,67087
13.466767,52.460565,13.44093,52.484861,67093
13.289791,52.633221,13.2734,52.625751,67094
13.490409,52.645308,13.377227,52.599119,67097
13.419314,52.48745,13.271376,52.489637,67100
13.333699,52.499897,13.339979,52.468182,67100
13.433536,52.48203,13.505133,52.426308,67103
13.122522,52.528629,13.132517,52.522467,67103
13.390261,52.49938,13.418553,52.512291,67104
13.390709,52.495861,13.404639,52.534188,67104
13.424383,52.444771,13.307799,52.50299,67114
13.596862,52.456453,13.556815,52.455603,67118
13.449176,52.52878,13.469188,52.518629,67119
13.32967,52.45719,13.331697,52.446832,67119
13.416536,52.460585,13.444284,52.463691,67129
13.445467,52.520386,13.474411,52.531632,67136
13.56572,52.468598,13.60404,52.457641,67142
13.369061,52.488205,13.396358,52.49104,67143
13.375377,52.520746,13.34122,52.505563,67154
13.208513,52.526793,13.29918,52.603138,67154
13.620625,52.504976,13.584927,52.516119,67159
13.349751,52.494637,13.443652,52.514935,67166
13.341386,52.575293,13.414372,52.540786,67166
13.404491,52.434377,13.338893,52.419321,67166
13.196601,52.535227,13.161806,52.523549,67168
13.196601,52.535227,13.204299,52.547793,67168
13.397926,52.52884,13.418438,52.525621,67172
13.262061,52.501105,13.282888,52.501232,67177
13.372232,52.554071,13.414097,52.550558,67188
13.369297,52.526568,13.368449,52.510671,67199
13.323494,52.493064,13.332827,52.506629,67200
13.360177,52.441232,13.433913,52.444306,67201
13.456639,52.437683,13.487393,52.450475,67204
13.40801,52.452508,13.282853,52.587445,67210
13.42527,52.52819,13.453939,52.482491,67227
13.412809,52.507723,13.454574,52.57037,67234
13.407883,52.489088,13.44884,52.475588,67241
13.292386,52.534821,13.241437,52.473194,67241
13.60709,52.538873,13.579501,52.515599,67244
13.319237,52.447744,13.255102,52.411901,67251
13.320529,52.55031,13.33967,52.446391,67252
13.476154,52.487815,13.467317,52.502727,67253
13.39513,52.517342,13.422063,52.520167,67255
13.32939,52.516679,13.354126,52.528226,67255
13.382536,52.404304,13.340356,52.443795,67257
13.303419,52.524679,13.398054,52.517559,67261
13.23225,52.539345,13.225822,52.547231,67267
13.5812,52.548533,13.533153,52.517656,67267
13.32327,52.451276,13.301999,52.433322,67269
13.49644,52.415786,13.502734,52.401596,67270
13.286796,52.53517,13.282744,52.550869,67274
13.418425,52.551279,13.381568,52.552273,67276
13.597175,52.452925,13.616835,52.448272,67276
13.232365,52.437664,13.255994,52.453601,67281
13.194153,52.430884,13.207863,52.421434,67283
13.453572,52.523127,13.417834,52.543926,67288
13.197831,52.52194,13.217291,52.53782,67293
13.321736,52.492859,13.315098,52.462871,67298
13.421904,52.38286,13.312991,52.415316,67302
13.434455,52.462337,13.364085,52.455872,67308
13.494918,52.540532,13.452923,52.554788,67309
13.491211,52.502491,13.523903,52.482814,67309
13.48283,52.407905,13.450102,52.428057,67312
13.56615,52.554799,13.548462,52.550781,67316
13.345012,52.557844,13.364189,52.563807,67319
13.429025,52.477303,13.406558,52.498316,67323
13.296114,52.529289,13.322776,52.511316,67326
13.549872,52.568189,13.462124,52.531281,67326
13.427287,52.421324,13.670441,52.421957,67328
13.354908,52.527309,13.326801,52.527574,67331
13.24884,52.430562,13.298367,52.517779,67336
13.518827,52.483311,13.637363,52.386217,67337
13.418406,52.556169,13.479382,52.523859,67338
13.562712,52.446007,13.58218,52.44254,67340
13.455738,52.516459,13.460508,52.515897,67340
13.479233,52.553168,13.439013,52.541109,67348
13.347702,52.574412,13.349083,52.593907,67350
13.437622,52.534161,13.450552,52.548616,67350
13.349353,52.508572,13.320156,52.473545,67351
13.30821,52.487581,13.391523,52.484347,67354
13.291238,52.416805,13.29499,52.450017,67355
13.412585,52.545247,13.435711,52.551008,67356
13.298983,52.538137,13.322632,52.537417,67358
13.308884,52.431467,13.350123,52.434211,67363
13.403021,52.510257,13.365445,52.528743,67364
13.430108,52.510193,13.406558,52.498316,67365
13.34666,52.482638,13.329146,52.471512,67366
13.466136,52.510174,13.454211,52.515705,67370
13.294728,52.491729,13.302154,52.521269,67370
13.320346,52.48138,13.323081,52.573863,67370
13.413482,52.464441,13.360177,52.441232,67378
13.346015,52.544864,13.412039,52.542018,67381
13.405565,52.575581,13.31135,52.627583,67385
13.345934,52.516205,13.379721,52.495756,67387
13.276601,52.466223,13.361369,52.602718,67387
13.33329,52.481523,13.298567,52.48359,67392
13.375065,52.461703,13.361876,52.447225,67394
13.355268,52.507416,13.360657,52.48636,67401
13.461026,52.511082,13.470582,52.504376,67401
13.301405,52.436106,13.328843,52.454135,67401
13.381326,52.457236,13.165412,52.55122,67403
13.593283,52.465731,13.552205,52.547802,67410
13.574743,52.467004,13.60404,52.457641,67411
13.305972,52.642373,13.318471,52.596706,67424
13.446258,52.51174,13.412318,52.515844,67428
13.281272,52.540856,13.30155,52.529256,67433
13.481738,52.479171,13.527313,52.434238,67434
13.478497,52.404904,13.473268,52.422593,67435
13.335756,52.520625,13.401562,52.539824,67450
13.316458,52.516285,13.31053,52.516081,67450
13.309826,52.524618,13.498964,52.436452,67457
13.352124,52.55033,13.329721,52.539332,67458
13.250312,52.51108,13.328542,52.533001,67462
13.293558,52.583168,13.292991,52.492719,67462
13.449658,52.48257,13.456079,52.473747,67463
13.316866,52.434353,13.319992,52.456292,67467
13.492532,52.43018,13.502785,52.447162,67470
13.135025,52.55175,13.149822,52.537425,67472
13.396742,52.515229,13.322032,52.462479,67473
13.537203,52.534481,13.519189,52.513459,67480
13.479581,52.491223,13.419689,52.478521,67483
13.421186,52.413084,13.416052,52.403763,67486
13.288916,52.511457,13.669445,52.413486,67488
13.456577,52.442501,13.433593,52.445298,67490
13.393895,52.444353,13.352012,52.435879,67490
13.422528,52.539556,13.435434,52.532596,67495
13.275502,52.475033,13.282888,52.501232,67496
13.520599,52.474507,13.467104,52.485294,67513
13.414097,52.550558,13.422211,52.559826,67514
13.394216,52.501517,13.37796,52.509599,67515
13.307685,52.498183,13.248112,52.442783,67520
13.405376,52.402138,13.47694,52.464707,67522
13.302175,52.486633,13.303297,52.475287,67530
13.508997,52.473533,13.458776,52.520538,67532
13.49644,52.415786,13.480341,52.404683,67540
13.434429,52.535673,13.451086,52.518331,67543
13.259067,52.502512,13.281697,52.509908,67545
13.30867,52.485734,13.338748,52.448954,67552
13.321045,52.523828,13.432578,52.523653,67554
13.427665,52.50936,13.518414,52.456812,67562
13.314277,52.508868,13.315437,52.479143,67563
13.292379,52.497453,13.341459,52.520659,67564
13.268455,52.453144,13.319863,52.443612,67568
13.453278,52.547675,13.48167,52.515669,67569
13.352238,52.480193,13.34564,52.467551,67570
13.352238,52.480193,13.344857,52.461656,67570
13.435846,52.529437,13.403637,52.52311,67581
13.37872,52.505168,13.379566,52.514766,67584
13.20077,52.548665,13.207472,52.538765,67590
13.485123,52.515851,13.467317,52.502727,67592
13.341479,52.586058,13.274842,52.589006,67602
13.432377,52.450454,13.349615,52.487323,67621
13.351409,52.570254,13.36021,52.560573,67623
13.521632,52.466513,13.63269,52.39056,67626
13.390262,52.519961,13.314976,52.514028,67626
13.539049,52.558597,13.56003,52.556022,67626
13.367175,52.567332,13.397239,52.519276,67635
13.341808,52.497325,13.397045,52.508988,67637
13.315186,52.447053,13.336998,52.488284,67645
13.357033,52.559881,13.203672,52.559348,67651
13.490378,52.638317,13.412759,52.601585,67653
13.283845,52.485063,13.366952,52.422083,67656
13.51417,52.456606,13.509245,52.497544,67658
13.201486,52.551668,13.207472,52.538765,67659
13.524652,52.564841,13.502741,52.568438,67666
13.513217,52.432253,13.275918,52.521942,67672
13.309627,52.476314,13.33625,52.441289,67674
13.375318,52.466023,13.340856,52.480089,67676
13.574372,52.413318,13.634013,52.394541,67677
13.574372,52.413318,13.629267,52.392935,67677
13.390968,52.544613,13.413749,52.550733,67685
13.196601,52.535227,13.210989,52.546053,67687
13.328458,52.534628,13.310135,52.539452,67688
13.421037,52.424446,13.454244,52.429722,67693
13.347298,52.594404,13.284872,52.491495,67698
13.20264,52.542652,13.182376,52.558125,67702
13.319661,52.570513,13.186013,52.544833,67702
13.369518,52.44986,13.385753,52.470773,67703
13.396089,52.53828,13.412134,52.54314,67713
13.207472,52.538765,13.184294,52.55762,67713
13.207472,52.538765,13.183786,52.543147,67713
13.595707,52.511148,13.581894,52.494024,67722
13.409668,52.446404,13.552138,52.434732,67728
13.435199,52.562877,13.429518,52.576391,67730
13.329691,52.510061,13.306638,52.51749,67731
13.314827,52.499668,13.306638,52.51749,67731
13.536628,52.473716,13.559161,52.559367,67732
13.392914,52.489229,13.38101,52.511037,67743
13.442145,52.571861,13.446262,52.549972,67751
13.286177,52.515027,13.348224,52.451471,67764
13.582585,52.402144,13.574372,52.413318,67767
13.523284,52.502397,13.527772,52.510338,67785
13.382329,52.485004,13.371494,52.510546,67791
13.203851,52.548652,13.19976,52.53541,67792
13.360801,52.545369,13.314606,52.547491,67795
13.390658,52.469052,13.36412,52.475554,67798
13.375951,52.567841,13.422298,52.547944,67799
13.353785,52.445727,13.341291,52.413578,67803
13.423696,52.52829,13.416464,52.511004,67805
13.226036,52.57658,13.277823,52.593566,67819
13.389685,52.555305,13.393829,52.573923,67823
13.394003,52.459891,13.304227,52.426629,67823
13.594694,52.519781,13.572293,52.543097,67824
13.580154,52.498487,13.554855,52.492666,67829
13.30227,52.529168,13.326713,52.52318,67831
13.298668,52.474538,13.310121,52.493447,67832
13.469188,52.518629,13.467317,52.502727,67834
13.313821,52.476312,13.264777,52.479795,67839
13.282628,52.506474,13.26696,52.514246,67840
13.437532,52.572888,13.450872,52.509149,67856
13.428699,52.577956,13.364751,52.56194,67858
13.466342,52.536702,13.365605,52.525371,67859
13.33932,52.491062,13.296069,52.482754,67867
13.363329,52.481378,13.369244,52.498843,67870
13.258903,52.520461,13.296566,52.447097,67873
13.417869,52.506593,13.396358,52.49104,67876
13.351729,52.526474,13.320484,52.499713,67879
13.268006,52.529594,13.281212,52.523116,67880
13.274298,52.477149,13.479121,52.436702,67881
13.557723,52.442586,13.553181,52.469383,67890
13.598944,52.51265,13.52842,52.522219,67901
13.346129,52.418951,13.373405,52.412167,67904
13.368449,52.510671,13.428173,52.525009,67910
13.463043,52.532339,13.449256,52.568314,67911
13.216779,52.423877,13.240704,52.442439,67917
13.412774,52.557566,13.293752,52.548188,67920
13.355996,52.470776,13.325514,52.446668,67920
13.21013,52.553953,13.207472,52.538765,67922
13.354669,52.458721,13.420292,52.470749,67924
13.325248,52.502436,13.282628,52.506474,67925
13.313821,52.476312,13.37788,52.474549,67925
13.42494,52.457913,13.579739,52.416248,67929
13.298712,52.507979,13.48749,52.429335,67934
13.421077,52.481866,13.373106,52.47296,67935
13.463551,52.451447,13.456079,52.473747,67937
13.377391,52.491883,13.444097,52.488975,67939
13.505805,52.484376,13.568492,52.448061,67941
13.299385,52.460421,13.28262,52.49356,67941
13.303824,52.470707,13.320497,52.48642,67947
13.334725,52.466219,13.389866,52.488735,67969
13.28129,52.593025,13.323951,52.525413,67975
13.505343,52.512216,13.577623,52.540051,67976
13.491397,52.564465,13.593451,52.528991,67978
13.483371,52.462542,13.449011,52.51123,67982
13.31967,52.463207,13.324777,52.532279,67989
13.573994,52.401055,13.392856,52.391376,67990
13.499729,52.534207,13.481119,52.531251,67991
13.361654,52.444298,13.295402,52.426987,67999
13.377453,52.517882,13.277079,52.479672,68001
13.563132,52.497697,13.386583,52.581305,68002
13.38662,52.505363,13.292209,52.510747,68004
13.492975,52.636487,13.520097,52.635207,68006
13.496886,52.553737,13.440615,52.551748,68007
13.269937,52.497453,13.453861,52.542114,68008
13.425912,52.582555,13.426746,52.543711,68009
13.327456,52.524358,13.376907,52.50891,68012
13.370525,52.468533,13.389385,52.487024,68014
13.462085,52.525251,13.546044,52.521856,68018
13.335312,52.474418,13.519517,52.480705,68019
13.612194,52.512039,13.622204,52.487878,68024
13.612194,52.512039,13.61867,52.521495,68024
13.483996,52.495086,13.39695,52.514346,68026
13.422823,52.525883,13.460974,52.545459,68028
13.525671,52.564037,13.506557,52.553255,68031
13.365827,52.453219,13.281286,52.468949,68031
13.171041,52.446421,13.314347,52.605379,68035
13.317649,52.465503,13.327213,52.446891,68048
13.389039,52.398467,13.408578,52.425611,68057
13.44414,52.552685,13.454987,52.528475,68058
13.691614,52.451611,13.697478,52.430802,68061
13.450019,52.46088,13.468129,52.427654,68061
13.413678,52.511406,13.342021,52.501915,68062
13.397914,52.418,13.340866,52.504579,68075
13.487393,52.450475,13.335689,52.50435,68076
13.414819,52.520299,13.440529,52.518514,68078
13.608999,52.52054,13.608308,52.53953,68079
13.31193,52.4162,13.272115,52.442329,68079
13.379973,52.571901,13.38415,52.591175,68080
13.428628,52.52859,13.444791,52.501144,68095
13.445117,52.522305,13.422908,52.522152,68096
13.309391,52.578779,13.306533,52.528833,68105
13.560374,52.561985,13.538435,52.569695,68106
13.353121,52.546796,13.349945,52.545143,68106
13.435711,52.551008,13.420221,52.536123,68114
13.263793,52.486016,13.315115,52.458997,68120
13.278143,52.44479,13.290288,52.457734,68121
13.240346,52.615246,13.240372,52.604138,68122
13.306349,52.476458,13.383521,52.484999,68123
13.5265,52.556064,13.555755,52.570224,68130
13.358142,52.556615,13.366799,52.542927,68136
13.385753,52.470773,13.417703,52.464849,68138
13.385753,52.470773,13.402117,52.4467,68138
13.440257,52.489489,13.456079,52.473747,68149
13.410569,52.498474,13.352202,52.506373,68150
13.336286,52.453143,13.379257,52.472457,68151
13.60709,52.538873,13.596996,52.52596,68151
13.510863,52.438215,13.51286,52.44759,68152
13.363758,52.424357,13.331386,52.416521,68154
13.306872,52.419635,13.448725,52.457336,68170
13.387174,52.536947,13.305117,52.528768,68182
13.495676,52.5654,13.553588,52.505157,68182
13.288753,52.522494,13.245834,52.522514,68213
13.179865,52.499725,13.186042,52.543161,68213
13.378633,52.451102,13.308192,52.474595,68214
13.32816,52.601343,13.385033,52.583633,68215
13.381059,52.417695,13.375864,52.429744,68216
13.404962,52.539199,13.393623,52.564668,68217
13.319378,52.492778,13.358402,52.537847,68218
13.329729,52.458142,13.271577,52.458863,68220
13.368288,52.591242,13.303506,52.537557,68220
13.417993,52.515461,13.436474,52.517503,68223
13.182769,52.544802,13.279392,52.518255,68223
13.319494,52.450932,13.361876,52.447225,68224
13.689369,52.367968,13.52837,52.422711,68229
13.375635,52.409184,13.374866,52.485037,68229
13.478046,52.417788,13.474943,52.416856,68230
13.373082,52.543034,13.331825,52.52412,68232
13.415394,52.379568,13.315186,52.447053,68232
13.248935,52.517035,13.356134,52.596685,68237
13.18926,52.517183,13.186521,52.547254,68241
13.157841,52.525152,13.316149,52.476376,68243
13.388157,52.437294,13.30201,52.507961,68250
13.428339,52.531945,13.458828,52.511433,68268
13.293875,52.469702,13.269584,52.433567,68268
13.265775,52.452023,13.260573,52.444475,68279
13.494965,52.44168,13.430295,52.49555,68281
13.5812,52.548533,13.564799,52.485345,68285
13.488364,52.451353,13.457213,52.478667,68290
13.356975,52.498751,13.348348,52.507478,68305
13.337775,52.410562,13.313686,52.4184,68306
13.338717,52.615477,13.373498,52.594579,68308
13.133191,52.526334,13.156971,52.533006,68310
13.451411,52.53534,13.454211,52.515705,68321
13.42951,52.541682,13.491787,52.577276,68328
13.449254,52.452378,13.407062,52.447244,68329
13.451588,52.510767,13.466068,52.484678,68340
13.337763,52.473698,13.314499,52.47289,68352
13.512038,52.470798,13.306688,52.4859,68354
13.326046,52.49468,13.337401,52.471473,68357
13.430633,52.48602,13.373106,52.47296,68361
13.444951,52.545503,13.586487,52.444917,68364
13.440241,52.556983,13.452627,52.561433,68364
13.248566,52.550255,13.241253,52.509504,68365
13.394187,52.532218,13.505583,52.536002,68368
13.307799,52.50299,13.295814,52.451041,68368
13.227966,52.4244,13.194153,52.430884,68371
13.328231,52.508056,13.447346,52.48836,68372
13.322216,52.495604,13.440529,52.518514,68374
13.326667,52.530955,13.35549,52.519394,68375
13.54668,52.53407,13.636649,52.52993,68383
13.599901,52.443317,13.625466,52.456952,68389
13.344749,52.461486,13.36412,52.475554,68391
13.378854,52.56352,13.441924,52.550303,68396
13.314028,52.576498,13.314481,52.566491,68403
13.467231,52.441776,13.434541,52.441458,68403
13.367164,52.505842,13.428115,52.48011,68404
13.317536,52.470573,13.343717,52.49041,68405
13.429709,52.597643,13.404625,52.587267,68407
13.403618,52.579307,13.449918,52.51999,68408
13.460748,52.528009,13.447612,52.517529,68417
13.519144,52.510449,13.500007,52.541933,68429
13.413091,52.455458,13.340766,52.461648,68442
13.616835,52.448272,13.578291,52.454284,68443
13.366275,52.503758,13.433382,52.547882,68443
13.666492,52.420943,13.321669,52.481815,68444
13.490754,52.469396,13.532562,52.487555,68445
13.300851,52.487645,13.333439,52.423185,68449
13.273709,52.435895,13.27041,52.44898,68453
13.40434,52.533131,13.382478,52.630378,68459
13.439725,52.574982,13.394284,52.56502,68466
13.459114,52.479165,13.441791,52.468871,68467
13.415599,52.508381,13.417944,52.518059,68475
13.430292,52.59787,13.434364,52.51787,68481
13.706851,52.424142,13.669882,52.409103,68485
13.438862,52.426936,13.469383,52.460488,68496
13.595707,52.511148,13.441594,52.536629,68498
13.412337,52.567376,13.437532,52.572888,68504
13.198357,52.485511,13.240828,52.511126,68508
13.315098,52.462871,13.321736,52.492859,68508
13.487393,52.450475,13.340431,52.464654,68513
13.388727,52.591265,13.386499,52.591264,68520
13.207472,52.538765,13.18882,52.546683,68523
13.50727,52.571894,13.479755,52.565627,68524
13.382784,52.491541,13.406558,52.498316,68527
13.432314,52.440802,13.410108,52.43023,68536
13.395124,52.532971,13.368916,52.526177,68537
13.476154,52.487815,13.460064,52.4932,68539
13.562712,52.446007,13.597916,52.438454,68540
13.283295,52.473268,13.282247,52.490346,68545
13.356384,52.473818,13.314499,52.47289,68549
13.360307,52.509839,13.376585,52.509417,68553
13.296214,52.519205,13.341876,52.492318,68555
13.418033,52.54005,13.38219,52.531262,68564
13.566437,52.540928,13.565834,52.530187,68566
13.306853,52.428919,13.284269,52.596516,68568
13.505583,52.536002,13.562152,52.437234,68571
13.280411,52.492029,13.327461,52.50305,68576
13.333524,52.504347,13.291933,52.477227,68579
13.363652,52.536052,13.380424,52.518189,68584
13.347715,52.43866,13.318302,52.461748,68585
13.467104,52.485294,13.498652,52.434191,68588
13.291933,52.477227,13.364243,52.457659,68596
13.565629,52.395126,13.574372,52.413318,68598
13.31873,52.546393,13.342277,52.547486,68605
13.326757,52.429785,13.330839,52.465211,68608
13.61671,52.540755,13.457926,52.550467,68609
13.359253,52.554419,13.338479,52.521017,68610
13.329584,52.456265,13.406161,52.482664,68611
13.400491,52.590875,13.412337,52.567376,68613
13.312004,52.513647,13.309527,52.513567,68617
13.374697,52.434305,13.289376,52.468816,68634
13.421467,52.465199,13.461841,52.450902,68636
13.515051,52.535324,13.532666,52.521859,68641
13.324568,52.613875,13.3504,52.565727,68642
13.328918,52.523973,13.261932,52.503821,68643
13.604016,52.475975,13.579619,52.458922,68650
13.518945,52.44318,13.502968,52.443484,68655
13.608308,52.53953,13.550162,52.506164,68656
13.308623,52.478185,13.318797,52.443373,68662
13.58218,52.44254,13.580438,52.443183,68665
13.237065,52.436959,13.30331,52.430908,68672
13.369869,52.577123,13.373133,52.56214,68691
13.252973,52.420794,13.332604,52.440333,68693
13.338748,52.448954,13.295199,52.599785,68696
13.441282,52.532067,13.432739,52.517288,68699
13.407909,52.54195,13.37444,52.47893,68713
13.547286,52.531204,13.555412,52.513428,68720
13.378035,52.56468,13.35917,52.546484,68726
13.393598,52.572694,13.457313,52.486584,68731
13.300742,52.473994,13.310121,52.493447,68733
13.30957,52.456084,13.312566,52.493959,68734
13.162639,52.418958,13.179649,52.421827,68736
13.241437,52.473194,13.345582,52.495053,68740
13.511645,52.454616,13.540202,52.441611,68741
13.410273,52.499359,13.370923,52.492677,68746
13.422495,52.528502,13.444338,52.557823,68750
13.341735,52.501199,13.414095,52.488133,68758
13.295579,52.506135,13.298076,52.509909,68760
13.347151,52.505442,13.442987,52.483847,68761
13.419822,52.459808,13.385467,52.452792,68761
13.56809,52.476871,13.591435,52.522943,68763
13.335396,52.501468,13.295566,52.492169,68765
13.375455,52.503903,13.320315,52.498016,68765
13.268589,52.517626,13.393893,52.556424,68767
13.408951,52.39398,13.380112,52.410444,68770
13.53352,52.452052,13.57727,52.553223,68774
13.302354,52.419945,13.268651,52.41545,68778
13.368449,52.510671,13.43194,52.466438,68792
13.532181,52.414762,13.49644,52.415786,68795
13.435281,52.629013,13.40286,52.521367,68802
13.542188,52.429425,13.586557,52.472248,68824
13.19976,52.53541,13.188046,52.522408,68833
13.57214,52.560679,13.517112,52.5643,68837
13.342859,52.496063,13.385827,52.51667,68838
13.272303,52.518682,13.212294,52.547433,68841
13.315426,52.452137,13.385925,52.487945,68841
13.312907,52.499977,13.379276,52.461331,68846
13.291346,52.578689,13.303195,52.490764,68849
13.313205,52.502067,13.295633,52.479416,68856
13.20825,52.538128,13.175296,52.546476,68858
13.486811,52.397825,13.534775,52.425972,68865
13.220473,52.441023,13.240704,52.442439,68866
13.264402,52.40667,13.312991,52.415316,68867
13.324378,52.588012,13.298956,52.585616,68873
13.296037,52.517679,13.230591,52.513767,68878
13.390693,52.517269,13.445479,52.512675,68880
13.193967,52.546775,13.247836,52.518808,68881
13.431128,52.528883,13.416464,52.511004,68887
13.327784,52.522063,13.302808,52.51551,68890
13.625443,52.450751,13.638662,52.449014,68893
13.289791,52.633221,13.309293,52.642776,68894
13.529065,52.510258,13.524034,52.496383,68900
13.373935,52.55051,13.368916,52.526177,68903
13.364722,52.605645,13.321591,52.577313,68911
13.20416,52.543769,13.178226,52.539204,68915
13.301484,52.495142,13.314499,52.47289,68918
13.455083,52.479241,13.394592,52.465483,68920
13.277318,52.638066,13.329961,52.609635,68923
13.532388,52.424969,13.490164,52.46979,68930
13.337433,52.439559,13.370664,52.454538,68931
13.425074,52.487102,13.421594,52.478732,68939
13.501851,52.498357,13.587305,52.48606,68945
13.445818,52.496979,13.466601,52.50998,68950
13.407909,52.54195,13.252045,52.599899,68950
13.222609,52.625666,13.316453,52.566828,68952
13.367017,52.465508,13.339255,52.499573,68952
13.322602,52.486415,13.298488,52.421938,68959
13.427198,52.544469,13.416344,52.538399,68961
13.461976,52.550767,13.411042,52.513244,68966
13.421525,52.537707,13.527096,52.49212,68968
13.39843,52.592409,13.429518,52.576391,68971
13.318714,52.57286,13.348282,52.462992,68971
13.385467,52.452792,13.36412,52.475554,68972
13.207361,52.565323,13.207472,52.538765,68973
13.313671,52.484115,13.362297,52.459883,68975
13.404639,52.534188,13.133843,52.471588,68976
13.196601,52.535227,13.191997,52.545348,68977
13.367175,52.567332,13.280316,52.502949,68978
13.439013,52.541109,13.472038,52.557149,68981
13.462505,52.560044,13.427198,52.544469,68984
13.344937,52.482622,13.205448,52.519257,68987
13.418553,52.512291,13.415026,52.458913,68996
13.182376,52.558125,13.20264,52.542652,68997
13.398873,52.4659,13.386029,52.48425,68997
13.598416,52.505018,13.595541,52.488259,68998
13.355689,52.526348,13.36021,52.560573,68998
13.304127,52.581353,13.295281,52.567053,68999
13.413956,52.500339,13.370923,52.492677,69001
13.388099,52.537772,13.367465,52.551556,69002
13.467317,52.502727,13.445575,52.490934,69002
13.318691,52.574065,13.339018,52.573576,69009
13.198357,52.485511,13.431425,52.538927,69010
13.527772,52.510338,13.384218,52.510011,69011
13.300384,52.500268,13.274842,52.589006,69012
13.418077,52.480114,13.456079,52.473747,69015
13.30581,52.465706,13.306378,52.488366,69022
13.331507,52.573508,13.278875,52.580559,69024
13.394592,52.496175,13.419036,52.530467,69028
13.399518,52.498273,13.386447,52.51997,69030
13.544458,52.566912,13.513344,52.567961,69037
13.464724,52.524409,13.450735,52.520196,69038
13.243355,52.515602,13.511379,52.429688,69038
13.296517,52.514465,13.32255,52.487116,69044
13.367842,52.416177,13.422103,52.462567,69045
13.606099,52.521828,13.589691,52.529321,69049
13.288878,52.481485,13.414259,52.439572,69051
13.311611,52.523205,13.285938,52.510357,69055
13.324735,52.470178,13.342642,52.48556,69056
13.342157,52.517973,13.223113,52.581787,69057
13.369236,52.560603,13.280162,52.500165,69057
13.473208,52.50934,13.472311,52.547691,69057
13.5265,52.556064,13.532666,52.521859,69059
13.288785,52.479329,13.361846,52.436719,69071
13.313648,52.483818,13.349537,52.498234,69072
13.313059,52.452675,13.477562,52.45076,69073
13.31179,52.479768,13.290044,52.470517,69085
13.294804,52.576405,13.2774,52.57042,69086
13.506847,52.417514,13.473076,52.437569,69086
13.37003,52.492849,13.348974,52.503417,69088
13.445349,52.525771,13.464724,52.524409,69089
13.238519,52.544771,13.532744,52.432262,69089
13.582525,52.516529,13.606826,52.454143,69092
13.274392,52.500784,13.35836,52.500685,69092
13.332813,52.457487,13.423295,52.482154,69104
13.455233,52.510093,13.376628,52.487712,69113
13.164704,52.551218,13.142087,52.535271,69121
13.317999,52.48803,13.269935,52.51372,69130
13.28087,52.516918,13.296989,52.514496,69135
13.325398,52.455521,13.307181,52.505019,69141
13.471642,52.532098,13.427623,52.553946,69142
13.288281,52.513441,13.31997,52.505182,69147
13.356955,52.52485,13.392882,52.524981,69151
13.521507,52.556649,13.521533,52.564639,69164
13.397488,52.586012,13.469775,52.612494,69166
13.412759,52.601585,13.493092,52.611303,69168
13.579263,52.393884,13.524543,52.405118,69169
13.20491,52.571135,13.196601,52.535227,69171
13.376398,52.587275,13.393623,52.564668,69177
13.464724,52.524409,13.474767,52.549719,69182
13.422233,52.55277,13.396089,52.53828,69183
13.543172,52.520203,13.58257,52.486609,69184
13.65115,52.375061,13.54652,52.426322,69189
13.527578,52.523839,13.515949,52.512188,69196
13.585821,52.441125,13.562712,52.446007,69200
13.268997,52.572631,13.243721,52.578579,69204
13.385522,52.507425,13.37003,52.492849,69205
13.154401,52.555238,13.221917,52.56849,69206
13.265405,52.503703,13.288456,52.524439,69223
13.365438,52.537074,13.341645,52.526283,69232
13.371291,52.460498,13.385753,52.470773,69239
13.381568,52.552273,13.364337,52.534382,69239
13.343127,52.485536,13.268531,52.482388,69245
13.314481,52.566491,13.301779,52.569345,69251
13.274931,52.581923,13.309634,52.630964,69254
13.486697,52.534983,13.364816,52.508008,69260
13.382869,52.570205,13.379452,52.569894,69266
13.453282,52.439791,13.402274,52.422927,69270
13.315124,52.438075,13.417703,52.464849,69272
13.444946,52.495112,13.412979,52.491436,69275
13.341386,52.575293,13.373485,52.556878,69279
13.474767,52.549719,13.509975,52.507672,69281
13.344756,52.522482,13.338349,52.526437,69282
13.202643,52.562162,13.331354,52.527064,69295
13.331697,52.446832,13.484158,52.463179,69307
13.651657,52.409072,13.565522,52.43647,69307
13.503181,52.400476,13.49644,52.415786,69308
13.377042,52.560755,13.373938,52.571387,69312
13.474572,52.590478,13.49874,52.503007,69313
13.421604,52.515984,13.419965,52.524991,69330
13.508256,52.401076,13.514193,52.415704,69332
13.351205,52.558321,13.456507,52.442591,69332
13.417993,52.515461,13.402617,52.508671,69333
13.142156,52.537356,13.120806,52.528932,69336
13.319906,52.578194,13.281149,52.513851,69336
13.464724,52.524409,13.450735,52.520196,69338
13.331415,52.503751,13.30629,52.520163,69340
13.463516,52.433967,13.449947,52.445728,69344
13.472447,52.547779,13.625143,52.489321,69346
13.385522,52.507425,13.351381,52.508396,69351
13.30658,52.470335,13.432316,52.465769,69356
13.371515,52.509808,13.400059,52.539392,69356
13.540315,52.435157,13.569454,52.444507,69360
13.349945,52.545143,13.219138,52.508745,69364
13.194153,52.430884,13.224736,52.424523,69365
13.400449,52.490515,13.607521,52.453028,69374
13.443629,52.473783,13.44448,52.493005,69379
13.335162,52.487936,13.313194,52.480462,69380
13.266672,52.419704,13.259286,52.430828,69384
13.33285,52.577897,13.307706,52.45721,69386
13.26082,52.50714,13.363008,52.535718,69386
13.345316,52.431831,13.387492,52.439512,69388
13.326801,52.527574,13.329724,52.557954,69401
13.473916,52.445548,13.4534,52.453648,69406
13.344165,52.475657,13.331006,52.493169,69408
13.689077,52.425287,13.615995,52.378306,69420
13.380307,52.505994,13.384047,52.495175,69420
13.317756,52.46711,13.335792,52.435866,69423
13.210181,52.601844,13.270039,52.510672,69427
13.302181,52.534633,13.281068,52.524241,69429
13.530032,52.475761,13.523907,52.45312,69448
13.452762,52.512433,13.444799,52.541326,69449
13.572979,52.472411,13.57829,52.515902,69455
13.328522,52.461085,13.512126,52.464361,69455
13.508094,52.403658,13.532565,52.428795,69456
13.398032,52.53495,13.411965,52.541102,69457
13.682961,52.437642,13.691614,52.451611,69462
13.318714,52.57286,13.277314,52.510648,69465
13.509245,52.497544,13.521542,52.491176,69476
13.328487,52.483823,13.39123,52.446586,69490
13.178408,52.525083,13.207472,52.538765,69490
13.335503,52.565204,13.349503,52.542272,69493
13.351345,52.549926,13.435188,52.628897,69494
13.31617,52.578551,13.247539,52.544694,69496
13.428376,52.549443,13.396089,52.53828,69497
13.481119,52.531251,13.499729,52.534207,69500
13.322632,52.537417,13.385654,52.464806,69504
13.427212,52.512214,13.385182,52.498487,69508
13.377223,52.462945,13.360441,52.519427,69508
13.284279,52.491888,13.455535,52.47955,69509
13.291933,52.477227,13.339181,52.500032,69509
13.540315,52.435157,13.545431,52.425473,69510
13.292831,52.534421,13.203672,52.559348,69513
13.162082,52.551846,13.187668,52.530239,69519
13.379425,52.549763,13.368162,52.50902,69521
13.311481,52.567279,13.321591,52.577313,69531
13.286092,52.474802,13.297088,52.642731,69532
13.410905,52.541142,13.381568,52.552273,69535
13.191187,52.514351,13.147263,52.541054,69537
13.260475,52.489448,13.330177,52.525658,69540
13.293803,52.516849,13.328824,52.500392,69546
13.253845,52.519275,13.282888,52.501232,69553
13.328821,52.478787,13.354027,52.442588,69553
13.45348,52.480627,13.526806,52.401287,69554
13.398112,52.5486,13.35999,52.561537,69556
13.5221,52.402454,13.422558,52.444748,69565
13.349151,52.561068,13.329868,52.577813,69567
13.30958,52.479181,13.282561,52.451563,69577
13.419496,52.423144,13.43137,52.417123,69578
13.316768,52.447341,13.339154,52.462826,69603
13.245036,52.509419,13.321298,52.573937,69616
13.263082,52.430401,13.23425,52.420946,69616
13.287728,52.580104,13.275502,52.499451,69620
13.314401,52.574661,13.366827,52.585535,69624
13.331825,52.52412,13.344002,52.536888,69625
13.348224,52.451471,13.303186,52.421743,69631
13.474767,52.549719,13.582461,52.550367,69631
13.469812,52.434041,13.447527,52.43695,69634
13.165114,52.533312,13.197693,52.540689,69642
13.335667,52.432228,13.361876,52.447225,69644
13.394411,52.426714,13.417699,52.37679,69646
13.358859,52.49633,13.423188,52.527613,69647
13.405668,52.490256,13.430401,52.499279,69658
13.282958,52.469273,13.31179,52.479768,69665
13.544642,52.544882,13.578532,52.495138,69666
13.34122,52.505563,13.375377,52.520746,69667
13.368155,52.550038,13.402345,52.512601,69675
13.4395,52.530741,13.411007,52.530554,69677
13.54964,52.543639,13.507013,52.571727,69683
13.243464,52.602847,13.371786,52.57472,69696
13.341999,52.612717,13.365437,52.585928,69700
13.332017,52.519777,13.32925,52.503281,69709
13.345096,52.450203,13.334076,52.430151,69711
13.272999,52.543758,13.30596,52.531868,69713
13.369244,52.498843,13.363329,52.481378,69718
13.41844,52.500088,13.440705,52.487452,69720
13.512877,52.51025,13.485247,52.531739,69726
13.340943,52.607148,13.358083,52.591441,69727
13.504879,52.465856,13.405302,52.508324,69731
13.360546,52.548553,13.236334,52.609635,69734
13.612194,52.512039,13.6264,52.508609,69734
13.474667,52.44118,13.4159,52.400404,69736
13.562712,52.446007,13.593698,52.447481,69740
13.387914,52.555721,13.396089,52.53828,69745
13.447821,52.551624,13.484175,52.517453,69750
13.240372,52.604138,13.240346,52.615246,69754
13.408136,52.5343,13.441165,52.501494,69763
13.332742,52.463914,13.315669,52.466199,69769
13.293939,52.537006,13.320523,52.558964,69769
13.336616,52.610019,13.305808,52.507892,69773
13.262433,52.520262,13.298239,52.438972,69773
13.414134,52.451734,13.365849,52.455816,69775
13.379731,52.516283,13.405304,52.505152,69779
13.464724,52.524409,13.476076,52.532932,69782
13.284761,52.474061,13.355073,52.491961,69788
13.471631,52.537957,13.500717,52.543712,69789
13.542227,52.507121,13.500812,52.427199,69793
13.391247,52.53618,13.411965,52.541102,69800
13.315125,52.541194,13.278405,52.47413,69805
13.450796,52.531888,13.509256,52.501732,69808
13.42635,52.490152,13.433382,52.476397,69809
13.540315,52.435157,13.511379,52.429688,69810
13.293752,52.548188,13.299718,52.523102,69814
13.309572,52.474454,13.324532,52.487436,69816
13.411965,52.541102,13.445315,52.553884,69824
13.373173,52.56577,13.370407,52.545195,69830
13.346598,52.59709,13.347702,52.574412,69833
13.5945,52.546952,13.580536,52.549332,69835
13.228285,52.50821,13.175855,52.519959,69840
13.43737,52.503436,13.475515,52.513553,69841
13.418438,52.525621,13.398236,52.502432,69847
13.557959,52.515471,13.550461,52.520917,69851
13.363198,52.459055,13.338719,52.620375,69854
13.330639,52.498538,13.323883,52.495235,69862
13.361942,52.476514,13.365079,52.503196,69862
13.452081,52.45246,13.308289,52.476383,69871
13.232663,52.43412,13.240704,52.442439,69876
13.2947,52.501777,13.299371,52.520338,69877
13.570679,52.398312,13.56748,52.439015,69878
13.347984,52.556183,13.32325,52.573133,69880
13.566212,52.533786,13.479174,52.484353,69881
13.399184,52.553567,13.397948,52.538806,69895
13.360508,52.446746,13.245834,52.522514,69895
13.36288,52.52445,13.461114,52.524409,69900
13.318471,52.596706,13.359267,52.574406,69900
13.389736,52.53174,13.359239,52.522478,69914
13.534934,52.535346,13.511691,52.522893,69914
13.340166,52.502897,13.342022,52.517876,69923
13.456084,52.484136,13.362765,52.418374,69926
13.342022,52.517876,13.318719,52.517491,69928
13.445504,52.451076,13.414134,52.451734,69930
13.252112,52.426699,13.417705,52.376503,69934
13.340356,52.443795,13.510268,52.414379,69936
13.395074,52.495603,13.418985,52.530701,69947
13.504861,52.493349,13.468974,52.495894,69949
13.373327,52.573066,13.480779,52.621811,69952
13.354048,52.495046,13.30502,52.497188,69955
13.51162,52.507103,13.496693,52.503869,69956
13.352238,52.480193,13.366115,52.500497,69970
13.196601,52.535227,13.169969,52.521905,69976
13.196601,52.535227,13.188072,52.520089,69976
13.31354,52.419444,13.320327,52.411927,69981
13.489259,52.467393,13.476212,52.482952,69987
13.273682,52.528158,13.449412,52.464788,69992
13.40286,52.521367,13.366709,52.496392,69993
13.320186,52.607112,13.301214,52.599548,69997
13.291499,52.592447,13.236093,52.532412,70008
13.453975,52.488934,13.560385,52.422616,70010
13.422139,52.457758,13.334454,52.517521,70010
13.303245,52.495922,13.31884,52.492029,70019
13.437336,52.491124,13.508318,52.493709,70022
13.135658,52.396303,13.142188,52.411932,70024
13.306387,52.481733,13.339292,52.458636,70025
13.429317,52.518498,13.353216,52.449239,70030
13.432054,52.464523,13.46515,52.429588,70034
13.308041,52.472467,13.307916,52.442451,70034
13.291933,52.477227,13.29676,52.594672,70038
13.295727,52.541165,13.236135,52.548067,70039
13.41843,52.555072,13.506181,52.441951,70044
13.513344,52.567961,13.329569,52.56794,70045
13.460748,52.528009,13.58725,52.522523,70053
13.400915,52.440801,13.337436,52.428478,70057
13.243361,52.427124,13.244737,52.440455,70062
13.551219,52.531144,13.551943,52.549154,70063
13.381245,52.464516,13.302815,52.423122,70068
13.199568,52.528906,13.301484,52.495142,70069
13.247052,52.544187,13.200515,52.518265,70074
13.468067,52.430225,13.401666,52.401454,70075
13.542434,52.568502,13.546929,52.569225,70075
13.494686,52.421273,13.559163,52.430479,70078
13.489259,52.467393,13.517976,52.464601,70089
13.394385,52.484538,13.406558,52.498316,70092
13.31053,52.516081,13.303802,52.524702,70102
13.364993,52.525108,13.363494,52.485294,70104
13.436081,52.509536,13.39766,52.516288,70108
13.506557,52.553255,13.463656,52.521538,70112
13.23225,52.539345,13.204581,52.568299,70117
13.321422,52.465218,13.314701,52.489999,70117
13.438999,52.486152,13.412224,52.49867,70124
13.452738,52.488024,13.281068,52.524241,70133
13.306023,52.474889,13.338143,52.43193,70134
13.300751,52.503203,13.31344,52.435362,70134
13.58668,52.440888,13.562125,52.445188,70135
13.328319,52.53294,13.320245,52.497639,70136
13.452738,52.488024,13.456079,52.473747,70142
13.345103,52.493342,13.282069,52.47259,70143
13.381649,52.505098,13.406334,52.524947,70145
13.524837,52.439177,13.300596,52.501946,70145
13.324777,52.532279,13.340681,52.516911,70146
13.405325,52.590683,13.369021,52.56554,70149
13.230953,52.55833,13.195508,52.545986,70149
13.366799,52.542927,13.352649,52.559266,70151
13.55703,52.447107,13.453702,52.485568,70164
13.379039,52.544492,13.349958,52.526359,70168
13.27975,52.475868,13.31179,52.479768,70172
13.301999,52.433322,13.334336,52.487901,70173
13.405061,52.386684,13.389673,52.398549,70182
13.282888,52.501232,13.278619,52.488121,70189
13.392063,52.378335,13.261331,52.443227,70193
13.521517,52.573545,13.604607,52.532229,70196
13.26388,52.501904,13.282628,52.506474,70199
13.318284,52.482796,13.332827,52.506629,70202
13.325253,52.606264,13.336282,52.595661,70202
13.109325,52.413647,13.245738,52.427997,70210
13.33846,52.484052,13.504265,52.440097,70215
13.435651,52.536099,13.414097,52.550558,70222
13.419453,52.453369,13.303866,52.501991,70233
13.309572,52.474454,13.320497,52.48642,70238
13.473989,52.461832,13.48749,52.429335,70241
13.578986,52.499994,13.561686,52.504259,70243
13.366812,52.496849,13.328467,52.479761,70245
13.254606,52.561973,13.288454,52.473041,70245
13.203221,52.42212,13.252286,52.406413,70250
13.566555,52.55128,13.541565,52.542891,70259
13.418285,52.561113,13.428789,52.581639,70264
13.348947,52.54865,13.300596,52.501946,70266
13.328571,52.449994,13.320814,52.451798,70268
13.367192,52.522369,13.380449,52.499261,70270
13.396838,52.533571,13.417993,52.515461,70271
13.411305,52.436885,13.374501,52.423298,70273
13.424747,52.564819,13.427198,52.544469,70274
13.556815,52.455603,13.687325,52.383267,70275
13.471943,52.537594,13.48263,52.572133,70277
13.411231,52.496615,13.349548,52.52454,70280
13.296656,52.588176,13.162005,52.551721,70286
13.165412,52.55122,13.219138,52.508745,70287
13.392365,52.425686,13.347395,52.472492,70298
13.476076,52.532932,13.464724,52.524409,70299
13.610095,52.507825,13.524652,52.564841,70302
13.293584,52.599074,13.244231,52.514784,70303
13.406989,52.518271,13.441957,52.566147,70311
13.31367,52.504794,13.310121,52.493447,70315
13.418759,52.394734,13.391646,52.398679,70316
13.555424,52.54794,13.564375,52.557968,70325
13.21831,52.427151,13.279502,52.423179,70339
13.466741,52.483223,13.441183,52.489001,70344
13.389673,52.398549,13.419351,52.387537,70348
13.444791,52.501144,13.428628,52.52859,70349
13.420292,52.470749,13.57739,52.434038,70366
13.580438,52.443183,13.376156,52.458941,70367
13.424615,52.469708,13.313433,52.503269,70385
13.422051,52.486959,13.458088,52.464169,70392
13.373133,52.56214,13.41679,52.533019,70395
13.460343,52.43539,13.403614,52.410508,70399
13.21831,52.427151,13.18666,52.432191,70405
13.306533,52.528833,13.341645,52.526283,70412
13.444809,52.548372,13.399467,52.535139,70416
13.580102,52.554066,13.557956,52.550746,70416
13.612194,52.512039,13.632303,52.520427,70424
13.336054,52.495979,13.310709,52.481029,70427
13.271917,52.481857,13.359435,52.550759,70430
13.33625,52.467496,13.534332,52.401783,70439
13.591435,52.522943,13.56809,52.476871,70445
13.348267,52.416276,13.338611,52.437667,70460
13.154245,52.563328,13.218861,52.524781,70460
13.691614,52.451611,13.702334,52.464462,70461
13.303072,52.494073,13.320497,52.48642,70466
13.441419,52.458846,13.413912,52.381896,70474
13.311809,52.45419,13.256869,52.437855,70482
13.459058,52.538814,13.382329,52.485004,70484
13.387492,52.439512,13.364651,52.440407,70498
13.451789,52.477997,13.427975,52.493502,70498
13.468434,52.556969,13.420622,52.565875,70503
13.559713,52.499297,13.48285,52.534528,70506
13.385953,52.538893,13.424945,52.564098,70508
13.343614,52.415529,13.36345,52.476712,70513
13.199568,52.528906,13.298999,52.504246,70514
13.421467,52.465199,13.315109,52.481483,70517
13.306735,52.437845,13.249125,52.419352,70519
13.267599,52.498584,13.236554,52.510012,70524
13.378035,52.56468,13.306413,52.483081,70526
13.354908,52.527309,13.365319,52.525644,70528
13.500007,52.541933,13.463815,52.522767,70535
13.411042,52.513244,13.478417,52.537684,70536
13.437162,52.469979,13.30193,52.499765,70537
13.507013,52.571727,13.471496,52.535227,70551
13.547977,52.573004,13.469372,52.569576,70551
13.207443,52.431909,13.239479,52.471588,70555
13.311696,52.468202,13.320497,52.48642,70557
13.311173,52.496113,13.282628,52.506474,70568
13.603224,52.512484,13.620815,52.4521,70569
13.303078,52.45195,13.320814,52.451798,70586
13.42653,52.542959,13.422495,52.528502,70595
13.507023,52.532012,13.477688,52.526513,70597
13.216779,52.423877,13.301996,52.571707,70597
13.296989,52.514496,13.431188,52.493149,70599
13.330798,52.514039,13.405304,52.505152,70600
13.324804,52.494038,13.355917,52.496903,70601
13.633503,52.390684,13.317698,52.517844,70605
13.459176,52.444572,13.41176,52.459824,70610
13.410298,52.521746,13.391731,52.497916,70613
13.312566,52.493959,13.382932,52.44184,70624
13.406989,52.518271,13.436081,52.509536,70629
13.555412,52.513428,13.554561,52.523137,70636
13.351039,52.48621,13.317976,52.508916,70643
13.203084,52.527621,13.174128,52.550748,70659
13.161806,52.523549,13.21013,52.553953,70666
13.4628,52.514835,13.417278,52.536734,70670
13.578291,52.454284,13.538902,52.486997,70672
13.319573,52.486521,13.34014,52.418741,70678
13.591364,52.548675,13.51557,52.537555,70682
13.367244,52.551558,13.35396,52.547227,70685
13.412698,52.612056,13.442502,52.590828,70698
13.295565,52.599206,13.340975,52.58841,70701
13.298264,52.524278,13.312093,52.45336,70710
13.25159,52.423864,13.257963,52.413272,70713
13.399417,52.464518,13.328276,52.478775,70716
13.4501,52.447685,13.325465,52.449427,70724
13.36288,52.52445,13.345934,52.516205,70732
13.500621,52.474367,13.544113,52.513019,70732
13.460974,52.545459,13.422823,52.525883,70734
13.178226,52.539204,13.197637,52.545668,70736
13.383748,52.5981,13.268537,52.508145,70741
13.323883,52.495235,13.292563,52.483664,70749
13.567389,52.448462,13.612475,52.454146,70754
13.250988,52.507901,13.289168,52.4295,70762
13.196601,52.535227,13.140958,52.489467,70765
13.297944,52.584809,13.371857,52.548665,70766
13.406312,52.576345,13.469957,52.527984,70769
13.474411,52.531632,13.412407,52.517218,70777
13.49644,52.415786,13.505399,52.402623,70780
13.49644,52.415786,13.502734,52.401596,70780
13.409668,52.446404,13.322059,52.410371,70787
13.36412,52.475554,13.345083,52.458948,70788
13.366115,52.554582,13.314401,52.574661,70789
13.28334,52.589983,13.224631,52.581735,70792
13.421329,52.447235,13.484038,52.408438,70797
13.435434,52.532596,13.38045,52.518072,70801
13.281212,52.523116,13.463516,52.433967,70807
13.454233,52.522175,13.493705,52.544736,70820
13.264309,52.495815,13.305385,52.449884,70820
13.330781,52.444757,13.503464,52.437294,70824
13.574372,52.413318,13.630898,52.387358,70827
13.464724,52.524409,13.481001,52.545704,70838
13.461034,52.460726,13.416142,52.501437,70839
13.480427,52.476527,13.594877,52.461782,70848
13.429598,52.485412,13.308237,52.459748,70848
13.400452,52.494317,13.427663,52.474309,70850
13.335774,52.615816,13.314256,52.472128,70851
13.476755,52.438952,13.524543,52.405118,70857
13.352503,52.514719,13.271917,52.481857,70861
13.500415,52.505062,13.449294,52.514902,70863
13.409722,52.533679,13.439419,52.552131,70868
13.332925,52.495259,13.322411,52.486408,70868
13.282744,52.550869,13.273694,52.542294,70877
13.412488,52.543145,13.443264,52.53588,70883
13.529185,52.52558,13.556673,52.554493,70886
13.55703,52.447107,13.553181,52.469383,70890
13.403116,52.558041,13.466389,52.558001,70894
13.49175,52.53403,13.600856,52.527975,70894
13.293814,52.508725,13.349083,52.593907,70897
13.6348,52.448798,13.580718,52.457568,70909
13.441552,52.458422,13.537786,52.49297,70912
13.549521,52.543595,13.505758,52.555341,70915
13.496963,52.567262,13.513607,52.566583,70922
13.500812,52.427199,13.273115,52.44231,70922
13.311023,52.476244,13.267521,52.496383,70924
13.257999,52.439308,13.358779,52.543855,70925
13.349003,52.43941,13.364486,52.459786,70926
13.372671,52.507674,13.325711,52.505568,70927
13.445117,52.522305,13.326108,52.485513,70928
13.566855,52.529086,13.510642,52.572157,70928
13.355873,52.535162,13.366799,52.542927,70933
13.304769,52.598008,13.40947,52.589249,70935
13.389673,52.398549,13.410236,52.399258,70948
13.325514,52.446668,13.370708,52.499968,70952
13.445208,52.581575,13.451009,52.571402,70953
13.419854,52.52111,13.383436,52.516509,70960
13.491915,52.546286,13.522718,52.506898,70960
13.327213,52.446891,13.342255,52.46705,70962
13.301779,52.569345,13.343127,52.485536,70972
13.385753,52.470773,13.347512,52.467638,70976
13.316767,52.491162,13.330188,52.485071,70979
13.364085,52.455872,13.385753,52.470773,70988
13.407631,52.511613,13.579464,52.517424,70990
13.281454,52.448385,13.420473,52.461742,70992
13.430674,52.479126,13.332547,52.477909,70994
13.424165,52.501799,13.455861,52.473839,70997
13.452923,52.554788,13.477688,52.526513,71004
13.540315,52.435157,13.52264,52.42665,71010
13.376585,52.509417,13.340681,52.516911,71021
13.277823,52.593566,13.133154,52.411543,71025
13.31673,52.530778,13.278255,52.534921,71027
13.320918,52.488653,13.294245,52.469752,71031
13.328107,52.525924,13.419314,52.48745,71032
13.370509,52.564058,13.412337,52.567376,71033
13.261369,52.483624,13.247736,52.417542,71033
13.267521,52.496383,13.259686,52.514863,71035
13.396878,52.537156,13.387437,52.549032,71038
13.398345,52.514662,13.425509,52.479179,71041
13.47694,52.464707,13.335203,52.471309,71044
13.544458,52.566912,13.455502,52.524451,71051
13.473213,52.566679,13.48453,52.524486,71057
13.691614,52.451611,13.687082,52.435022,71061
13.512574,52.565302,13.404829,52.535507,71063
13.555443,52.558895,13.586222,52.538166,71064
13.375864,52.429744,13.317416,52.41089,71066
13.587231,52.444359,13.491058,52.497945,71075
13.379973,52.571901,13.385033,52.583633,71080
13.364337,52.534382,13.368916,52.526177,71086
13.493026,52.643631,13.359112,52.620871,71088
13.497591,52.644481,13.41724,52.601379,71090
13.348345,52.506902,13.370923,52.492677,71094
13.443348,52.568512,13.388279,52.58409,71098
13.488364,52.451353,13.330802,52.499552,71099
13.493174,52.436112,13.425127,52.51924,71100
13.502349,52.423117,13.566515,52.499234,71104
13.309527,52.513567,13.336106,52.514222,71104
13.411007,52.530554,13.326825,52.539607,71109
13.309248,52.488846,13.320134,52.484115,71112
13.282307,52.483821,13.288389,52.51308,71114
13.441642,52.501236,13.477946,52.492511,71115
13.311038,52.575642,13.278009,52.518333,71115
13.311066,52.506387,13.306533,52.528833,71115
13.298955,52.490775,13.316717,52.500797,71122
13.324777,52.532279,13.241253,52.509504,71127
13.326586,52.446116,13.369153,52.458474,71127
13.434541,52.441458,13.426163,52.477554,71128
13.203709,52.549938,13.304902,52.54785,71128
13.340108,52.585615,13.319737,52.591219,71135
13.388727,52.591265,13.368867,52.56059,71138
13.446262,52.549972,13.409727,52.617466,71158
13.47181,52.547688,13.528992,52.517889,71162
13.424296,52.524984,13.399171,52.495249,71162
13.440437,52.53596,13.493092,52.611303,71164
13.164246,52.513855,13.19976,52.53541,71166
13.336998,52.488284,13.412697,52.41005,71167
13.352238,52.480193,13.345184,52.486852,71170
13.208009,52.547594,13.283282,52.655085,71172
13.404288,52.403976,13.375864,52.429744,71178
13.418944,52.383992,13.388508,52.450788,71179
13.275097,52.466626,13.263277,52.453649,71180
13.636024,52.391332,13.574372,52.413318,71184
13.435651,52.536099,13.473315,52.53409,71186
13.440705,52.487452,13.41844,52.500088,71187
13.345059,52.483708,13.512011,52.467437,71188
13.295684,52.493193,13.436281,52.467347,71188
13.249892,52.510276,13.30244,52.486117,71195
13.142156,52.537356,13.138006,52.519386,71196
13.320186,52.607112,13.299043,52.600524,71197
13.466134,52.610013,13.428779,52.547767,71205
13.244737,52.440455,13.317554,52.506153,71205
13.388266,52.451034,13.281679,52.508785,71206
13.306082,52.505696,13.332706,52.455889,71211
13.401792,52.57754,13.330546,52.527136,71213
13.526101,52.408531,13.49644,52.415786,71216
13.325054,52.51751,13.389439,52.557807,71228
13.293049,52.467608,13.344948,52.486837,71230
13.205771,52.567568,13.19976,52.53541,71231
13.439013,52.541109,13.441632,52.554872,71232
13.484042,52.530541,13.405315,52.496749,71234
13.386203,52.514571,13.38219,52.531262,71239
13.44807,52.536379,13.6156,52.474793,71246
13.387608,52.438999,13.270021,52.412478,71246
13.299661,52.421341,13.302815,52.423122,71247
13.726469,52.425798,13.71782,52.427191,71249
13.383425,52.511467,13.395879,52.489392,71252
13.559163,52.430479,13.540315,52.435157,71259
13.278619,52.488121,13.282888,52.501232,71263
13.460586,52.471642,13.297715,52.418648,71268
13.332972,52.508991,13.412224,52.49867,71268
13.496693,52.503869,13.51162,52.507103,71269
13.320314,52.478819,13.326086,52.482808,71269
13.308602,52.578041,13.321276,52.584479,71272
13.537203,52.534481,13.569301,52.534015,71277
13.574372,52.413318,13.646169,52.380909,71277
13.500068,52.531183,13.464724,52.524409,71283
13.407835,52.500017,13.422372,52.499187,71283
13.417993,52.515461,13.392878,52.504364,71283
13.553234,52.447912,13.50132,52.413621,71286
13.501523,52.572057,13.480274,52.526283,71290
13.289791,52.633221,13.309293,52.642776,71294
13.339255,52.499573,13.316767,52.491162,71295
13.348353,52.460987,13.312527,52.435291,71297
13.464031,52.511108,13.447346,52.48836,71303
13.427497,52.418257,13.414232,52.386844,71305
13.323302,52.575829,13.36189,52.568615,71314
13.364651,52.440407,13.27928,52.414517,71316
13.42951,52.541682,13.431425,52.538927,71320
13.522129,52.532016,13.536867,52.51137,71325
13.435434,52.532596,13.466924,52.528498,71327
13.429849,52.574311,13.462124,52.531281,71332
13.352012,52.435879,13.361876,52.447225,71334
13.448994,52.546514,13.456536,52.556577,71338
13.387038,52.430225,13.276893,52.47172,71349
13.366799,52.542927,13.343725,52.553374,71351
13.314827,52.499668,13.34199,52.523107,71353
13.537612,52.403987,13.555132,52.440427,71355
13.311554,52.497053,13.335203,52.471309,71356
13.28262,52.49356,13.329868,52.577813,71360
13.467317,52.502727,13.488947,52.495204,71366
13.271577,52.458863,13.329729,52.458142,71367
13.497188,52.46687,13.606203,52.52428,71371
13.431401,52.467514,13.422519,52.452199,71375
13.432912,52.464656,13.287531,52.475703,71379
13.33155,52.51359,13.306638,52.51749,71380
13.32325,52.573133,13.501482,52.559637,71381
13.31461,52.547608,13.362791,52.499682,71382
13.359267,52.574406,13.344602,52.570978,71383
13.534091,52.521733,13.56483,52.531378,71384
13.341277,52.505024,13.352217,52.496793,71389
13.421168,52.50977,13.446345,52.531412,71397
13.328824,52.500392,13.318482,52.49729,71399
13.417993,52.515461,13.430375,52.531103,71409
13.308289,52.476383,13.299365,52.487203,71418
13.365339,52.51015,13.433382,52.547882,71419
13.353329,52.504698,13.367686,52.526434,71421
13.358495,52.43629,13.437377,52.42512,71422
13.492509,52.539035,13.454987,52.528475,71425
13.30074,52.470417,13.366541,52.495235,71430
13.579552,52.497291,13.555412,52.513428,71433
13.180935,52.560485,13.327897,52.473036,71437
13.361855,52.549401,13.368916,52.526177,71442
13.412318,52.515844,13.433865,52.540515,71446
13.336719,52.425206,13.354207,52.41921,71449
13.457718,52.49171,13.476154,52.487815,71453
13.399376,52.51234,13.345934,52.516205,71459
13.524255,52.513403,13.516376,52.493813,71463
13.338479,52.521017,13.289535,52.50293,71465
13.593757,52.519542,13.613165,52.526477,71469
13.38253,52.551911,13.520505,52.570305,71469
13.507141,52.463176,13.580536,52.452079,71477
13.360177,52.441232,13.314278,52.453111,71478
13.519522,52.477011,13.54255,52.486482,71478
13.422095,52.525262,13.417993,52.515461,71482
13.504971,52.596485,13.519647,52.509229,71482
13.527697,52.421534,13.563251,52.452067,71483
13.387437,52.549032,13.387128,52.559784,71484
13.579082,52.525679,13.590302,52.529528,71486
13.2948,52.591764,13.338977,52.586761,71492
13.221917,52.56849,13.154401,52.555238,71493
13.669882,52.409103,13.706851,52.424142,71495
13.397144,52.554804,13.437291,52.554709,71500
13.430152,52.439902,13.401175,52.485087,71505
13.345031,52.496767,13.465539,52.442659,71506
13.479621,52.503373,13.56259,52.536368,71513
13.524469,52.463843,13.425964,52.480944,71519
13.3781,52.541834,13.343693,52.558596,71534
13.365445,52.528743,13.353307,52.492008,71536
13.274289,52.510447,13.332621,52.516346,71537
13.36021,52.560573,13.281551,52.51097,71537
13.497424,52.550054,13.513607,52.566583,71539
13.376628,52.487712,13.478175,52.440093,71541
13.391646,52.398679,13.418759,52.394734,71551
13.442502,52.590828,13.454087,52.601525,71556
13.44921,52.517734,13.435641,52.504176,71560
13.347185,52.553235,13.349503,52.542272,71561
13.367118,52.590169,13.444211,52.531968,71562
13.370708,52.499968,13.367686,52.526434,71567
13.538109,52.428822,13.512778,52.430587,71572
13.302815,52.423122,13.333424,52.429988,71579
13.348795,52.53891,13.368274,52.550064,71579
13.445479,52.512675,13.373277,52.542187,71581
13.320314,52.478819,13.325209,52.428175,71583
13.292931,52.452043,13.164246,52.513855,71589
13.49644,52.415786,13.531273,52.405112,71590
13.530311,52.495242,13.585585,52.431295,71591
13.594723,52.518136,13.461114,52.524409,71592
13.31384,52.4868,13.349003,52.43941,71595
13.564799,52.485345,13.5812,52.548533,71598
13.361639,52.4157,13.329777,52.408972,71604
13.487393,52.450475,13.300673,52.537975,71604
13.393166,52.49345,13.375501,52.470021,71607
13.428789,52.581639,13.418285,52.561113,71610
13.587403,52.418464,13.612475,52.454146,71625
13.563251,52.452067,13.577603,52.445737,71629
13.365827,52.604626,13.329868,52.577813,71633
13.353198,52.489888,13.270264,52.51439,71635
13.441183,52.489001,13.535129,52.432348,71636
13.248112,52.442783,13.543808,52.409721,71641
13.32536,52.589277,13.306509,52.518085,71649
13.358737,52.526277,13.392882,52.524981,71650
13.595579,52.453118,13.564685,52.438584,71653
13.415693,52.480609,13.418303,52.462451,71655
13.172009,52.552566,13.426681,52.46581,71659
13.338816,52.605662,13.412555,52.590192,71660
13.541708,52.542745,13.457062,52.524837,71665
13.330557,52.519219,13.191552,52.546314,71669
13.473974,52.425703,13.478328,52.418288,71680
13.195036,52.55194,13.247018,52.52686,71693
13.341808,52.497325,13.346098,52.51916,71694
13.424672,52.508812,13.384578,52.511624,71695
13.470531,52.520464,13.460841,52.627514,71699
13.357686,52.532786,13.3362,52.49205,71699
13.263475,52.482631,13.266639,52.546594,71702
13.452768,52.548751,13.41342,52.559769,71707
13.579619,52.458922,13.608374,52.471171,71709
13.273612,52.41776,13.273709,52.435895,71719
13.329961,52.609635,13.329739,52.523847,71728
13.321274,52.444073,13.324997,52.46126,71728
13.445715,52.558426,13.470316,52.553728,71729
13.412337,52.567376,13.431972,52.550289,71732
13.444338,52.557823,13.422495,52.528502,71737
13.295861,52.481184,13.359948,52.439527,71744
13.320814,52.451798,13.362001,52.456031,71746
13.306,52.525765,13.319473,52.528384,71760
13.534775,52.425972,13.406558,52.498316,71761
13.54549,52.558936,13.61448,52.530189,71761
13.380449,52.499261,13.417869,52.506593,71766
13.340419,52.492325,13.363837,52.497333,71769
13.337436,52.428478,13.479336,52.452338,71769
13.340866,52.504579,13.559129,52.569685,71770
13.300596,52.488007,13.303348,52.468052,71779
13.335224,52.46181,13.321841,52.458572,71781
13.359459,52.479993,13.293696,52.471627,71784
13.319481,52.471639,13.316934,52.47262,71784
13.288456,52.524439,13.292426,52.519147,71787
13.53709,52.388994,13.443383,52.489657,71789
13.28396,52.496583,13.489717,52.403388,71790
13.564375,52.557968,13.50727,52.571894,71801
13.288454,52.473041,13.140515,52.530344,71802
13.299718,52.523102,13.427228,52.590807,71811
13.354569,52.429127,13.322334,52.485303,71816
13.267058,52.541206,13.319737,52.591219,71820
13.346331,52.509909,13.208399,52.517798,71823
13.29388,52.488413,13.31053,52.516081,71826
13.30596,52.531868,13.268047,52.546849,71830
13.401693,52.582772,13.443858,52.545004,71841
13.374572,52.447761,13.423509,52.46965,71841
13.402767,52.56927,13.411017,52.553812,71854
13.231832,52.507059,13.17327,52.552329,71855
13.411428,52.582234,13.363508,52.59509,71856
13.470206,52.583487,13.507013,52.571727,71856
13.277209,52.513615,13.367652,52.551859,71861
13.367858,52.554706,13.366799,52.542927,71865
13.50646,52.492744,13.523713,52.4969,71866
13.320523,52.558964,13.315524,52.577686,71867
13.318691,52.574065,13.341766,52.557314,71870
13.335151,52.525449,13.342022,52.517876,71872
13.640081,52.385856,13.666917,52.414663,71878
13.424338,52.38958,13.31918,52.443889,71882
13.402391,52.459459,13.484146,52.461517,71885
13.384237,52.556034,13.404002,52.568698,71886
13.342301,52.477259,13.340766,52.461648,71893
13.286796,52.53517,13.278595,52.471063,71894
13.332604,52.440333,13.32193,52.422748,71895
13.288477,52.588508,13.225278,52.580084,71898
13.41679,52.533019,13.380841,52.535242,71912
13.473076,52.437569,13.428651,52.493899,71912
13.328824,52.500392,13.318482,52.49729,71913
13.275391,52.639893,13.271052,52.575853,71918
13.377227,52.599119,13.366242,52.553466,71923
13.178081,52.509584,13.269611,52.499416,71937
13.562125,52.445188,13.519971,52.449908,71938
13.436081,52.509536,13.446574,52.521361,71938
13.364486,52.459786,13.406837,52.393097,71942
13.345202,52.490312,13.352238,52.480193,71951
13.500832,52.477528,13.469568,52.502223,71956
13.570032,52.552861,13.559631,52.497807,71972
13.452627,52.561433,13.444828,52.568242,71974
13.558758,52.531782,13.499762,52.541217,71989
13.298567,52.48359,13.230591,52.513767,71997
13.142188,52.411932,13.135658,52.396303,72003
13.60585,52.541649,13.615424,52.531812,72003
13.264309,52.495815,13.282888,52.501232,72009
13.702797,52.434895,13.688528,52.435918,72009
13.407909,52.54195,13.386447,52.51997,72011
13.341386,52.575293,13.352124,52.55033,72011
13.514007,52.563657,13.501523,52.572057,72019
13.563555,52.437835,13.500446,52.43549,72021
13.574372,52.413318,13.581272,52.392563,72027
13.309606,52.603814,13.316368,52.617121,72029
13.370572,52.488025,13.307706,52.45721,72033
13.31647,52.5669,13.300358,52.605534,72040
13.430108,52.510193,13.468879,52.534541,72042
13.487393,52.450475,13.471336,52.476677,72043
13.384523,52.595044,13.171041,52.446421,72046
13.273709,52.435895,13.279748,52.426106,72053
13.378963,52.526573,13.402979,52.498304,72064
13.401393,52.405358,13.349789,52.450707,72067
13.332707,52.474438,13.314529,52.464998,72071
13.344326,52.419116,13.319424,52.459426,72077
13.219814,52.567118,13.328668,52.527427,72086
13.298367,52.517779,13.319027,52.531202,72088
13.342423,52.446944,13.361876,52.447225,72089
13.340628,52.490499,13.339377,52.459489,72096
13.433345,52.444915,13.444537,52.470042,72099
13.306895,52.586122,13.294804,52.576405,72102
13.381272,52.443764,13.455275,52.435551,72103
13.313308,52.502066,13.335969,52.49997,72106
13.457812,52.512784,13.525904,52.489151,72107
13.515857,52.532618,13.625143,52.489321,72107
13.504065,52.646259,13.437094,52.635659,72108
13.364486,52.459786,13.36412,52.475554,72120
13.335444,52.426307,13.349567,52.437192,72123
13.398873,52.4659,13.472528,52.415853,72127
13.314646,52.552271,13.259221,52.518688,72128
13.29597,52.495913,13.308655,52.504553,72133
13.258175,52.44344,13.259286,52.430828,72145
13.362801,52.546622,13.353186,52.615465,72150
13.56288,52.540804,13.590833,52.505084,72156
13.323886,52.456122,13.305941,52.476588,72158
13.475341,52.465716,13.456079,52.473747,72160
13.308487,52.482033,13.290228,52.477309,72162
13.445956,52.472029,13.468049,52.441163,72165
13.354207,52.41921,13.538011,52.409959,72165
13.538902,52.486997,13.597175,52.452925,72166
13.458088,52.464169,13.48159,52.473025,72172
13.311023,52.476244,13.382231,52.489858,72175
13.410236,52.399258,13.410154,52.420649,72179
13.481191,52.538665,13.494984,52.542041,72181
13.432739,52.517288,13.426755,52.515814,72181
13.306688,52.4859,13.287432,52.503043,72183
13.29325,52.512092,13.326706,52.53711,72190
13.481329,52.460869,13.511645,52.454616,72193
13.478829,52.440732,13.49869,52.41494,72193
13.479151,52.621265,13.454087,52.601525,72205
13.540315,52.435157,13.523836,52.425502,72210
13.540315,52.435157,13.525315,52.421502,72210
13.272695,52.519496,13.270166,52.536527,72221
13.385753,52.470773,13.420353,52.461671,72224
13.258884,52.548133,13.358737,52.526277,72232
13.397948,52.538806,13.399184,52.553567,72233
13.373485,52.556878,13.380292,52.583015,72239
13.278098,52.526466,13.435814,52.483737,72243
13.412809,52.507723,13.410298,52.521746,72245
13.331345,52.49658,13.363766,52.478389,72246
13.43299,52.605935,13.396629,52.588224,72259
13.547977,52.573004,13.431975,52.622753,72260
13.356032,52.472438,13.257564,52.513816,72262
13.349045,52.489387,13.285441,52.508475,72265
13.324777,52.532279,13.322577,52.48557,72265
13.480459,52.535295,13.574041,52.54417,72267
13.38101,52.511037,13.412809,52.507723,72269
13.289184,52.510555,13.205435,52.419743,72270
13.523907,52.45312,13.266474,52.438427,72274
13.333273,52.462982,13.313443,52.499162,72280
13.493679,52.516183,13.570178,52.555276,72287
13.295987,52.529479,13.28841,52.491672,72293
13.612475,52.454146,13.595009,52.414551,72295
13.558622,52.450132,13.589451,52.422274,72297
13.314482,52.474292,13.342276,52.46049,72297
13.402345,52.512601,13.304229,52.526666,72301
13.35549,52.519394,13.191397,52.547699,72304
13.295172,52.491284,13.320497,52.48642,72313
13.371494,52.510546,13.339145,52.526455,72315
13.546876,52.553489,13.5812,52.548533,72316
13.236554,52.510012,13.249632,52.509434,72325
13.365605,52.525371,13.319027,52.531202,72327
13.318758,52.520285,13.336106,52.514222,72350
13.31884,52.492029,13.330268,52.445302,72351
13.232365,52.437664,13.218634,52.428217,72357
13.379276,52.461331,13.45348,52.480627,72358
13.38219,52.531262,13.396089,52.53828,72358
13.283953,52.578626,13.293053,52.576568,72362
13.356424,52.595073,13.347702,52.574412,72369
13.270185,52.505548,13.230892,52.548769,72380
13.241518,52.622234,13.225395,52.623903,72383
13.319027,52.531202,13.341645,52.526283,72385
13.489259,52.467393,13.508031,52.466804,72387
13.328503,52.471187,13.529026,52.426361,72403
13.458348,52.485843,13.432525,52.479005,72415
13.306533,52.528833,13.301289,52.422698,72419
13.545591,52.440103,13.329841,52.482379,72434
13.132517,52.522467,13.127849,52.459306,72435
13.518081,52.421909,13.288785,52.479329,72451
13.277667,52.431898,13.274864,52.421413,72452
13.412134,52.54314,13.403637,52.52311,72453
13.524543,52.405118,13.478833,52.430747,72468
13.471496,52.535227,13.507013,52.571727,72476
13.574372,52.413318,13.642862,52.373316,72477
13.433254,52.460671,13.228743,52.52831,72478
13.473268,52.422593,13.433492,52.444913,72479
13.418016,52.498817,13.448147,52.481385,72481
13.427881,52.467431,13.423883,52.463462,72490
13.436081,52.509536,13.417503,52.532723,72508
13.438907,52.555427,13.432295,52.581462,72512
13.396089,52.53828,13.421539,52.539505,72513
13.32573,52.505702,13.306458,52.535251,72521
13.519422,52.506976,13.594925,52.509487,72521
13.132122,52.51973,13.186554,52.504781,72529
13.371902,52.578897,13.332915,52.578094,72530
13.205342,52.56218,13.207472,52.538765,72537
13.463656,52.521538,13.434498,52.531934,72539
13.384047,52.495175,13.318284,52.482796,72549
13.356373,52.490202,13.335844,52.465748,72550
13.298239,52.438972,13.319992,52.456292,72558
13.49987,52.498993,13.467317,52.502727,72561
13.385015,52.439793,13.361876,52.447225,72565
13.466495,52.442207,13.461093,52.446507,72565
13.357563,52.437532,13.436616,52.466328,72569
13.282247,52.490346,13.341796,52.475162,72570
13.196601,52.535227,13.221776,52.526297,72580
13.196601,52.535227,13.159726,52.535756,72580
13.526013,52.589574,13.576577,52.561437,72594
13.42494,52.457913,13.413501,52.38972,72600
13.586222,52.538166,13.535366,52.511426,72603
13.3504,52.565727,13.209443,52.419549,72616
13.400613,52.463237,13.365263,52.41786,72622
13.174128,52.550748,13.13399,52.519604,72632
13.268857,52.590742,13.490105,52.645501,72645
13.273709,52.435895,13.27731,52.422609,72653
13.410108,52.43023,13.196556,52.547647,72656
13.680738,52.424049,13.667653,52.408865,72663
13.369021,52.56554,13.405325,52.590683,72665
13.235263,52.539574,13.206552,52.418644,72669
13.330871,52.606525,13.324378,52.588012,72678
13.268651,52.41545,13.264549,52.441072,72679
13.485247,52.531739,13.579501,52.515599,72693
13.453861,52.542114,13.45011,52.531645,72699
13.320346,52.48138,13.307153,52.500094,72706
13.414664,52.54116,13.393623,52.564668,72715
13.433492,52.444913,13.466456,52.433508,72722
13.382367,52.504523,13.425836,52.503387,72723
13.375864,52.429744,13.354838,52.448905,72727
13.688528,52.435918,13.643072,52.456035,72727
13.326086,52.482808,13.449705,52.432519,72734
13.339143,52.553965,13.308936,52.547697,72745
13.340766,52.461648,13.331182,52.48728,72746
13.250015,52.521877,13.272185,52.498804,72752
13.463815,52.522767,13.509585,52.496308,72758
13.354456,52.538467,13.361668,52.503829,72774
13.338606,52.559588,13.208399,52.517798,72786
13.342301,52.477259,13.374797,52.460188,72793
13.507541,52.510579,13.463758,52.629482,72803
13.476038,52.479503,13.449204,52.48219,72803
13.273694,52.542294,13.399606,52.49456,72810
13.332827,52.506629,13.37317,52.508558,72821
13.612194,52.512039,13.62039,52.485387,72824
13.608308,52.53953,13.623363,52.530086,72824
13.500812,52.427199,13.356101,52.607074,72826
13.5123,52.562905,13.471631,52.537957,72836
13.36345,52.476712,13.4555,52.453092,72838
13.292426,52.519147,13.278143,52.506702,72846
13.295199,52.599785,13.246085,52.537628,72853
13.142156,52.537356,13.133583,52.548977,72858
13.142156,52.537356,13.132122,52.51973,72858
13.520949,52.572052,13.627111,52.491972,72860
13.606921,52.374736,13.586526,52.440693,72875
13.393371,52.573461,13.438711,52.551241,72876
13.298076,52.509909,13.287564,52.47581,72893
13.343693,52.558596,13.308882,52.416997,72895
13.296439,52.529331,13.247906,52.548824,72903
13.60223,52.532108,13.544642,52.544882,72909
13.344602,52.570978,13.377159,52.572024,72920
13.508318,52.493709,13.553234,52.447912,72921
13.335969,52.49997,13.313308,52.502066,72921
13.430295,52.49555,13.494965,52.44168,72939
13.466601,52.50998,13.514887,52.572489,72954
13.241437,52.473194,13.42708,52.552182,72955
13.536212,52.433026,13.523609,52.412545,72959
13.283295,52.473268,13.300596,52.488007,72967
13.337289,52.469264,13.345251,52.47408,72967
13.315794,52.496529,13.356373,52.490202,72970
13.474943,52.416856,13.473974,52.425703,72975
13.387555,52.420944,13.392486,52.421137,72975
13.334908,52.464968,13.25071,52.437938,72978
13.501523,52.572057,13.514007,52.563657,72987
13.353294,52.416758,13.408631,52.379802,72990
13.340262,52.590664,13.33316,52.560404,72994
13.308948,52.494583,13.303411,52.505016,73007
13.180052,52.504532,13.196601,52.535227,73008
13.493705,52.544736,13.531272,52.510589,73016
13.467946,52.504382,13.461595,52.51804,73022
13.439013,52.541109,13.472447,52.547779,73031
13.439013,52.541109,13.447921,52.547067,73031
13.19976,52.53541,13.219575,52.513891,73033
13.54255,52.486482,13.519522,52.477011,73035
13.587759,52.521519,13.606467,52.527467,73042
13.420622,52.565875,13.381568,52.552273,73043
13.534775,52.425972,13.552859,52.430571,73048
13.387437,52.549032,13.40465,52.53728,73059
13.49644,52.415786,13.505333,52.409742,73060
13.47092,52.463758,13.537694,52.435065,73092
13.489107,52.536939,13.467728,52.546427,73092
13.415108,52.538458,13.196028,52.560225,73095
13.422519,52.452199,13.387492,52.439512,73099
13.32325,52.573133,13.360896,52.594141,73102
13.540315,52.435157,13.534775,52.425972,73110
13.374501,52.423298,13.364052,52.414333,73130
13.299286,52.513473,13.266519,52.518897,73136
13.511691,52.522893,13.540601,52.525459,73146
13.492962,52.438551,13.511645,52.454616,73161
13.271917,52.481857,13.170855,52.545793,73162
13.333439,52.423185,13.316817,52.491341,73163
13.197637,52.545668,13.289353,52.587186,73189
13.349567,52.437192,13.361876,52.447225,73200
13.329777,52.408972,13.321656,52.479892,73200
13.196601,52.535227,13.208399,52.517798,73216
13.404002,52.568698,13.384237,52.556034,73243
13.421717,52.548202,13.363625,52.522805,73261
13.434854,52.430256,13.416159,52.392438,73262
13.367652,52.551859,13.383795,52.523254,73283
13.207472,52.538765,13.193967,52.546775,73293
13.343725,52.553374,13.317512,52.559852,73297
13.345934,52.516205,13.36288,52.52445,73309
13.292049,52.470162,13.381362,52.427379,73309
13.467317,52.502727,13.486294,52.493359,73310
13.247018,52.52686,13.167126,52.483594,73310
13.397998,52.510712,13.415029,52.52088,73314
13.293752,52.548188,13.412774,52.557566,73321
13.604592,52.538682,13.612405,52.519415,73325
13.562712,52.446007,13.599993,52.442605,73340
13.307916,52.442451,13.28599,52.463236,73352
13.282888,52.501232,13.268736,52.47977,73369
13.410298,52.521746,13.425749,52.53434,73386
13.473974,52.425703,13.463685,52.451041,73399
13.358972,52.537697,13.302154,52.521269,73400
13.48453,52.524486,13.455673,52.52205,73407
13.250015,52.521877,13.328319,52.53294,73413
13.273967,52.470808,13.290288,52.457734,73434
13.303851,52.499475,13.297164,52.47344,73450
13.426755,52.515814,13.457062,52.524837,73451
13.445276,52.538813,13.349353,52.508572,73452
13.442735,52.570515,13.418673,52.476682,73453
13.416142,52.501437,13.397476,52.421357,73454
13.272588,52.480646,13.366911,52.546538,73461
13.308655,52.504553,13.480888,52.446441,73464
13.312527,52.435291,13.348353,52.460987,73494
13.427633,52.566941,13.255937,52.519765,73495
13.427198,52.544469,13.438131,52.530344,73527
13.380724,52.454924,13.293305,52.483881,73530
13.368162,52.50902,13.427078,52.535771,73537
13.385486,52.588149,13.364189,52.563807,73553
13.306187,52.592088,13.32829,52.454356,73554
13.358083,52.591441,13.42153,52.562485,73574
13.196601,52.535227,13.181231,52.55118,73576
13.196601,52.535227,13.194738,52.523625,73576
13.245738,52.427997,13.430292,52.59787,73581
13.502968,52.443484,13.265196,52.456433,73582
13.516159,52.558911,13.470764,52.555197,73583
13.295566,52.492169,13.335396,52.501468,73589
13.526806,52.401287,13.45348,52.480627,73595
13.326875,52.448863,13.506515,52.405188,73599
13.444284,52.463691,13.464786,52.464257,73602
13.643072,52.456035,13.625466,52.456952,73602
13.444828,52.568242,13.550162,52.506164,73609
13.5347,52.451299,13.542779,52.450125,73610
13.225395,52.623903,13.250484,52.610376,73618
13.36412,52.475554,13.39195,52.460095,73620
13.287531,52.475703,13.287758,52.515181,73632
13.326825,52.539607,13.374943,52.570953,73638
13.535366,52.511426,13.429449,52.521219,73661
13.339304,52.424134,13.406202,52.398992,73671
13.30122,52.464265,13.288767,52.443955,73680
13.339576,52.433118,13.312639,52.496915,73681
13.336173,52.514958,13.35366,52.493442,73693
13.319027,52.531202,13.494984,52.542041,73694
13.33625,52.441289,13.309627,52.476314,73702
13.468256,52.53267,13.413299,52.506926,73704
13.431497,52.483169,13.420798,52.554001,73727
13.595009,52.414551,13.452715,52.631865,73733
13.632303,52.520427,13.501246,52.483203,73742
13.499256,52.518171,13.475515,52.513553,73744
13.414665,52.501319,13.346629,52.492704,73748
13.51286,52.44759,13.511379,52.429688,73759
13.410117,52.510586,13.408068,52.489346,73760
13.467104,52.485294,13.450826,52.484075,73763
13.292008,52.549564,13.419982,52.502253,73767
13.305586,52.483494,13.308418,52.49014,73768
13.667653,52.408865,13.680738,52.424049,73775
13.45011,52.531645,13.417138,52.460982,73780
13.431835,52.520283,13.392882,52.524981,73791
13.634653,52.538468,13.656172,52.527096,73793
13.39944,52.504619,13.434439,52.523316,73794
13.423883,52.463462,13.427389,52.482212,73799
13.249632,52.509434,13.350566,52.454464,73810
13.319027,52.531202,13.245834,52.522514,73820
13.447612,52.517529,13.453556,52.514158,73826
13.504589,52.423277,13.566226,52.398695,73831
13.419781,52.39314,13.284291,52.4357,73831
13.521533,52.564639,13.576237,52.547449,73846
13.136391,52.545248,13.195036,52.55194,73855
13.375783,52.510649,13.39279,52.54257,73862
13.312991,52.415316,13.252275,52.430382,73863
13.55381,52.503536,13.51557,52.537555,73871
13.608656,52.537369,13.556732,52.557009,73874
13.156429,52.419235,13.179649,52.421827,73881
13.461093,52.446507,13.513472,52.405791,73886
13.129227,52.548705,13.140995,52.540342,73888
13.207472,52.538765,13.198406,52.548464,73893
13.452762,52.512433,13.454987,52.528475,73895
13.572633,52.52705,13.555412,52.513428,73897
13.345251,52.47408,13.323329,52.44982,73914
13.380841,52.535242,13.435462,52.521731,73929
13.363495,52.457721,13.357747,52.437782,73934
13.630217,52.509042,13.588781,52.512706,73949
13.351561,52.578062,13.357976,52.595163,73961
13.385467,52.452792,13.42291,52.558649,73969
13.263277,52.453649,13.330189,52.596701,73971
13.625532,52.457545,13.596379,52.444748,73977
13.41724,52.601379,13.470153,52.530328,73980
13.30367,52.49634,13.332827,52.506629,73982
13.408777,52.511995,13.41219,52.498536,73983
13.261877,52.518839,13.290597,52.51905,73988
13.375864,52.429744,13.447841,52.463108,73993
13.307967,52.572099,13.296844,52.542582,74023
13.523667,52.552586,13.513607,52.566583,74027
13.344638,52.598155,13.455136,52.541442,74035
13.373485,52.556878,13.366087,52.57457,74039
13.33316,52.560404,13.31766,52.542154,74047
13.519189,52.513459,13.516816,52.537791,74056
13.691614,52.451611,13.700741,52.466265,74061
13.349535,52.493363,13.392495,52.413049,74064
13.344749,52.461486,13.368018,52.424713,74067
13.353807,52.500136,13.381115,52.478232,74068
13.438167,52.482747,13.456079,52.473747,74075
13.459176,52.444572,13.485265,52.415199,74078
13.451009,52.571402,13.449309,52.603894,74085
13.353216,52.449239,13.337763,52.473698,74088
13.434498,52.531934,13.603478,52.544099,74088
13.28841,52.491672,13.287162,52.433817,74103
13.518897,52.576688,13.536882,52.587295,74114
13.394394,52.462007,13.37907,52.448131,74119
13.377159,52.572024,13.340655,52.59678,74130
13.377913,52.55325,13.506149,52.568044,74135
13.263521,52.411326,13.259286,52.430828,74139
13.478702,52.48169,13.319535,52.467073,74139
13.440532,52.516357,13.439013,52.541109,74146
13.551943,52.549154,13.496104,52.443616,74163
13.44211,52.488523,13.467317,52.502727,74175
13.365079,52.503196,13.46029,52.523988,74176
13.317512,52.559852,13.343725,52.553374,74182
13.282069,52.47259,13.3082,52.496164,74188
13.304229,52.526666,13.376933,52.572808,74200
13.623823,52.491847,13.579289,52.508852,74217
13.269611,52.499416,13.202501,52.565579,74226
13.196601,52.535227,13.187339,52.520222,74233
13.344948,52.486837,13.510172,52.476465,74246
13.303506,52.537557,13.30798,52.552228,74247
13.507232,52.438693,13.511645,52.454616,74274
13.467317,52.502727,13.454083,52.479721,74276
13.284089,52.518681,13.259686,52.514863,74283
13.314278,52.453111,13.391801,52.461427,74287
13.612405,52.519415,13.604592,52.538682,74290
13.182641,52.543878,13.208939,52.532648,74295
13.403715,52.503373,13.393037,52.514994,74296
13.343781,52.525297,13.297565,52.542035,74308
13.319378,52.492778,13.487982,52.4374,74309
13.27626,52.493584,13.259314,52.492615,74310
13.319992,52.456292,13.336911,52.445605,74326
13.347013,52.480702,13.36412,52.475554,74330
13.461114,52.524409,13.459453,52.548057,74354
13.355018,52.540438,13.36998,52.515857,74354
13.297116,52.478806,13.301649,52.488759,74359
13.317416,52.41089,13.282489,52.477914,74367
13.272185,52.498804,13.213573,52.553702,74405
13.554855,52.492666,13.593739,52.414397,74446
13.334336,52.487901,13.318568,52.418975,74453
13.478833,52.430747,13.429025,52.477303,74466
13.50111,52.483106,13.597916,52.438454,74472
13.300596,52.488007,13.278509,52.468584,74479
13.300596,52.488007,13.306301,52.470356,74479
13.436506,52.551897,13.427198,52.544469,74492
13.48159,52.473025,13.329152,52.436067,74493
13.340681,52.516911,13.440275,52.548571,74498
13.434946,52.481042,13.448889,52.497238,74505
13.250484,52.610376,13.220786,52.613238,74508
13.467317,52.502727,13.488092,52.49472,74510
13.329739,52.523847,13.481214,52.609313,74550
13.49644,52.415786,13.528882,52.4184,74560
13.589173,52.428425,13.40709,52.513129,74569
13.583897,52.509617,13.610122,52.53432,74581
13.309977,52.46335,13.19781,52.435053,74602
13.442844,52.465075,13.453788,52.469425,74608
13.271917,52.481857,13.272226,52.509894,74610
13.366242,52.553466,13.581235,52.551956,74649
13.469383,52.460488,13.291856,52.488678,74655
13.666917,52.414663,13.642723,52.377488,74669
13.28334,52.589983,13.2324,52.582032,74692
13.601814,52.473309,13.579619,52.458922,74708
13.446847,52.526957,13.287531,52.475703,74714
13.277816,52.509672,13.381715,52.514714,74715
13.306458,52.535251,13.337401,52.598471,74722
13.273709,52.435895,13.270672,52.448906,74735
13.295861,52.481184,13.31179,52.479768,74748
13.296844,52.542582,13.312213,52.604612,74752
13.431981,52.505757,13.416464,52.511004,74762
13.452631,52.518717,13.46781,52.565668,74775
13.489259,52.467393,13.530432,52.460567,74787
13.345934,52.516205,13.334879,52.524733,74789
13.329584,52.456265,13.354838,52.448905,74793
13.207472,52.538765,13.186983,52.54911,74793
13.307504,52.618477,13.318191,52.625234,74799
13.295281,52.567053,13.531436,52.40218,74836
13.613165,52.526477,13.606153,52.539847,74846
13.274864,52.421413,13.32193,52.422748,74848
13.18666,52.432191,13.24962,52.427489,74855
13.408578,52.425611,13.385142,52.422266,74857
13.379973,52.571901,13.371417,52.590766,74860
13.328458,52.534628,13.310135,52.539452,74888
13.444281,52.559675,13.446258,52.51174,74894
13.431425,52.538927,13.444685,52.579136,74895
13.299775,52.525043,13.328458,52.534628,74909
13.381851,52.39696,13.519309,52.450321,74910
13.257963,52.413272,13.30183,52.429082,74917
13.536882,52.587295,13.518897,52.576688,74919
13.540315,52.435157,13.554712,52.451047,74940
13.305385,52.449884,13.491944,52.434115,74940
13.322994,52.499936,13.232136,52.516367,74943
13.53767,52.530143,13.60623,52.532683,74947
13.479755,52.565627,13.50727,52.571894,74950
13.31918,52.443889,13.476145,52.448873,74957
13.409727,52.617466,13.443922,52.590479,74958
13.444537,52.470042,13.457143,52.453395,74960
13.366859,52.532061,13.375455,52.503903,74989
13.373106,52.47296,13.421077,52.481866,74998
13.412963,52.497844,13.453702,52.485568,75008
13.45675,52.547461,13.427198,52.544469,75012
13.292563,52.483664,13.539449,52.403154,75034
13.387437,52.549032,13.393384,52.533854,75045
13.338719,52.620375,13.358941,52.506143,75055
13.503021,52.436401,13.506229,52.412759,75059
13.303409,52.432291,13.272992,52.629512,75059
13.293053,52.576568,13.241235,52.526085,75069
13.484158,52.463179,13.20658,52.533678,75078
13.312305,52.483231,13.31997,52.505182,75088
13.592492,52.519595,13.574876,52.513126,75122
13.41176,52.459824,13.459176,52.444572,75123
13.243832,52.421394,13.292179,52.479112,75133
13.500717,52.543712,13.690141,52.435428,75138
13.292311,52.441427,13.590734,52.438713,75142
13.289712,52.472273,13.440102,52.466726,75155
13.338349,52.526437,13.308136,52.518318,75156
13.544113,52.513019,13.445528,52.549163,75162
13.302808,52.51551,13.327784,52.522063,75186
13.344328,52.526324,13.459821,52.522277,75192
13.500362,52.441234,13.489259,52.467393,75201
13.478175,52.440093,13.375864,52.429744,75240
13.480459,52.535295,13.405427,52.489162,75241
13.271052,52.575853,13.252045,52.599899,75246
13.196601,52.535227,13.194034,52.521017,75253
13.241253,52.509504,13.356424,52.595073,75259
13.691614,52.451611,13.702334,52.464462,75261
13.521542,52.491176,13.666041,52.422998,75267
13.434439,52.523316,13.242278,52.560935,75270
13.341796,52.475162,13.380743,52.434388,75272
13.444094,52.452468,13.439159,52.472112,75275
13.407062,52.447244,13.385753,52.470773,75280
13.506515,52.405188,13.3869,52.461403,75288
13.441791,52.468871,13.4605,52.468156,75295
13.278336,52.458071,13.260641,52.478248,75317
13.642862,52.373316,13.574372,52.413318,75324
13.385142,52.422266,13.349882,52.405643,75332
13.445528,52.549163,13.409616,52.547367,75336
13.220786,52.613238,13.227775,52.604467,75348
13.336998,52.488284,13.335315,52.481796,75382
13.625143,52.489321,13.554851,52.426177,75395
13.170855,52.545793,13.144841,52.541976,75412
13.379039,52.544492,13.353174,52.529378,75418
13.267344,52.418034,13.394411,52.426714,75423
13.333831,52.595626,13.3189,52.576112,75441
13.198704,52.545334,13.337521,52.476424,75445
13.380789,52.512433,13.407185,52.48613,75447
13.307706,52.45721,13.308048,52.436985,75454
13.35637,52.568975,13.353374,52.583748,75458
13.606153,52.539847,13.613165,52.526477,75462
13.410298,52.521746,13.428895,52.537726,75510
13.323951,52.525413,13.271469,52.438256,75518
13.4536,52.551616,13.412695,52.582614,75518
13.491189,52.433504,13.148809,52.556766,75520
13.30798,52.552228,13.291593,52.510313,75523
13.332827,52.506629,13.358941,52.506143,75533
13.358267,52.553513,13.381568,52.552273,75536
13.278875,52.580559,13.338183,52.451675,75540
13.568839,52.426351,13.540315,52.435157,75542
13.381115,52.478232,13.363837,52.497333,75543
13.254933,52.5161,13.305749,52.533677,75546
13.603017,52.523793,13.612194,52.512039,75558
13.283476,52.47643,13.31179,52.479768,75569
13.385033,52.583633,13.389029,52.510296,75575
13.338977,52.586761,13.262189,52.479876,75577
13.247906,52.548824,13.270264,52.51439,75588
13.391149,52.431902,13.443618,52.481081,75603
13.286151,52.495984,13.295573,52.478895,75610
13.44884,52.475588,13.407883,52.489088,75612
13.334879,52.524733,13.345934,52.516205,75619
13.27928,52.414517,13.335844,52.465748,75622
13.615995,52.378306,13.459277,52.434289,75636
13.346629,52.492704,13.309853,52.481955,75640
13.297565,52.542035,13.328458,52.534628,75648
13.557116,52.505812,13.52462,52.513757,75664
13.473315,52.53409,13.477582,52.547491,75670
13.367403,52.497409,13.36288,52.52445,75684
13.39279,52.54257,13.375783,52.510649,75693
13.524543,52.405118,13.23425,52.420946,75702
13.316368,52.617121,13.169633,52.544196,75709
13.246178,52.426393,13.364753,52.571979,75719
13.546929,52.569225,13.564054,52.556822,75724
13.428779,52.547767,13.437696,52.549959,75744
13.329617,52.500302,13.279484,52.50472,75756
13.523713,52.4969,13.527829,52.489917,75757
13.357747,52.437782,13.264152,52.428754,75777
13.320732,52.564444,13.309282,52.568211,75792
13.288785,52.479329,13.457849,52.428456,75793
13.226574,52.50706,13.277816,52.509672,75795
13.469188,52.518629,13.462781,52.579399,75808
13.610122,52.53432,13.583897,52.509617,75828
13.482841,52.526377,13.521947,52.513127,75849
13.327659,52.42848,13.330791,52.420698,75865
13.32193,52.422748,13.569456,52.475154,75865
13.543506,52.545256,13.556934,52.56061,75878
13.140515,52.530344,13.1243,52.535316,75880
13.426163,52.477554,13.467231,52.441776,75891
13.316817,52.491341,13.286402,52.51968,75914
13.382329,52.485004,13.57836,52.554017,75941
13.388508,52.450788,13.234259,52.540574,75959
13.334454,52.517521,13.243902,52.505234,75969
13.442502,52.590828,13.483261,52.582973,75978
13.425509,52.479179,13.419592,52.506122,75986
13.398682,52.561886,13.418447,52.56565,75986
13.489259,52.467393,13.512864,52.462698,75987
13.271304,52.497349,13.395334,52.582766,75991
13.267599,52.498584,13.435235,52.470479,76017
13.339925,52.526437,13.408136,52.5343,76020
13.245834,52.522514,13.198406,52.548464,76021
13.360268,52.481404,13.373188,52.487887,76034
13.555412,52.513428,13.572656,52.533476,76036
13.6264,52.508609,13.588781,52.512706,76042
13.485265,52.415199,13.488092,52.49472,76058
13.289535,52.50293,13.264812,52.483066,76063
13.347298,52.594404,13.351561,52.578062,76068
13.227775,52.604467,13.252462,52.609348,76073
13.385753,52.470773,13.349482,52.467094,76076
13.537203,52.534481,13.572293,52.543097,76077
13.574372,52.413318,13.621939,52.381415,76077
13.31766,52.542154,13.340262,52.590664,76078
13.417993,52.515461,13.406678,52.505756,76083
13.560258,52.513832,13.53634,52.525802,76088
13.380112,52.410444,13.35292,52.420887,76123
13.284089,52.518681,13.256146,52.519862,76125
13.365849,52.455816,13.442666,52.464133,76143
13.418673,52.476682,13.432414,52.470144,76143
13.456507,52.442591,13.389636,52.495918,76144
13.352238,52.480193,13.385476,52.467109,76150
13.301462,52.511346,13.341876,52.492318,76170
13.321045,52.523828,13.600754,52.410042,76170
13.564711,52.485364,13.430022,52.503489,76173
13.196601,52.535227,13.168141,52.550708,76177
13.196601,52.535227,13.204678,52.521269,76177
13.329357,52.575572,13.484301,52.536891,76188
13.356373,52.490202,13.315794,52.496529,76201
13.439159,52.472112,13.347872,52.481348,76203
13.375455,52.503903,13.366859,52.532061,76214
13.502741,52.568438,13.453766,52.546824,76232
13.470582,52.504376,13.598725,52.505014,76249
13.273709,52.435895,13.280533,52.421721,76253
13.394064,52.508799,13.406678,52.505756,76260
13.46781,52.565668,13.528144,52.567717,76269
13.264549,52.441072,13.302354,52.419945,76275
13.298999,52.504246,13.292379,52.497453,76288
13.42153,52.562485,13.299995,52.518525,76297
13.519189,52.513459,13.509177,52.538087,76306
13.429518,52.576391,13.464868,52.572085,76314
13.413299,52.506926,13.414104,52.526949,76335
13.417703,52.464849,13.287997,52.519834,76356
13.315202,52.607293,13.322632,52.537417,76367
13.295633,52.479416,13.357037,52.478287,76372
13.396613,52.511636,13.299416,52.52085,76376
13.506229,52.412759,13.506515,52.405188,76381
13.41219,52.498536,13.487607,52.492147,76403
13.306221,52.471148,13.51284,52.494164,76404
13.301484,52.495142,13.199568,52.528906,76409
13.338748,52.448954,13.38787,52.502958,76417
13.490164,52.46979,13.500812,52.427199,76424
13.287959,52.659357,13.305972,52.642373,76433
13.332827,52.506629,13.338525,52.485705,76439
13.365263,52.41786,13.400613,52.463237,76451
13.303762,52.458647,13.322308,52.462377,76456
13.272115,52.442329,13.31193,52.4162,76466
13.32829,52.454356,13.237696,52.42118,76476
13.268047,52.546849,13.225178,52.558525,76487
13.566298,52.57137,13.540801,52.588781,76510
13.186554,52.504781,13.302824,52.536441,76520
13.337763,52.473698,13.429317,52.518498,76523
13.449705,52.432519,13.390722,52.436535,76524
13.309853,52.481955,13.295364,52.463754,76535
13.310135,52.539452,13.328458,52.534628,76538
13.33445,52.498468,13.306638,52.51749,76539
13.510642,52.572157,13.521006,52.567719,76549
13.384218,52.510011,13.481662,52.496176,76584
13.287564,52.47581,13.295579,52.506135,76587
13.552859,52.430571,13.186983,52.54911,76593
13.337401,52.598471,13.270207,52.590979,76605
13.366087,52.57457,13.364189,52.563807,76627
13.439013,52.541109,13.428046,52.526566,76632
13.353307,52.492008,13.365445,52.528743,76646
13.314401,52.574661,13.366115,52.554582,76672
13.327461,52.50305,13.394768,52.520788,76678
13.310844,52.481612,13.302258,52.486452,76683
13.194053,52.545606,13.239901,52.525812,76686
13.301649,52.488759,13.297116,52.478806,76691
13.441642,52.501236,13.471047,52.496677,76695
13.392486,52.421137,13.40399,52.409866,76729
13.391252,52.513973,13.330682,52.493163,76739
13.417705,52.376503,13.395381,52.386682,76743
13.459453,52.548057,13.426551,52.547254,76750
13.383795,52.523254,13.411884,52.587225,76754
13.329841,52.482379,13.45152,52.526136,76771
13.425127,52.51924,13.314605,52.465078,76786
13.559163,52.430479,13.401118,52.44256,76805
13.642723,52.377488,13.536073,52.511398,76813
13.279484,52.50472,13.269611,52.499416,76843
13.532719,52.39935,13.521176,52.412298,76848
13.411017,52.553812,13.343657,52.561768,76850
13.273709,52.435895,13.289411,52.426738,76853
13.303411,52.505016,13.294043,52.515517,76855
13.326801,52.527574,13.298188,52.469727,76887
13.471047,52.496677,13.454233,52.522175,76890
13.337845,52.497765,13.303411,52.505016,76900
13.467317,52.502727,13.480729,52.490328,76910
13.506515,52.405188,13.503021,52.436401,76912
13.477688,52.526513,13.494918,52.540532,76913
13.556934,52.56061,13.543506,52.545256,76949
13.39864,52.403333,13.316926,52.471838,76986
13.185459,52.523171,13.3854,52.583099,77007
13.288456,52.524439,13.545526,52.407596,77012
13.247736,52.417542,13.260967,52.521545,77014
13.365319,52.525644,13.455535,52.47955,77020
13.350132,52.596367,13.407516,52.564207,77031
13.385181,52.449282,13.454903,52.476458,77035
13.252462,52.609348,13.286891,52.633568,77035
13.187339,52.520222,13.208939,52.532648,77043
13.292379,52.497453,13.252462,52.609348,77050
13.4131,52.589242,13.378672,52.558184,77051
13.405427,52.489162,13.461117,52.446345,77056
13.446258,52.51174,13.444281,52.559675,77066
13.427389,52.482212,13.427881,52.467431,77089
13.36998,52.515857,13.355018,52.540438,77119
13.1243,52.535316,13.140515,52.530344,77143
13.419592,52.506122,13.342028,52.490537,77151
13.477582,52.547491,13.473315,52.53409,77152
13.447921,52.547067,13.427198,52.544469,77153
13.316742,52.425762,13.343218,52.439718,77169
13.196601,52.535227,13.209525,52.571601,77173
13.218861,52.524781,13.190843,52.536489,77176
13.340975,52.58841,13.253845,52.519275,77184
13.434887,52.471534,13.427881,52.49149,77186
13.503181,52.400476,13.54136,52.417923,77186
13.600856,52.527975,13.436695,52.613124,77211
13.346701,52.459882,13.345021,52.459784,77240
13.322411,52.486408,13.332925,52.495259,77258
13.572656,52.533476,13.505789,52.405889,77263
13.480873,52.438091,13.449254,52.452378,77270
13.492047,52.585775,13.412393,52.535166,77270
13.469383,52.460488,13.484842,52.409192,77276
13.263624,52.487311,13.324841,52.491342,77292
13.371417,52.590766,13.360706,52.570875,77302
13.579739,52.416248,13.54549,52.558936,77315
13.461066,52.492316,13.492949,52.547639,77329
13.634592,52.387173,13.574372,52.413318,77339
13.331616,52.429541,13.369247,52.429722,77357
13.456338,52.442818,13.455793,52.423187,77363
13.282888,52.501232,13.260337,52.512412,77389
13.550461,52.520917,13.497774,52.503199,77409
13.308136,52.518318,13.394003,52.459891,77421
13.504879,52.465856,13.46629,52.469235,77429
13.294043,52.515517,13.423253,52.50686,77429
13.381568,52.552273,13.468434,52.556969,77444
13.385182,52.498487,13.45615,52.496834,77449
13.40947,52.589249,13.382189,52.59872,77449
13.393623,52.564668,13.427588,52.560561,77451
13.329868,52.577813,13.228495,52.548452,77501
13.549593,52.432609,13.457734,52.478391,77504
13.519189,52.513459,13.535994,52.494791,77506
13.389673,52.398549,13.41303,52.400258,77548
13.371857,52.548665,13.359239,52.522478,77554
13.252045,52.599899,13.237696,52.42118,77554
13.345021,52.459784,13.307546,52.440406,77572
13.622817,52.509305,13.638065,52.529559,77580
13.591628,52.544987,13.614623,52.540496,77583
13.535129,52.432348,13.409418,52.533377,77588
13.417138,52.460982,13.308304,52.483824,77592
13.236135,52.548067,13.207353,52.544662,77606
13.425074,52.487102,13.445188,52.482275,77609
13.457213,52.478667,13.448721,52.490356,77621
13.566226,52.398695,13.504589,52.423277,77636
13.297164,52.47344,13.333511,52.493221,77638
13.501246,52.483203,13.484272,52.50327,77655
13.418447,52.56565,13.398682,52.561886,77663
13.479581,52.491223,13.478705,52.516884,77687
13.387173,52.457922,13.349274,52.446839,77693
13.453766,52.546824,13.516816,52.537791,77693
13.425199,52.521459,13.383436,52.516509,77700
13.270264,52.51439,13.28126,52.524248,77712
13.498964,52.436452,13.330682,52.493163,77717
13.158499,52.531697,13.694718,52.373059,77733
13.329569,52.56794,13.519007,52.577325,77766
13.339181,52.500032,13.302187,52.50795,77790
13.248225,52.538234,13.250205,52.551901,77793
13.338036,52.427428,13.303504,52.449438,77800
13.355918,52.520863,13.335969,52.49997,77802
13.564054,52.556822,13.404209,52.561335,77812
13.270207,52.590979,13.313555,52.515284,77821
13.312639,52.496915,13.343409,52.472556,77838
13.532565,52.510923,13.537203,52.534481,77858
13.341876,52.492318,13.301462,52.511346,77863
13.324378,52.588012,13.301304,52.583694,77873
13.264812,52.483066,13.391208,52.423516,77923
13.306458,52.535251,13.284089,52.518681,77926
13.328843,52.454135,13.271577,52.458863,77932
13.454233,52.522175,13.471047,52.496677,77939
13.517634,52.536729,13.554561,52.523137,77990
13.430127,52.588274,13.412337,52.567376,77996
13.548462,52.550781,13.567239,52.550183,78001
13.334076,52.430151,13.421148,52.466704,78076
13.338968,52.481404,13.273474,52.468018,78086
13.348224,52.451471,13.334008,52.46247,78096
13.19976,52.53541,13.152565,52.498116,78133
13.382189,52.59872,13.267379,52.44229,78136
13.421974,52.505105,13.388654,52.494186,78137
13.606516,52.527997,13.581995,52.550535,78150
13.30155,52.529256,13.231423,52.50931,78164
13.449294,52.514902,13.500415,52.505062,78166
13.56259,52.536368,13.487858,52.537494,78167
13.136391,52.545248,13.273808,52.514694,78174
13.19734,52.515816,13.196601,52.535227,78176
13.488738,52.416656,13.245036,52.509419,78178
13.427881,52.49149,13.403715,52.503373,78201
13.30244,52.486117,13.426785,52.465368,78202
13.419579,52.547752,13.439013,52.541109,78210
13.376585,52.509417,13.345374,52.526313,78221
13.276893,52.47172,13.306518,52.480671,78235
13.412555,52.590192,13.347865,52.507097,78242
13.308948,52.494583,13.342301,52.477259,78248
13.261331,52.443227,13.308651,52.629698,78252
13.50132,52.413621,13.45385,52.45526,78261
13.355073,52.491961,13.286402,52.51968,78267
13.336616,52.610019,13.332339,52.598474,78319
13.144841,52.541976,13.250015,52.521877,78322
13.376933,52.572808,13.347503,52.59486,78338
13.303297,52.475287,13.302175,52.486633,78384
13.28126,52.524248,13.312264,52.51049,78385
13.295573,52.478895,13.279484,52.504702,78385
13.243721,52.578579,13.246883,52.435202,78388
13.37963,52.591039,13.363757,52.581229,78397
13.325465,52.449427,13.441509,52.432359,78417
13.305972,52.642373,13.448356,52.432644,78432
13.60623,52.532683,13.595642,52.420285,78433
13.563251,52.452067,13.540315,52.435157,78439
13.448721,52.490356,13.342335,52.499161,78484
13.4947,52.559678,13.523373,52.50963,78489
13.448793,52.488045,13.418016,52.498817,78499
13.314529,52.464998,13.503141,52.48006,78520
13.091331,52.413455,13.179649,52.421827,78520
13.352238,52.480193,13.328044,52.479883,78526
13.286891,52.633568,13.384413,52.556014,78531
13.359239,52.522478,13.311925,52.518393,78531
13.449309,52.603894,13.469342,52.600007,78561
13.321622,52.478751,13.339078,52.471445,78610
13.463685,52.451041,13.456235,52.484251,78616
13.190843,52.536489,13.218861,52.524781,78625
13.521947,52.513127,13.482841,52.526377,78658
13.528144,52.567717,13.429842,52.523776,78665
13.56808,52.427341,13.540315,52.435157,78692
13.334008,52.46247,13.544486,52.452664,78702
13.270687,52.515267,13.091331,52.413455,78706
13.302187,52.50795,13.330646,52.462697,78736
13.406178,52.415798,13.393398,52.386687,78740
13.369864,52.542882,13.387437,52.549032,78763
13.450826,52.484075,13.509507,52.463937,78781
13.179649,52.421827,13.218475,52.425666,78793
13.31179,52.479768,13.342146,52.461543,78799
13.562161,52.486099,13.608978,52.526022,78799
13.254415,52.506714,13.284089,52.518681,78805
13.307546,52.440406,13.289235,52.440355,78816
13.437094,52.635659,13.406989,52.558803,78847
13.360307,52.509839,13.590631,52.41869,78862
13.432448,52.483877,13.45221,52.525148,78888
13.572007,52.560258,13.541565,52.542891,78898
13.45615,52.496834,13.385182,52.498487,78900
13.54136,52.417923,13.344208,52.519019,78904
13.479174,52.484353,13.522754,52.644088,78910
13.27731,52.422609,13.305009,52.406309,78910
13.345677,52.464909,13.321422,52.465218,78955
13.455793,52.423187,13.456338,52.442818,78961
13.395381,52.386682,13.419963,52.381436,78972
13.381362,52.427379,13.335262,52.483963,78998
13.3362,52.49205,13.333312,52.526997,79002
13.590302,52.529528,13.585979,52.545719,79004
13.461093,52.446507,13.456079,52.473747,79020
13.298197,52.465044,13.300596,52.488007,79058
13.186013,52.544833,13.214726,52.508962,79083
13.411965,52.541102,13.427198,52.544469,79105
13.419314,52.48745,13.416464,52.511004,79107
13.339145,52.526455,13.382329,52.485004,79107
13.319424,52.459426,13.344326,52.419116,79113
13.194248,52.55548,13.133266,52.52982,79139
13.544626,52.457506,13.43115,52.499216,79157
13.401175,52.485087,13.430152,52.439902,79201
13.328044,52.479883,13.353938,52.499604,79203
13.35052,52.549477,13.36468,52.547795,79238
13.371312,52.436592,13.453939,52.482491,79254
13.306518,52.480671,13.451291,52.521421,79258
13.574678,52.425195,13.558627,52.406965,79268
13.332621,52.516346,13.298094,52.519481,79272
13.30331,52.430908,13.275006,52.460425,79274
13.300596,52.488007,13.319517,52.487609,79279
13.579289,52.508852,13.623823,52.491847,79283
13.630898,52.387358,13.574372,52.413318,79301
13.313555,52.515284,13.316903,52.519353,79304
13.389673,52.398549,13.405359,52.393753,79348
13.678553,52.419172,13.467766,52.464049,79355
13.521176,52.412298,13.453695,52.473758,79373
13.207472,52.538765,13.203014,52.565484,79383
13.330682,52.493163,13.353918,52.499424,79399
13.195036,52.55194,13.181532,52.475695,79420
13.540623,52.43598,13.554466,52.441146,79427
13.373485,52.556878,13.379294,52.582685,79439
13.363766,52.478389,13.511379,52.429688,79458
13.307012,52.484934,13.31997,52.505182,79485
13.454083,52.479721,13.366513,52.4597,79508
13.414134,52.451734,13.24688,52.602011,79512
13.333381,52.607521,13.317097,52.528788,79514
13.432295,52.581462,13.36832,52.541112,79523
13.463357,52.45446,13.485629,52.450947,79529
13.414372,52.540786,13.440928,52.522158,79536
13.357202,52.504671,13.478417,52.537684,79577
13.460064,52.4932,13.426198,52.499105,79601
13.316903,52.519353,13.32573,52.505702,79606
13.46717,52.517765,13.4576,52.545977,79615
13.308936,52.547697,13.335353,52.557342,79624
13.218475,52.425666,13.194153,52.430884,79643
13.363478,52.413387,13.383435,52.417047,79643
13.40709,52.513129,13.508355,52.548504,79669
13.265196,52.456433,13.239278,52.559124,79690
13.408134,52.506152,13.418077,52.480114,79692
13.511379,52.429688,13.174819,52.513732,79704
13.279484,52.504702,13.266262,52.502292,79710
13.426785,52.465368,13.333436,52.439155,79741
13.554851,52.426177,13.312004,52.513647,79754
13.30074,52.470417,13.290155,52.496947,79759
13.419314,52.48745,13.385892,52.487361,79766
13.371109,52.558712,13.344002,52.536888,79771
13.269611,52.499416,13.300503,52.517755,79807
13.353374,52.583748,13.304452,52.566988,79824
13.453702,52.485568,13.412963,52.497844,79831
13.457734,52.478391,13.479763,52.501889,79843
13.566515,52.499234,13.481557,52.448832,79847
13.378672,52.558184,13.4131,52.589242,79870
13.581995,52.550535,13.543674,52.452171,79877
13.592977,52.447481,13.533015,52.433697,79887
13.544642,52.544882,13.543246,52.530709,79890
13.188561,52.527831,13.175364,52.471775,79893
13.509507,52.463937,13.467104,52.485294,79895
13.461117,52.446345,13.436976,52.465182,79900
13.354151,52.534283,13.495081,52.564823,79955
13.456235,52.484251,13.478046,52.417788,79958
13.319992,52.456292,13.319863,52.443612,80026
13.352356,52.448053,13.365276,52.45584,80045
13.399606,52.49456,13.442456,52.4901,80074
13.268006,52.529594,13.284089,52.518681,80084
13.438745,52.542352,13.437,52.520984,80157
13.207353,52.544662,13.24116,52.435613,80227
13.558976,52.445571,13.560545,52.48869,80228
13.312264,52.51049,13.318656,52.478999,80255
13.491255,52.621104,13.497453,52.627047,80256
13.278143,52.506702,13.299923,52.521581,80263
13.524543,52.405118,13.512414,52.405364,80264
13.268893,52.404402,13.30769,52.449733,80324
13.250015,52.521877,13.306699,52.463459,80325
13.285441,52.508475,13.349045,52.489387,80341
13.428115,52.48011,13.306619,52.475152,80353
13.574876,52.513126,13.572633,52.52705,80359
13.279803,52.541006,13.456448,52.500048,80361
13.287432,52.503043,13.337749,52.461116,80393
13.469825,52.483454,13.373938,52.571387,80397
13.328308,52.508181,13.371387,52.477321,80405
13.414372,52.540786,13.484982,52.536568,80426
13.295364,52.463754,13.414665,52.501319,80436
13.596379,52.444748,13.622656,52.528909,80438
13.329777,52.408972,13.313686,52.4184,80444
13.563251,52.452067,13.294415,52.448989,80453
13.225178,52.558525,13.268047,52.546849,80469
13.393307,52.496999,13.461438,52.436509,80473
13.300503,52.517755,13.390968,52.544613,80481
13.455136,52.541442,13.355018,52.540438,80482
13.326108,52.485513,13.373063,52.503724,80485
13.36468,52.547795,13.35052,52.549477,80496
13.608978,52.526022,13.562161,52.486099,80497
13.330682,52.493163,13.459176,52.444572,80543
13.498652,52.434191,13.455535,52.47955,80554
13.49644,52.415786,13.482076,52.409973,80560
13.284089,52.518681,13.2574,52.518905,80583
13.390722,52.436535,13.332468,52.458237,80584
13.446178,52.424941,13.545591,52.440103,80606
13.279839,52.420614,13.260573,52.444475,80618
13.30183,52.429082,13.292504,52.481652,80638
13.332827,52.506629,13.323301,52.49153,80639
13.289235,52.440355,13.476678,52.422587,80640
13.4363,52.457991,13.447772,52.442645,80652
13.186042,52.543161,13.146297,52.539589,80655
13.24962,52.427489,13.399611,52.396886,80656
13.168141,52.550708,13.243989,52.513016,80657
13.258933,52.43183,13.331081,52.489294,80663
13.577239,52.553169,13.541565,52.542891,80690
13.273808,52.514694,13.136391,52.545248,80698
13.382844,52.54221,13.307502,52.525722,80704
13.597563,52.442926,13.593328,52.441311,80711
13.454987,52.528475,13.442555,52.53135,80716
13.366513,52.4597,13.554629,52.564649,80718
13.281551,52.51097,13.322539,52.448975,80750
13.133266,52.52982,13.128246,52.531153,80753
13.543246,52.530709,13.60223,52.532108,80770
13.447841,52.463108,13.53573,52.418338,80780
13.523609,52.412545,13.416159,52.392438,80837
13.333312,52.526997,13.317422,52.566674,80848
13.356619,52.427873,13.151569,52.555751,80864
13.403715,52.503373,13.434887,52.471534,80873
13.316926,52.471838,13.300596,52.488007,80911
13.442456,52.4901,13.38357,52.4359,80931
13.332127,52.50927,13.335151,52.525449,80974
13.322632,52.537417,13.315202,52.607293,80982
13.462781,52.579399,13.594049,52.533693,80982
13.351099,52.451671,13.317316,52.448449,80990
13.443922,52.590479,13.405325,52.590683,81018
13.457912,52.504686,13.487714,52.518416,81041
13.475515,52.513553,13.481191,52.538665,81043
13.437,52.520984,13.412445,52.532649,81057
13.275006,52.460425,13.288222,52.588879,81121
13.347872,52.481348,13.280389,52.482134,81146
13.364574,52.556739,13.379973,52.571901,81164
13.313745,52.518166,13.303411,52.505016,81173
13.133154,52.411543,13.179649,52.421827,81180
13.128246,52.531153,13.194248,52.55548,81181
13.4159,52.400404,13.459176,52.444572,81184
13.45385,52.45526,13.434827,52.45658,81193
13.343175,52.533464,13.395689,52.520113,81196
13.343657,52.561768,13.50329,52.575854,81242
13.329584,52.456265,13.369518,52.44986,81245
13.512414,52.405364,13.311554,52.497053,81258
13.419982,52.502253,13.385605,52.47356,81306
13.299923,52.521581,13.317699,52.428771,81314
13.533015,52.433697,13.592977,52.447481,81333
13.387437,52.549032,13.396878,52.537156,81351
13.384413,52.556014,13.380227,52.498734,81368
13.373063,52.503724,13.338719,52.620375,81397
13.35968,52.488582,13.331415,52.503751,81406
13.313249,52.422997,13.301331,52.411661,81477
13.32255,52.487116,13.483271,52.576269,81483
13.497453,52.627047,13.491255,52.621104,81500
13.333511,52.493221,13.347013,52.480702,81515
13.425964,52.480944,13.522718,52.506898,81515
13.266262,52.502292,13.286151,52.495984,81521
13.306,52.525765,13.341349,52.520463,81570
13.418077,52.480114,13.408134,52.506152,81601
13.471336,52.476677,13.351756,52.439998,81622
13.447346,52.48836,13.4605,52.468156,81650
13.337352,52.541637,13.358972,52.537697,81660
13.260641,52.478248,13.278336,52.458071,81679
13.461438,52.436509,13.449254,52.452378,81684
13.302154,52.521269,13.358972,52.537697,81727
13.439498,52.517188,13.410945,52.533188,81754
13.553181,52.469383,13.567382,52.47271,81758
13.45221,52.525148,13.432448,52.483877,81765
13.468249,52.601296,13.49896,52.613215,81783
13.447772,52.442645,13.4363,52.457991,81798
13.346098,52.51916,13.327456,52.524358,81845
13.486555,52.552141,13.427998,52.540074,81863
13.256696,52.485992,13.319126,52.499629,81891
13.277921,52.429011,13.188779,52.423497,81892
13.361846,52.436719,13.191397,52.547699,81908
13.480729,52.490328,13.441642,52.501236,81915
13.375501,52.470021,13.393166,52.49345,81933
13.318568,52.418975,13.32327,52.451276,81945
13.434827,52.45658,13.553234,52.447912,82008
13.519309,52.450321,13.545096,52.434384,82052
13.375864,52.429744,13.319366,52.489453,82054
13.280389,52.482134,13.444094,52.452468,82071
13.359153,52.419926,13.327659,52.42848,82072
13.128612,52.528777,13.195036,52.55194,82123
13.437696,52.549959,13.527772,52.510338,82152
13.196052,52.552982,13.183141,52.538337,82155
13.353918,52.499424,13.391252,52.513973,82251
13.303504,52.449438,13.276347,52.448305,82251
13.360896,52.594141,13.32325,52.573133,82266
13.322308,52.462377,13.303762,52.458647,82286
13.304452,52.566988,13.35637,52.568975,82381
13.407516,52.564207,13.431695,52.54135,82396
13.335353,52.557342,13.339143,52.553965,82426
13.332468,52.458237,13.335378,52.516899,82466
13.42291,52.558649,13.555391,52.557017,82558
13.335151,52.525449,13.332127,52.50927,82600
13.426551,52.547254,13.441697,52.532134,82611
13.291447,52.475211,13.330174,52.477289,82629
13.49896,52.613215,13.468249,52.601296,82637
13.410945,52.533188,13.439498,52.517188,82638
13.702334,52.464462,13.607521,52.453028,82659
13.395689,52.520113,13.343175,52.533464,82661
13.560545,52.48869,13.558976,52.445571,82674
13.43115,52.499216,13.467317,52.502727,82729
13.545096,52.434384,13.410786,52.413263,82778
13.51098,52.484148,13.489259,52.467393,82814
13.574372,52.413318,13.585085,52.391964,82827
13.146297,52.539589,13.186042,52.543161,82869
13.409418,52.533377,13.281149,52.513851,82887
13.527099,52.39954,13.49644,52.415786,82894
13.295861,52.481184,13.282628,52.506474,82909
13.387492,52.439512,13.404708,52.418117,82918
13.478417,52.537684,13.357202,52.504671,82938
13.476678,52.422587,13.14725,52.551838,82951
13.380292,52.583015,13.373729,52.563283,82954
13.316934,52.47262,13.240149,52.607762,83000
13.13399,52.519604,13.444039,52.426989,83055
13.53573,52.418338,13.49644,52.415786,83083
13.276347,52.448305,13.377071,52.413787,83102
13.234259,52.540574,13.40132,52.444292,83128
13.286402,52.51968,13.333439,52.423185,83164
13.320814,52.451798,13.322696,52.464027,83174
13.396358,52.49104,13.394497,52.501541,83198
13.264528,52.50906,13.379495,52.445259,83265
13.259686,52.514863,13.290155,52.496947,83298
13.414104,52.526949,13.42428,52.417415,83318
13.351161,52.504588,13.352238,52.480193,83348
13.357884,52.532542,13.328458,52.534628,83357
13.305808,52.507892,13.314447,52.472117,83395
13.524034,52.496383,13.529065,52.510258,83445
13.358779,52.543855,13.23089,52.440699,83508
13.441697,52.532134,13.594723,52.518136,83511
13.487651,52.463351,13.496104,52.443616,83536
13.459176,52.444572,13.178408,52.525083,83544
13.259314,52.492615,13.330838,52.486134,83644
13.585979,52.545719,13.539449,52.544769,83646
13.487607,52.492147,13.470546,52.438876,83673
13.431695,52.54135,13.360441,52.519427,83697
13.566298,52.57137,13.540801,52.588781,83710
13.390968,52.544613,13.331322,52.503114,83716
13.347013,52.480702,13.303851,52.499475,83751
13.183141,52.538337,13.196052,52.552982,83803
13.395365,52.503382,13.436081,52.509536,83812
13.606715,52.533441,13.591061,52.508137,83816
13.447612,52.517529,13.415029,52.52088,83849
13.373938,52.571387,13.469825,52.483454,83851
13.195036,52.55194,13.128612,52.528777,83869
13.721056,52.438918,13.725272,52.417367,83870
13.454903,52.476458,13.385181,52.449282,83880
13.36832,52.541112,13.317375,52.566593,83912
13.319366,52.489453,13.36045,52.597363,83914
13.440928,52.522158,13.414372,52.540786,83959
13.444537,52.470042,13.448629,52.449033,83960
13.364392,52.50999,13.425199,52.521459,84105
13.325958,52.518659,13.207361,52.565323,84124
13.30719,52.468594,13.300596,52.488007,84207
13.258442,52.418732,13.255102,52.411901,84220
13.335378,52.516899,13.320314,52.478819,84258
13.498995,52.49709,13.53028,52.490119,84282
13.331081,52.489294,13.258933,52.43183,84301
13.461066,52.492316,13.455158,52.50782,84317
13.376792,52.478822,13.444592,52.474867,84357
13.401883,52.391143,13.364157,52.420138,84375
13.484301,52.536891,13.475515,52.513553,84396
13.248225,52.538234,13.239278,52.559124,84483
13.484982,52.536568,13.491004,52.538101,84506
13.478705,52.516884,13.479581,52.491223,84510
13.374501,52.423298,13.354753,52.42216,84530
13.357037,52.478287,13.268531,52.482388,84655
13.40399,52.409866,13.391208,52.423516,84674
13.405526,52.509814,13.410298,52.521746,84680
13.497986,52.584262,13.52324,52.551333,84840
13.503141,52.48006,13.378502,52.48503,84884
13.491004,52.538101,13.414372,52.540786,84894
13.311715,52.487147,13.282628,52.506474,84943
13.456079,52.473747,13.477233,52.462026,84959
13.540315,52.435157,13.554466,52.441146,84960
13.335346,52.460963,13.36412,52.475554,85021
13.289791,52.633221,13.283282,52.655085,85094
13.24976,52.531046,13.318698,52.458751,85104
13.20544,52.547988,13.150769,52.543222,85152
13.53028,52.490119,13.498995,52.49709,85203
13.394497,52.501541,13.461438,52.436509,85280
13.391208,52.423516,13.407835,52.500017,85363
13.564685,52.438584,13.506229,52.412759,85433
13.360441,52.519427,13.373086,52.485066,85448
13.597916,52.438454,13.588989,52.526607,85549
13.444592,52.474867,13.492096,52.519915,85556
13.210508,52.544647,13.228243,52.507779,85558
13.299781,52.47334,13.301712,52.509816,85638
13.311023,52.476244,13.314256,52.472128,85676
13.196601,52.535227,13.194053,52.545606,85687
13.51557,52.537555,13.599239,52.444512,85702
13.521202,52.501794,13.365263,52.41786,85706
13.321422,52.465218,13.354058,52.477161,85716
13.330838,52.486134,13.27626,52.493584,85792
13.456448,52.500048,13.327456,52.524358,85803
13.543674,52.452171,13.565723,52.559371,85965
13.416556,52.460728,13.460474,52.44114,86004
13.315524,52.577686,13.280021,52.572818,86099
13.435814,52.483737,13.460001,52.610251,86154
13.479579,52.52666,13.456337,52.522958,86172
13.301331,52.411661,13.313249,52.422997,86225
13.394411,52.426714,13.319946,52.496034,86243
13.243989,52.513016,13.190689,52.513367,86330
13.354058,52.477161,13.351073,52.510367,86352
13.471038,52.615354,13.481549,52.624488,86493
13.271979,52.603775,13.350239,52.461064,86515
13.399257,52.51324,13.417869,52.506593,86564
13.324172,52.44555,13.321833,52.450951,86614
13.51284,52.494164,13.509518,52.536006,86661
13.253845,52.519275,13.493166,52.562708,86683
13.448889,52.497238,13.445848,52.472345,86816
13.42428,52.417415,13.468256,52.53267,86894
13.506229,52.412759,13.564685,52.438584,86921
13.52324,52.551333,13.566701,52.554136,86968
13.150769,52.543222,13.20544,52.547988,87066
13.591061,52.508137,13.606715,52.533441,87199
13.351073,52.510367,13.345677,52.464909,87368
13.547977,52.573004,13.587611,52.509666,87414
13.30769,52.449733,13.484971,52.533621,87471
13.143848,52.546299,13.292386,52.553901,87497
13.458213,52.50532,13.40267,52.622115,87566
13.436976,52.465182,13.461117,52.446345,87585
13.321276,52.584479,13.221392,52.423758,87603
13.574372,52.413318,13.640549,52.347769,87627
13.607521,52.453028,13.702334,52.464462,87639
13.190689,52.513367,13.146297,52.539589,87679
13.385605,52.47356,13.361986,52.434578,87713
13.383435,52.417047,13.363478,52.413387,87772
13.427998,52.540074,13.486555,52.552141,87782
13.19976,52.53541,13.174241,52.53014,87823
13.228243,52.507779,13.210508,52.544647,87859
13.324841,52.491342,13.482614,52.461904,87868
13.511645,52.454616,13.520904,52.462892,87902
13.36288,52.52445,13.367403,52.497409,87976
13.414469,52.557096,13.387437,52.549032,88094
13.393398,52.386687,13.387038,52.430225,88119
13.496104,52.443616,13.487651,52.463351,88164
13.554629,52.564649,13.548884,52.568616,88371
13.320245,52.497639,13.328319,52.53294,88456
13.314256,52.472128,13.330188,52.485071,88581
13.351756,52.439998,13.487393,52.450475,88613
13.460001,52.610251,13.647454,52.340464,88837
13.424194,52.390148,13.452597,52.444455,88902
13.364157,52.420138,13.401883,52.391143,88908
13.259286,52.430828,13.265025,52.410456,88956
13.146297,52.539589,13.180283,52.494446,88979
13.207472,52.538765,13.191177,52.549885,88983
13.373729,52.563283,13.380292,52.583015,88986
13.373086,52.485066,13.32624,52.486455,89055
13.548884,52.568616,13.553474,52.549089,89090
13.456337,52.522958,13.479579,52.52666,89136
13.553474,52.549089,13.588842,52.526636,89638
13.330188,52.485071,13.311023,52.476244,89731
13.317097,52.528788,13.339799,52.617074,89814
13.455158,52.50782,13.481289,52.510048,89868
13.405427,52.489162,13.38936,52.496973,90190
13.439013,52.541109,13.424014,52.560855,90288
13.566701,52.554136,13.521517,52.573545,90356
13.32624,52.486455,13.350132,52.596367,90448
13.38936,52.496973,13.405427,52.489162,90720
13.588842,52.526636,13.454083,52.479721,90782
13.298144,52.550162,13.293101,52.578697,90872
13.599239,52.444512,13.578653,52.419579,90914
13.452597,52.444455,13.424194,52.390148,91049
13.492096,52.519915,13.459334,52.529365,91056
13.450145,52.436963,13.41219,52.498536,91088
13.509518,52.536006,13.521507,52.556649,91231
13.329592,52.451187,13.328373,52.471278,91323
13.301712,52.509816,13.299781,52.47334,91333
13.451226,52.486838,13.437535,52.485037,91364
13.578653,52.419579,13.55381,52.503536,91968
13.342276,52.46049,13.282826,52.438412,91981
13.437535,52.485037,13.451226,52.486838,92087
13.293101,52.578697,13.298144,52.550162,92233
13.459334,52.529365,13.376792,52.478822,92603
13.481289,52.510048,13.461066,52.492316,92688
13.180283,52.494446,13.190493,52.51593,92754
13.445848,52.472345,13.448889,52.497238,93401
13.521507,52.556649,13.355997,52.506195,93697
13.190493,52.51593,13.168141,52.550708,94111
13.451226,52.486838,13.453245,52.481978,94154
13.171235,52.520194,13.196601,52.535227,95158
13.460474,52.44114,13.416556,52.460728,95377
13.355997,52.506195,13.315713,52.475087,96204
13.292386,52.553901,13.143848,52.546299,96244
13.314923,52.469326,13.299871,52.487889,96732
13.453245,52.481978,13.451226,52.486838,97824
13.299871,52.487889,13.314923,52.469326,98322
13.339078,52.471445,13.321622,52.478751,99209
